DOI,Abstract,Label,Cleaned_Abstract
10.2307/2953656,"Proposals for 'inflation targeting' as a strategy for monetary policy leave open the important operational question of how to determine whether current policies are consistent with the long-run inflation target. An interesting possibility is that the central bank might target current private-sector forecasts of inflation, either those made explicitly by professional forecasters or those implicit in asset prices. We address the issue of existence and uniqueness of rational expectations equilibria when the central bank uses private-sector forecasts as a guide to policy actions. In a dynamic model which incorporates both sluggish price adjustment and shocks to aggregate demand and aggregate supply, we show that strict targeting of inflation forecasts is typically inconsistent with the existence of rational expectations equilibrium, and that policies approximating strict inflation-forecast targeting are likely to have undesirable properties. We also show that economies with more general forecast-based policy rules are particularly susceptible to indeterminacy of rational expectations equilibria. We conclude that, although private-sector forecasts may contain information useful to the central bank, ultimately the monetary authorities must rely on an explicit structural model of the economy to guide their policy decisions.",1,proposals for inflation targeting as a strategy for monetary policy leave open the important operational question of how to determine whether current policies are consistent with the longrun inflation target an interesting possibility is that the central bank might target current privatesector forecasts of inflation either those made explicitly by professional forecasters or those implicit in asset prices we address the issue of existence and uniqueness of rational expectations equilibria when the central bank uses privatesector forecasts as a guide to policy actions in a dynamic model which incorporates both sluggish price adjustment and shocks to aggregate demand and aggregate supply we show that strict targeting of inflation forecasts is typically inconsistent with the existence of rational expectations equilibrium and that policies approximating strict inflationforecast targeting are likely to have undesirable properties we also show that economies with more general forecastbased policy rules are particularly susceptible to indeterminacy of rational expectations equilibria we conclude that although privatesector forecasts may contain information useful to the central bank ultimately the monetary authorities must rely on an explicit structural model of the economy to guide their policy decisions
10.1111/j.1538-4616.2007.00014.x,"We examine whether the U.S. rate of price inflation has become harder to forecast and, to the extent that it has, what changes in the inflation process have made it so. The main finding is that the univariate inflation process is well described by an unobserved component trend‐cycle model with stochastic volatility or, equivalently, an integrated moving average process with time‐varying parameters. This model explains a variety of recent univariate inflation forecasting puzzles and begins to explain some multivariate inflation forecasting puzzles as well.",1,we examine whether the us rate of price inflation has become harder to forecast and to the extent that it has what changes in the inflation process have made it so the main finding is that the univariate inflation process is well described by an unobserved component trend‐cycle model with stochastic volatility or equivalently an integrated moving average process with time‐varying parameters this model explains a variety of recent univariate inflation forecasting puzzles and begins to explain some multivariate inflation forecasting puzzles as well
,"a speech at the Monetary Economics Workshop of the National Bureau of Economic Research Summer Institute, Cambridge, Massachusetts",1,a speech at the monetary economics workshop of the national bureau of economic research summer institute cambridge massachusetts
10.3386/w9747,"We examine to what extent variants of inflation-forecast targeting can avoid stabilization bias, incorporate history-dependence, and achieve determinacy of equilibrium, so as to reproduce a socially optimal equilibrium. We also evaluate these variants in terms of the transparency of the connection with the ultimate policy goals and the robustness to model perturbations. A suitably designed inflation-forecast targeting rule can achieve the social optimum and at the same time have a more transparent connection to policy goals and be more robust than competing instrument rules.",1,we examine to what extent variants of inflationforecast targeting can avoid stabilization bias incorporate historydependence and achieve determinacy of equilibrium so as to reproduce a socially optimal equilibrium we also evaluate these variants in terms of the transparency of the connection with the ultimate policy goals and the robustness to model perturbations a suitably designed inflationforecast targeting rule can achieve the social optimum and at the same time have a more transparent connection to policy goals and be more robust than competing instrument rules
10.1080/07350015.2012.727718,"This article revisits the accuracy of inflation forecasting using activity and expectations variables. We apply Bayesian model averaging across different regression specifications selected from a set of potential predictors that includes lagged values of inflation, a host of real activity data, term structure data, (relative) price data, and surveys. In this model average, we can entertain different channels of structural instability, by either incorporating stochastic breaks in the regression parameters of each individual specification within this average, or allowing for breaks in the error variance of the overall model average, or both. Thus, our framework simultaneously addresses structural change and model uncertainty that would unavoidably affect any inflation forecast model. The different versions of our framework are used to model U.S. personal consumption expenditures (PCE) deflator and gross domestic product (GDP) deflator inflation rates for the 1960–2011 period. A real-time inflation forecast evaluation shows that averaging over many predictors in a model that at least allows for structural breaks in the error variance results in very accurate point and density forecasts, especially for the post-1984 period. Our framework is especially useful when forecasting, in real-time, the likelihood of lower-than-usual inflation rates over the medium term. This article has online supplementary materials.",1,this article revisits the accuracy of inflation forecasting using activity and expectations variables we apply bayesian model averaging across different regression specifications selected from a set of potential predictors that includes lagged values of inflation a host of real activity data term structure data relative price data and surveys in this model average we can entertain different channels of structural instability by either incorporating stochastic breaks in the regression parameters of each individual specification within this average or allowing for breaks in the error variance of the overall model average or both thus our framework simultaneously addresses structural change and model uncertainty that would unavoidably affect any inflation forecast model the different versions of our framework are used to model us personal consumption expenditures pce deflator and gross domestic product gdp deflator inflation rates for the – period a realtime inflation forecast evaluation shows that averaging over many predictors in a model that at least allows for structural breaks in the error variance results in very accurate point and density forecasts especially for the post period our framework is especially useful when forecasting in realtime the likelihood of lowerthanusual inflation rates over the medium term this article has online supplementary materials
10.21034/qr.2511,"This study evaluates the conventional wisdom that modern Phillips curve-based models are useful tools for forecasting inflation. These models are based on the non-accelerating inflation rate of unemployment (the NAIRU). The study compares the accuracy, over the last 15 years, of three sets of inflation forecasts from NAIRU models to the naive forecast that at any date inflation will be the same over the next year as it has been over the last year. The conventional wisdom is wrong; none of the NAIRU forecasts is more accurate than the naive forecast. The likelihood of accurately predicting a change in the inflation rate from these three forecasts is no better than the likelihood of accurately predicting a change based on a coin flip. The forecasts include those from a textbook NAIRU model, those from two models similar to Stock and Watson's, and those produced by the Federal Reserve Board.",1,this study evaluates the conventional wisdom that modern phillips curvebased models are useful tools for forecasting inflation these models are based on the nonaccelerating inflation rate of unemployment the nairu the study compares the accuracy over the last years of three sets of inflation forecasts from nairu models to the naive forecast that at any date inflation will be the same over the next year as it has been over the last year the conventional wisdom is wrong none of the nairu forecasts is more accurate than the naive forecast the likelihood of accurately predicting a change in the inflation rate from these three forecasts is no better than the likelihood of accurately predicting a change based on a coin flip the forecasts include those from a textbook nairu model those from two models similar to stock and watsons and those produced by the federal reserve board
10.1257/002205103322436197,"Are asset prices useful predictors of inflation and real output growth? After reviewing the large literature on this topic, we undertake an empirical analysis of quarterly data for seven OECD countries spanning 1959-99. The literature review and the empirical analysis yield the same conclusions. Some asset prices predict inflation or output growth in some countries in some periods. Which series predicts what, when, and where is difficult to predict; being a good predictor historically is largely unrelated to subsequent performance. Intriguingly, forecasts that combine these individually unstable forecasts appear to improve reliably upon univariate benchmarks.",1,are asset prices useful predictors of inflation and real output growth after reviewing the large literature on this topic we undertake an empirical analysis of quarterly data for seven oecd countries spanning the literature review and the empirical analysis yield the same conclusions some asset prices predict inflation or output growth in some countries in some periods which series predicts what when and where is difficult to predict being a good predictor historically is largely unrelated to subsequent performance intriguingly forecasts that combine these individually unstable forecasts appear to improve reliably upon univariate benchmarks
10.3386/w5797,Inflation targeting is shown to imply inflation forecast targeting; the central bank’s inflation forecast becomes an explicit intermediate target. Inflation forecast targeting simplifies both implementation and monitoring of monetary policy. The weight on output stabilization determines how quickly the inflation forecast is adjusted towards the inflation target. Money growth or exchange rate targeting is generally inferior than inflation targeting and leads to higher inflation variability. Commitment to ‘target rules’ may be better than commitment to ‘instrument rules’.,1,inflation targeting is shown to imply inflation forecast targeting the central bank’s inflation forecast becomes an explicit intermediate target inflation forecast targeting simplifies both implementation and monitoring of monetary policy the weight on output stabilization determines how quickly the inflation forecast is adjusted towards the inflation target money growth or exchange rate targeting is generally inferior than inflation targeting and leads to higher inflation variability commitment to ‘target rules’ may be better than commitment to ‘instrument rules’
10.21799/frbp.wp.1998.14,"In the early 1980s, economists tested inflation forecasts and found that the forecasts were very bad. Either the surveys didn't capture forecasters' expectations or forecasters didn't have rational expectations. However, the sample period being examined consisted mostly of data from the volatile 1970s, when forecasting was extremely difficult. The question is: if we run the same types of tests that were performed 15 years ago on an updated sample, will we find the same problems with the forecasts? This paper finds that much of the empirical work from 15 years ago does not stand the test of time. The forecast errors from the surveys aren't nearly as bad today as they were in the 1970s. However, there remain some problems in the forecasts. It appears to be possible to improve inflation forecasts over some sample periods using bias regressions, and the forecasts don't pass all tests for optimality.",1,in the early s economists tested inflation forecasts and found that the forecasts were very bad either the surveys didnt capture forecasters expectations or forecasters didnt have rational expectations however the sample period being examined consisted mostly of data from the volatile s when forecasting was extremely difficult the question is if we run the same types of tests that were performed years ago on an updated sample will we find the same problems with the forecasts this paper finds that much of the empirical work from years ago does not stand the test of time the forecast errors from the surveys arent nearly as bad today as they were in the s however there remain some problems in the forecasts it appears to be possible to improve inflation forecasts over some sample periods using bias regressions and the forecasts dont pass all tests for optimality
10.2307/1992113,"Kajal Lahiri, Christie Teigland, Mark Zaporowski, Interest Rates and the Subjective Probability Distribution of Inflation Forecasts, Journal of Money, Credit and Banking, Vol. 20, No. 2 (May, 1988), pp. 233-248",1,kajal lahiri christie teigland mark zaporowski interest rates and the subjective probability distribution of inflation forecasts journal of money credit and banking vol no may pp
10.1257/jel.41.3.788,"This paper examines old and new evidence on the predictive performance of asset prices for inflation and real output growth. We first review the large literature on this topic, focusing on the past dozen years. We then undertake an empirical analysis of quarterly date on up to 38 candidate indicators (mainly asset prices) for seven OECD countries for a span of up to 41 years (1959 - 1999). The conclusions from the literature review and the empirical analysis are the same. Some asset prices predict either inflation or output growth in some countries in some periods. Which series predicts what, when and where is, however, itself difficult to predict: good forecasting performance by an indicator in one period seems to be unrelated to whether it is a useful predictor in a later period. Intriguingly, forecasts produced by combining these unstable individual forecasts appear to improve reliably upon univariate benchmarks.",1,this paper examines old and new evidence on the predictive performance of asset prices for inflation and real output growth we first review the large literature on this topic focusing on the past dozen years we then undertake an empirical analysis of quarterly date on up to candidate indicators mainly asset prices for seven oecd countries for a span of up to years the conclusions from the literature review and the empirical analysis are the same some asset prices predict either inflation or output growth in some countries in some periods which series predicts what when and where is however itself difficult to predict good forecasting performance by an indicator in one period seems to be unrelated to whether it is a useful predictor in a later period intriguingly forecasts produced by combining these unstable individual forecasts appear to improve reliably upon univariate benchmarks
10.1111/j.1538-4616.2012.00534.x,"This paper investigates the effects of media coverage about consumer price inflation on inflation forecast disagreement of German households and professional forecasters. We adopt a Bayesian learning model in which media coverage of inflation affects forecast disagreement by influencing information sets as well as predictor choice. Our empirical results show that disagreement of households depends on the heterogeneity of story content and on the reporting intensity, especially of news on rising inflation. Disagreement of professional forecasters does not depend on media coverage. With respect to the influence of macroeconomic variables, we provide evidence that disagreement of professional forecasters primarily depends on the inflation rate and on inflation volatility. The response of households to inflation is much less pronounced.",1,this paper investigates the effects of media coverage about consumer price inflation on inflation forecast disagreement of german households and professional forecasters we adopt a bayesian learning model in which media coverage of inflation affects forecast disagreement by influencing information sets as well as predictor choice our empirical results show that disagreement of households depends on the heterogeneity of story content and on the reporting intensity especially of news on rising inflation disagreement of professional forecasters does not depend on media coverage with respect to the influence of macroeconomic variables we provide evidence that disagreement of professional forecasters primarily depends on the inflation rate and on inflation volatility the response of households to inflation is much less pronounced
10.2307/2331136,"The expectations theory of the term structure is well known to give wrong signals as to the future course of long-term interest rates. One explanation involves rational time-varying term premia. However, the “anomaly” may also be due to inflation forecast errors. We study survey forecasts of inflation. It seems that the respondents' forecasts are insufficiently adaptive. Interest rates reflect expectations similar to the inflation forecasts. As a result, past survey forecast errors reliably predict premia on U.S. Government Bonds.",1,the expectations theory of the term structure is well known to give wrong signals as to the future course of longterm interest rates one explanation involves rational timevarying term premia however the “anomaly” may also be due to inflation forecast errors we study survey forecasts of inflation it seems that the respondents forecasts are insufficiently adaptive interest rates reflect expectations similar to the inflation forecasts as a result past survey forecast errors reliably predict premia on us government bonds
10.1162/003465399558193,"We test the hypothesis associated with a standard assumption in the theoretical literature on learning: that economic agents interpret information identically. We use a data set based on a survey of Israeli business executives forecasting future inflation. One of the main advantages of using this data is that a major change in the inflation regime in 1985 can be treated as a natural experiment in new beliefs formation. We develop a methodology for testing this hypothesis and find evidence that is inconsistent with the identical-interpretation hypothesis, but is consistent with the proposed alternative.",1,we test the hypothesis associated with a standard assumption in the theoretical literature on learning that economic agents interpret information identically we use a data set based on a survey of israeli business executives forecasting future inflation one of the main advantages of using this data is that a major change in the inflation regime in can be treated as a natural experiment in new beliefs formation we develop a methodology for testing this hypothesis and find evidence that is inconsistent with the identicalinterpretation hypothesis but is consistent with the proposed alternative
10.3386/w8180,"... This paper first reviews the large literature on the prediction of real economic activity and inflation using asset prices. We then undertake our own assessment of the practical value of the information in asset prices for short- to medium-term economic forecasting using data from seven developed economies,. This analysis of the literature and the data lead us to three main conclusions. First, individual asset prices (including stock returns, interest rates, interest rate spreads, housing price inflation, and exchange rates) can have statistically significant marginal predictive content for output growth at some times in some countries. Whether this predictive content can be reliably exploited is less clear, for this requires knowing apriori what asset price works when in which countries. The argument that asset prices are useful for forecasting inflation is weaker than for output growth. Second, there are great disparities between in-sample test statistics and the performance of candidate leading indicators in simulated out of sample forecasting experiments. This, along with evidence based on formal stability tests, suggests that instability of predictive relations based on asset prices and most other candidate leading indicators is the norm. Third, suitably combining the information in the various predictors appears to circumvent the worst of these instability problems, both for forecasts of output and of inflation. Forecasts of inflation that combine information from measures of real activity and output gaps are, relative to the alternatives, fairly reliable. Some modest improvements might be possible by suitably augmenting this information with asset prices. 2. A Survey of the Literature",1,this paper first reviews the large literature on the prediction of real economic activity and inflation using asset prices we then undertake our own assessment of the practical value of the information in asset prices for short to mediumterm economic forecasting using data from seven developed economies this analysis of the literature and the data lead us to three main conclusions first individual asset prices including stock returns interest rates interest rate spreads housing price inflation and exchange rates can have statistically significant marginal predictive content for output growth at some times in some countries whether this predictive content can be reliably exploited is less clear for this requires knowing apriori what asset price works when in which countries the argument that asset prices are useful for forecasting inflation is weaker than for output growth second there are great disparities between insample test statistics and the performance of candidate leading indicators in simulated out of sample forecasting experiments this along with evidence based on formal stability tests suggests that instability of predictive relations based on asset prices and most other candidate leading indicators is the norm third suitably combining the information in the various predictors appears to circumvent the worst of these instability problems both for forecasts of output and of inflation forecasts of inflation that combine information from measures of real activity and output gaps are relative to the alternatives fairly reliable some modest improvements might be possible by suitably augmenting this information with asset prices a survey of the literature
10.2307/1992046,"Douglas K. Pearce, Comparing Survey and Rational Measures of Expected Inflation: Forecast Performance and Interest Rate Effects, Journal of Money, Credit and Banking, Vol. 11, No. 4 (Nov., 1979), pp. 447-456",1,douglas k pearce comparing survey and rational measures of expected inflation forecast performance and interest rate effects journal of money credit and banking vol no nov pp
10.2202/1935-1690.1677,"This paper carries out the task of evaluating inflation forecasts from the Livingston Survey and the Survey of Professional Forecasters, using the Real-Time Data Set for Macroeconomists as a source of real-time data. We examine the magnitude and patterns of revisions to the inflation rate based on the output price index. We then run tests on the forecasts from the surveys to see how good they are. We find that there are several episodes in which forecasters made persistent forecast errors, but the episodes are so short that by the time they can be identified, they have nearly disappeared. Thus, improving on the survey forecasts seems to be very difficult in real time, and the attempt to do so leads to increased forecast errors.",1,this paper carries out the task of evaluating inflation forecasts from the livingston survey and the survey of professional forecasters using the realtime data set for macroeconomists as a source of realtime data we examine the magnitude and patterns of revisions to the inflation rate based on the output price index we then run tests on the forecasts from the surveys to see how good they are we find that there are several episodes in which forecasters made persistent forecast errors but the episodes are so short that by the time they can be identified they have nearly disappeared thus improving on the survey forecasts seems to be very difficult in real time and the attempt to do so leads to increased forecast errors
10.1111/j.1540-6261.1983.tb02495.x,ABSTRACT This study uses data from the Livingston survey of expectations to examine the Fisher hypothesis as a model relating expected stock returns and expected inflation. We show that the Fisher hypothesis holds much better for ex ante expectations than ex post realizations.,1,abstract this study uses data from the livingston survey of expectations to examine the fisher hypothesis as a model relating expected stock returns and expected inflation we show that the fisher hypothesis holds much better for ex ante expectations than ex post realizations
10.1177/002795010418900107,"In February 1996 the Bank of England and the National Institute of Economic and Social Research significantly increased the amount of information they published about the uncertainty surrounding their central projections of inflation. In effect, and in different ways, they each began to publish a density forecast of inflation, that is, an estimate of the probability distribution of possible outcomes for future inflation. The Bank represented this graphically, as a set of forecast intervals covering 10, 20, 30, …, 90 per cent of the probability distribution, coloured red, of lighter shades for the outer bands. This was done for inflation forecasts up to eight quarters ahead, and since the distribution becomes increasingly dispersed and the intervals ‘fan out’ as the forecast horizon increases, the chart became known as the ‘fan chart’ (or, rather more informally, and noting its red colour, the ‘rivers of blood’). The National Institute represented the distribution as a histogram, in the form of a table reporting the probabilities of inflation falling in various ranges. These intervals, or ‘bins’ of the histogram, have changed from time to time; those used currently are: less than 1.5 per cent, 1.5 to 2.0 per cent, 2.0 to 2.5 per cent, and so on. The forecasts refer to the fourth quarters of the current and following years, and from the beginning have included not only inflation but also real GDP growth. Fan charts for real GDP growth first appeared in the Bank's Inflation Report in November 1997.",1,in february the bank of england and the national institute of economic and social research significantly increased the amount of information they published about the uncertainty surrounding their central projections of inflation in effect and in different ways they each began to publish a density forecast of inflation that is an estimate of the probability distribution of possible outcomes for future inflation the bank represented this graphically as a set of forecast intervals covering … per cent of the probability distribution coloured red of lighter shades for the outer bands this was done for inflation forecasts up to eight quarters ahead and since the distribution becomes increasingly dispersed and the intervals ‘fan out’ as the forecast horizon increases the chart became known as the ‘fan chart’ or rather more informally and noting its red colour the ‘rivers of blood’ the national institute represented the distribution as a histogram in the form of a table reporting the probabilities of inflation falling in various ranges these intervals or ‘bins’ of the histogram have changed from time to time those used currently are less than per cent to per cent to per cent and so on the forecasts refer to the fourth quarters of the current and following years and from the beginning have included not only inflation but also real gdp growth fan charts for real gdp growth first appeared in the banks inflation report in november
10.1080/00036846.2011.566190,"We assess the power of diverse Artificial Neural-Network (ANN) models as forecasting tools for monthly inflation rates for 28 Organization for Economic Co-operation and Development (OECD) countries. In the context of short out-of-sample forecasting horizon we find that, on average, the ANN models were a superior predictor for inflation for 45% while the Autoregressive model of order one (AR1) model performed better for 23% of the countries. Furthermore, we develop arithmetic combinations of several ANN models and find that these may also serve as credible tools for forecasting inflation.",1,we assess the power of diverse artificial neuralnetwork ann models as forecasting tools for monthly inflation rates for organization for economic cooperation and development oecd countries in the context of short outofsample forecasting horizon we find that on average the ann models were a superior predictor for inflation for while the autoregressive model of order one ar model performed better for of the countries furthermore we develop arithmetic combinations of several ann models and find that these may also serve as credible tools for forecasting inflation
10.31477/rjmf.201804.42,"Inflation forecasting is an important practical problem. This paper proposes a solution to this problem for Russia using several basic machine learning methods: LASSO, Ridge, Elastic Net, Random Forest, and Boosting. Despite the fact that these methods already existed in the early 2000s, for a long time they remained almost unnoticed in the professional literature related to the forecasting of inflation in general, and Russian inflation in particular. This paper is one of the first attempts to apply machine learning methods to the forecasting of inflation in Russia. The present empirical study demonstrates that the Random Forest model and the Boosting model are at least as good at inflation forecasting as more traditional models, such as Random Walk and autoregression. The main result of this paper is the confirmation of the possibility of more accurate forecasting of inflation in Russia using machine learning methods.",1,inflation forecasting is an important practical problem this paper proposes a solution to this problem for russia using several basic machine learning methods lasso ridge elastic net random forest and boosting despite the fact that these methods already existed in the early s for a long time they remained almost unnoticed in the professional literature related to the forecasting of inflation in general and russian inflation in particular this paper is one of the first attempts to apply machine learning methods to the forecasting of inflation in russia the present empirical study demonstrates that the random forest model and the boosting model are at least as good at inflation forecasting as more traditional models such as random walk and autoregression the main result of this paper is the confirmation of the possibility of more accurate forecasting of inflation in russia using machine learning methods
10.1002/for.2901,"Abstract Motivated by the recent literature that finds that artificial neural networks (NN) can efficiently predict economic time‐series in general and inflation in particular, we investigate if the forecasting performance can be improved even further by using a particular kind of NN—a recurrent neural network. We use a long short‐term memory recurrent neural network (LSTM) that was proven to be highly efficient for sequential data and computed univariate forecasts of monthly US CPI inflation. We show that even though LSTM slightly outperforms autoregressive model (AR), NN, and Markov‐switching models, its performance is on par with the seasonal autoregressive model SARIMA. Additionally, we conduct a sensitivity analysis with respect to hyperparameters and provide a qualitative interpretation of what the networks learn by applying a novel layer‐wise relevance propagation technique.",1,abstract motivated by the recent literature that finds that artificial neural networks nn can efficiently predict economic time‐series in general and inflation in particular we investigate if the forecasting performance can be improved even further by using a particular kind of nn—a recurrent neural network we use a long short‐term memory recurrent neural network lstm that was proven to be highly efficient for sequential data and computed univariate forecasts of monthly us cpi inflation we show that even though lstm slightly outperforms autoregressive model ar nn and markov‐switching models its performance is on par with the seasonal autoregressive model sarima additionally we conduct a sensitivity analysis with respect to hyperparameters and provide a qualitative interpretation of what the networks learn by applying a novel layer‐wise relevance propagation technique
10.1080/07350015.2019.1637745,"Inflation forecasting is an important but difficult task. Here, we explore advances in machine learning (ML) methods and the availability of new datasets to forecast U.S. inflation. Despite the skepticism in the previous literature, we show that ML models with a large number of covariates are systematically more accurate than the benchmarks. The ML method that deserves more attention is the random forest model, which dominates all other models. Its good performance is due not only to its specific method of variable selection but also the potential nonlinearities between past key macroeconomic variables and inflation. Supplementary materials for this article are available online.",1,inflation forecasting is an important but difficult task here we explore advances in machine learning ml methods and the availability of new datasets to forecast us inflation despite the skepticism in the previous literature we show that ml models with a large number of covariates are systematically more accurate than the benchmarks the ml method that deserves more attention is the random forest model which dominates all other models its good performance is due not only to its specific method of variable selection but also the potential nonlinearities between past key macroeconomic variables and inflation supplementary materials for this article are available online
10.1017/s136510050705033x,"This paper compares the forecasting performance of some leading models of inflation for G-7 countries. We show that bivariate and trivariate models suggested by economic theory or statistical analysis are not much better than univariate ones. Phillips curve specifications fit well into this class. Improvements in both the MSE of the forecasts and turning point prediction are obtained with time-varying coefficients models, which exploit international interdependencies. The performance of the latter class of models is stable throughout the 1990s.",1,this paper compares the forecasting performance of some leading models of inflation for g countries we show that bivariate and trivariate models suggested by economic theory or statistical analysis are not much better than univariate ones phillips curve specifications fit well into this class improvements in both the mse of the forecasts and turning point prediction are obtained with timevarying coefficients models which exploit international interdependencies the performance of the latter class of models is stable throughout the s
10.1111/j.1468-0084.1992.mp54002003.x,"Since January 1978, the University of Michigan Survey Research Center has been collecting the monthly year-ahead inflation forecasts of U.S. consumers. Following the implications of Muthian rational expectations, the author uses L. P. Hansen and R. J. Hodrick's procedure to examine whether these data are unbiased, and whether they outperform comparable nonsurvey augmented-adaptive and naive forecasts in terms of predictive information content. It is concluded that the survey data (unlike the nonsurvey forecasts) are biased. However, they contain more predictive information than that included in the naive forecasts but lack the predictive information contained in the forecasts generated from the augmented-adaptive Phillips curve type model. Copyright 1992 by Blackwell Publishing Ltd",1,since january the university of michigan survey research center has been collecting the monthly yearahead inflation forecasts of us consumers following the implications of muthian rational expectations the author uses l p hansen and r j hodricks procedure to examine whether these data are unbiased and whether they outperform comparable nonsurvey augmentedadaptive and naive forecasts in terms of predictive information content it is concluded that the survey data unlike the nonsurvey forecasts are biased however they contain more predictive information than that included in the naive forecasts but lack the predictive information contained in the forecasts generated from the augmentedadaptive phillips curve type model copyright by blackwell publishing ltd
10.1111/j.1468-0084.2011.00639.x,"Abstract We develop a system that provides model‐based forecasts for inflation in Norway. We recursively evaluate quasi out‐of‐sample forecasts from a large suite of models from 1999 to 2009. The performance of the models are then used to derive quasi real time weights that are used to combine the forecasts. Our results indicate that a combination forecast improves upon the point forecasts from individual models. Furthermore, a combination forecast outperforms Norges Bank's own point forecast for inflation. The beneficial results are obtained using a trimmed weighted average. Some degree of trimming is required for the combination forecasts to outperform the judgmental forecasts from the policymaker.",1,abstract we develop a system that provides model‐based forecasts for inflation in norway we recursively evaluate quasi out‐of‐sample forecasts from a large suite of models from to the performance of the models are then used to derive quasi real time weights that are used to combine the forecasts our results indicate that a combination forecast improves upon the point forecasts from individual models furthermore a combination forecast outperforms norges banks own point forecast for inflation the beneficial results are obtained using a trimmed weighted average some degree of trimming is required for the combination forecasts to outperform the judgmental forecasts from the policymaker
10.1177/002795010117500106,"Given the long and variable time lags between interest rate changes and responses in output and inflation, an inflation forecast must lie at the heart of monetary policy. In the UK the Bank's inflation forecast and Report were developed when the interest rate decision still lay with the Chancellor. Its, largely unchanged, continuation has led to certain tensions once that decision was delegated to a Monetary Policy Committee of independently responsible experts. In this paper the question is raised whether such a Committee should be jointly and individually responsible for the inflation forecast, and what might be considered as alternative procedures.",1,given the long and variable time lags between interest rate changes and responses in output and inflation an inflation forecast must lie at the heart of monetary policy in the uk the banks inflation forecast and report were developed when the interest rate decision still lay with the chancellor its largely unchanged continuation has led to certain tensions once that decision was delegated to a monetary policy committee of independently responsible experts in this paper the question is raised whether such a committee should be jointly and individually responsible for the inflation forecast and what might be considered as alternative procedures
10.1109/icsssm.2015.7170251,"Analyzing inflation forecast problem, this paper proposes a SVM-based approach. Firstly, the paper reviews some former studies about inflation forecasting and predicting methodology, finding that SVM is a nonlinear adaptive data-driven model with strong approximation and generalization ability, which can be applied to complex forecasting tasks. Secondly, the paper establishes a SVM model and discusses the selection of kernel functions. Thirdly, the Particle Swarm Optimization (PSO) and the Genetic Algorithm (GA) are introduced to optimize the models. Then the SVM-based models (Fixed-SVM, PSO-SVM, GA-SVM) together with a BP neural network are employed to forecast Chinese inflation rate. The results show that the PSO-SVM performs better than BP and any other SVM-based model since its MSE of testing group is 0.006 and its absolute errors between predictions and real values are all below 0.02. It reveals that the final PSO-SVM model is promising in short-term inflation forecast.",1,analyzing inflation forecast problem this paper proposes a svmbased approach firstly the paper reviews some former studies about inflation forecasting and predicting methodology finding that svm is a nonlinear adaptive datadriven model with strong approximation and generalization ability which can be applied to complex forecasting tasks secondly the paper establishes a svm model and discusses the selection of kernel functions thirdly the particle swarm optimization pso and the genetic algorithm ga are introduced to optimize the models then the svmbased models fixedsvm psosvm gasvm together with a bp neural network are employed to forecast chinese inflation rate the results show that the psosvm performs better than bp and any other svmbased model since its mse of testing group is and its absolute errors between predictions and real values are all below it reveals that the final psosvm model is promising in shortterm inflation forecast
10.1111/j.1468-2354.2012.00704.x,"We forecast quarterly US inflation based on the generalized Phillips curve using econometric methods that incorporate dynamic model averaging. These methods not only allow for coefficients to change over time, but also allow for the entire forecasting model to change over time. We find that dynamic model averaging leads to substantial forecasting improvements over simple benchmark regressions and more sophisticated approaches such as those using time varying coefficient models. We also provide evidence on which sets of predictors are relevant for forecasting in each period.",1,we forecast quarterly us inflation based on the generalized phillips curve using econometric methods that incorporate dynamic model averaging these methods not only allow for coefficients to change over time but also allow for the entire forecasting model to change over time we find that dynamic model averaging leads to substantial forecasting improvements over simple benchmark regressions and more sophisticated approaches such as those using time varying coefficient models we also provide evidence on which sets of predictors are relevant for forecasting in each period
10.1111/j.1468-0084.2009.00544.x,"Abstract This paper investigates the empirical success of the New Keynesian Phillips Curve (NKPC) in explaining US inflation when observed measures of inflation expectations are used in conjunction with the output gap. The paper contributes to the literature by addressing the important problem of serial correlation in the stylized NKPC and developing an extended model to account for this serial correlation. Contrary to recent results indicating no role for the output gap, we find it to be a statistically significant driving variable for inflation, with this finding robust to whether the inflation expectations series used relates to individual consumers, professional forecasters or the US Fed.",1,abstract this paper investigates the empirical success of the new keynesian phillips curve nkpc in explaining us inflation when observed measures of inflation expectations are used in conjunction with the output gap the paper contributes to the literature by addressing the important problem of serial correlation in the stylized nkpc and developing an extended model to account for this serial correlation contrary to recent results indicating no role for the output gap we find it to be a statistically significant driving variable for inflation with this finding robust to whether the inflation expectations series used relates to individual consumers professional forecasters or the us fed
10.3982/ecta5771,"This paper introduces the model confidence set (MCS) and applies it to the selection of models. A MCS is a set of models that is constructed such that it will contain the best model with a given level of confidence. The MCS is in this sense analogous to a confidence interval for a parameter. The MCS acknowledges the limitations of the data, such that uninformative data yield a MCS with many models, whereas informative data yield a MCS with only a few models. The MCS procedure does not assume that a particular model is the true model; in fact, the MCS procedure can be used to compare more general objects, beyond the comparison of models. We apply the MCS procedure to two empirical problems. First, we revisit the inflation forecasting problem posed by Stock and Watson (1999), and compute the MCS for their set of inflation forecasts. Second, we compare a number of Taylor rule regressions and determine the MCS of the best regression in terms of in-sample likelihood criteria.",1,this paper introduces the model confidence set mcs and applies it to the selection of models a mcs is a set of models that is constructed such that it will contain the best model with a given level of confidence the mcs is in this sense analogous to a confidence interval for a parameter the mcs acknowledges the limitations of the data such that uninformative data yield a mcs with many models whereas informative data yield a mcs with only a few models the mcs procedure does not assume that a particular model is the true model in fact the mcs procedure can be used to compare more general objects beyond the comparison of models we apply the mcs procedure to two empirical problems first we revisit the inflation forecasting problem posed by stock and watson and compute the mcs for their set of inflation forecasts second we compare a number of taylor rule regressions and determine the mcs of the best regression in terms of insample likelihood criteria
10.1002/for.1235,"ABSTRACT This paper first shows that survey‐based expectations (SBE) outperform standard time series models in US quarterly inflation out‐of‐sample prediction and that the term structure of survey‐based inflation forecasts has predictive power over the path of future inflation changes. It then proposes some empirical explanations for the forecasting success of survey‐based inflation expectations. We show that SBE pool a large amount of heterogeneous information on inflation expectations and react more flexibly and accurately to macro conditions both contemporaneously and dynamically. We illustrate the flexibility of SBE forecasts in the context of the 2008 financial crisis. Copyright © 2011 John Wiley &amp; Sons, Ltd.",1,abstract this paper first shows that survey‐based expectations sbe outperform standard time series models in us quarterly inflation out‐of‐sample prediction and that the term structure of survey‐based inflation forecasts has predictive power over the path of future inflation changes it then proposes some empirical explanations for the forecasting success of survey‐based inflation expectations we show that sbe pool a large amount of heterogeneous information on inflation expectations and react more flexibly and accurately to macro conditions both contemporaneously and dynamically we illustrate the flexibility of sbe forecasts in the context of the financial crisis copyright © john wiley amp sons ltd
10.1016/j.jedc.2019.103746,"Establishing the external validity of experimental inflation forecasts is essential if laboratory experiments are to be used as decision-making tools for monetary policy. Our contribution is to document whether different measures of inflation expectations, based on various categories of agents (participants in experiments, households, industry forecasters, professional forecasters, financial market participants and central bankers), share common patterns. We do so by analyzing the forecasting performance of these different categories of data, their deviations from full information rational expectations, and the variables that enter the determination of these expectations. Overall, the different categories of forecasts exhibit common features: forecast errors are comparably large and autocorrelated, and forecast errors and forecast revisions are predictable from past information, suggesting the presence of some form of bounded rationality or information imperfections. Finally, lagged inflation positively affects the determination of inflation expectations. While experimental forecasts are relatively comparable to survey and financial market data, more heterogeneity is observed compared to central bank forecasts.",1,establishing the external validity of experimental inflation forecasts is essential if laboratory experiments are to be used as decisionmaking tools for monetary policy our contribution is to document whether different measures of inflation expectations based on various categories of agents participants in experiments households industry forecasters professional forecasters financial market participants and central bankers share common patterns we do so by analyzing the forecasting performance of these different categories of data their deviations from full information rational expectations and the variables that enter the determination of these expectations overall the different categories of forecasts exhibit common features forecast errors are comparably large and autocorrelated and forecast errors and forecast revisions are predictable from past information suggesting the presence of some form of bounded rationality or information imperfections finally lagged inflation positively affects the determination of inflation expectations while experimental forecasts are relatively comparable to survey and financial market data more heterogeneity is observed compared to central bank forecasts
10.2307/1912773,"Traditional econometric models assume a constant one-period forecast variance. To generalize this implausible assumption, a new class of stochastic processes called autoregressive conditional heteroscedastic (ARCH) processes are introduced in this paper. These are mean zero, serially uncorrelated processes with nonconstant variances conditional on the past, but constant unconditional variances. For such processes, the recent past gives information about the one-period forecast variance. A regression model is then introduced with disturbances following an ARCH process. Maximum likelihood estimators are described and a simple scoring iteration formulated. Ordinary least squares maintains its optimality properties in this set-up, but maximum likelihood is more efficient. The relative efficiency is calculated and can be infinite. To test whether the disturbances follow an ARCH process, the Lagrange multiplier procedure is employed. The test is based simply on the autocorrelation of the squared OLS residuals. This model is used to estimate the means and variances of inflation in the U.K. The ARCH effect is found to be significant and the estimated variances increase substantially during the chaotic seventies.",1,traditional econometric models assume a constant oneperiod forecast variance to generalize this implausible assumption a new class of stochastic processes called autoregressive conditional heteroscedastic arch processes are introduced in this paper these are mean zero serially uncorrelated processes with nonconstant variances conditional on the past but constant unconditional variances for such processes the recent past gives information about the oneperiod forecast variance a regression model is then introduced with disturbances following an arch process maximum likelihood estimators are described and a simple scoring iteration formulated ordinary least squares maintains its optimality properties in this setup but maximum likelihood is more efficient the relative efficiency is calculated and can be infinite to test whether the disturbances follow an arch process the lagrange multiplier procedure is employed the test is based simply on the autocorrelation of the squared ols residuals this model is used to estimate the means and variances of inflation in the uk the arch effect is found to be significant and the estimated variances increase substantially during the chaotic seventies
10.1002/(sici)1099-1255(199811/12)13:6<659::aid-jae481>3.0.co;2-q,"Monthly inflation in the United States indicates non-normality in the form of either occasional big shocks or marked changes in the level of the series. We develop a univariate state space model with symmetric stable shocks for this series. The non-Gaussian model is estimated by the Sorenson–Alspach filtering algorithm. Even after removing conditional heteroscedasticity, normality is rejected in favour of a stable distribution with exponent 1·83. Our model can be used for forecasting future inflation, and to simulate historical inflation forecasts conditional on the history of inflation. Relative to the Gaussian model, the stable model accounts for outliers and level shifts better, provides tighter estimates of trend inflation, and gives more realistic assessment of uncertainty during confusing episodes. © 1998 John Wiley & Sons, Ltd.",1,monthly inflation in the united states indicates nonnormality in the form of either occasional big shocks or marked changes in the level of the series we develop a univariate state space model with symmetric stable shocks for this series the nongaussian model is estimated by the sorenson–alspach filtering algorithm even after removing conditional heteroscedasticity normality is rejected in favour of a stable distribution with exponent · our model can be used for forecasting future inflation and to simulate historical inflation forecasts conditional on the history of inflation relative to the gaussian model the stable model accounts for outliers and level shifts better provides tighter estimates of trend inflation and gives more realistic assessment of uncertainty during confusing episodes © john wiley sons ltd
10.1111/j.1468-0475.2006.00146.x,"Abstract We study simple inflation-forecast targeting in an open-economy setting. Simple inflation-forecast targeting implies setting an interest rate which, if kept unchanged throughout the forecast-targeting horizon, produces a conditional inflation forecast equal to the inflation target at the end of the horizon.We find that the optimal forecast-targeting horizon is relatively short (one year). A longer horizon does not consistently contribute to improved output stability, indeed it increases exchange rate variability and traded sector variability. The targeting procedure is substantially inferior to the optimal pre-commitment policy. Moreover, the targeting procedure does not necessarily determine the rational-expectations equilibrium and is subject to time inconsistency.",1,abstract we study simple inflationforecast targeting in an openeconomy setting simple inflationforecast targeting implies setting an interest rate which if kept unchanged throughout the forecasttargeting horizon produces a conditional inflation forecast equal to the inflation target at the end of the horizonwe find that the optimal forecasttargeting horizon is relatively short one year a longer horizon does not consistently contribute to improved output stability indeed it increases exchange rate variability and traded sector variability the targeting procedure is substantially inferior to the optimal precommitment policy moreover the targeting procedure does not necessarily determine the rationalexpectations equilibrium and is subject to time inconsistency
10.1016/j.latcb.2023.100087,"In this paper, we explore machine learning (ML) methods to improve inflation forecasting in Brazil. An extensive out-of-sample forecasting exercise is designed with multiple horizons, a large database of 501 series, and 50 forecasting methods, including new ML techniques proposed here, traditional econometric models and forecast combination methods. We also provide tools to identify the key variables to predict inflation, thus helping to open the ML black box. Despite the evidence of no universal best model, the results indicate that ML methods can, in numerous cases, outperform traditional econometric models in terms of mean-squared error. Moreover, the results indicate the existence of nonlinearities in the inflation dynamics, which are relevant to forecasting inflation. The set of top forecasts often includes forecast combinations, tree-based methods (such as random forest and xgboost), breakeven inflation, and survey-based expectations. Altogether, these findings offer a valuable contribution to macroeconomic forecasting, especially, focused on Brazilian inflation.",1,in this paper we explore machine learning ml methods to improve inflation forecasting in brazil an extensive outofsample forecasting exercise is designed with multiple horizons a large database of series and forecasting methods including new ml techniques proposed here traditional econometric models and forecast combination methods we also provide tools to identify the key variables to predict inflation thus helping to open the ml black box despite the evidence of no universal best model the results indicate that ml methods can in numerous cases outperform traditional econometric models in terms of meansquared error moreover the results indicate the existence of nonlinearities in the inflation dynamics which are relevant to forecasting inflation the set of top forecasts often includes forecast combinations treebased methods such as random forest and xgboost breakeven inflation and surveybased expectations altogether these findings offer a valuable contribution to macroeconomic forecasting especially focused on brazilian inflation
10.4337/9781781950777.00016,This Paper argues that inflation-targeting central banks should announce explicit loss function with numerical relative weights on output-gap stabilization and use and announce optimal time-varying instrument-rate paths and corresponding inflation and output-gap forecasts. Simple voting procedures for forming the Monetary Policy Committee's aggregate loss function and time-varying instrument-rate paths are suggested. Announcing an explicit loss function improves the transparency of inflation targeting and eliminates some misunderstandings of the meaning of 'flexible' inflation targeting. Using time-varying instrument-rate paths avoids a number of inconsistencies and other problems inherently associated with constant-interest-rate forecasts.,1,this paper argues that inflationtargeting central banks should announce explicit loss function with numerical relative weights on outputgap stabilization and use and announce optimal timevarying instrumentrate paths and corresponding inflation and outputgap forecasts simple voting procedures for forming the monetary policy committees aggregate loss function and timevarying instrumentrate paths are suggested announcing an explicit loss function improves the transparency of inflation targeting and eliminates some misunderstandings of the meaning of flexible inflation targeting using timevarying instrumentrate paths avoids a number of inconsistencies and other problems inherently associated with constantinterestrate forecasts
10.1093/acprof:oso/9780199683666.003.0003,"Abstract A parsimonious bivariate model of inflation and unemployment is developed that allows for persistent variation in trend inflation and in the non-accelerating inflation rate of unemployment. The model, which consists of five unobserved components (including the trends) with stochastic volatility, implies a time-varying vector autoregression model for changes in the rates of inflation and unemployment. The implied backwards-looking Phillips curve has a time-varying slope that is steeper in the 1970s than in the 1990s. Pseudo out-of-sample forecasting experiments indicate improvements upon univariate benchmarks. Since 2008, the implied Phillips curve has become steeper and the non-accelerating inflation rate of unemployment has increased.",1,abstract a parsimonious bivariate model of inflation and unemployment is developed that allows for persistent variation in trend inflation and in the nonaccelerating inflation rate of unemployment the model which consists of five unobserved components including the trends with stochastic volatility implies a timevarying vector autoregression model for changes in the rates of inflation and unemployment the implied backwardslooking phillips curve has a timevarying slope that is steeper in the s than in the s pseudo outofsample forecasting experiments indicate improvements upon univariate benchmarks since the implied phillips curve has become steeper and the nonaccelerating inflation rate of unemployment has increased
10.21799/frbp.wp.2006.19,"This paper carries out the task of evaluating inflation forecasts from the Livingston Survey and the Survey of Professional Forecasters, using the real-time data set for macroeconomists as a source of real-time data. We examine the magnitude and patterns of revisions to the inflation rate based on the output price index and describe what data to use as ""actuals"" in evaluating forecasts. We then run tests on the forecasts from the surveys to see how good they are, using a variety of actuals. We find that much of the empirical work from 20 years ago was a misleading guide to the quality of forecasts because of unique events during the earlier sample period. Repeating that empirical work over a longer sample period shows no bias or other problems in the forecasts. The use of real-time data also matters for some key tests on some variables. If a forecaster had used the empirical results from the late 1970s and early 1980s to adjust survey forecasts of inflation, forecast errors would have increased substantially.",1,this paper carries out the task of evaluating inflation forecasts from the livingston survey and the survey of professional forecasters using the realtime data set for macroeconomists as a source of realtime data we examine the magnitude and patterns of revisions to the inflation rate based on the output price index and describe what data to use as actuals in evaluating forecasts we then run tests on the forecasts from the surveys to see how good they are using a variety of actuals we find that much of the empirical work from years ago was a misleading guide to the quality of forecasts because of unique events during the earlier sample period repeating that empirical work over a longer sample period shows no bias or other problems in the forecasts the use of realtime data also matters for some key tests on some variables if a forecaster had used the empirical results from the late s and early s to adjust survey forecasts of inflation forecast errors would have increased substantially
10.3386/w12324,"Forecasts of the rate of price inflation play a central role in the formulation of monetary policy, and forecasting inflation is a key job for economists at the Federal Reserve Board. This paper examines whether this job has become harder and, to the extent that it has, what changes in the inflation process have made it so. The main finding is that the univariate inflation process is well described by an unobserved component trend-cycle model with stochastic volatility or, equivalently, an integrated moving average process with time-varying parameters; this model explains a variety of recent univariate inflation forecasting puzzles. It appears currently to be difficult for multivariate forecasts to improve on forecasts made using this time-varying univariate model.",1,forecasts of the rate of price inflation play a central role in the formulation of monetary policy and forecasting inflation is a key job for economists at the federal reserve board this paper examines whether this job has become harder and to the extent that it has what changes in the inflation process have made it so the main finding is that the univariate inflation process is well described by an unobserved component trendcycle model with stochastic volatility or equivalently an integrated moving average process with timevarying parameters this model explains a variety of recent univariate inflation forecasting puzzles it appears currently to be difficult for multivariate forecasts to improve on forecasts made using this timevarying univariate model
10.1016/j.ijforecast.2022.03.002,"In this paper, we assess whether using non-linear dimension reduction techniques pays off for forecasting inflation in real-time. Several recent methods from the machine learning literature are adopted to map a large dimensional dataset into a lower-dimensional set of latent factors. We model the relationship between inflation and the latent factors using constant and time-varying parameter (TVP) regressions with shrinkage priors. Our models are then used to forecast monthly US inflation in real-time. The results suggest that sophisticated dimension reduction methods yield inflation forecasts that are highly competitive with linear approaches based on principal components. Among the techniques considered, the Autoencoder and squared principal components yield factors that have high predictive power for one-month- and one-quarter-ahead inflation. Zooming into model performance over time reveals that controlling for non-linear relations in the data is of particular importance during recessionary episodes of the business cycle or the current COVID-19 pandemic.",1,in this paper we assess whether using nonlinear dimension reduction techniques pays off for forecasting inflation in realtime several recent methods from the machine learning literature are adopted to map a large dimensional dataset into a lowerdimensional set of latent factors we model the relationship between inflation and the latent factors using constant and timevarying parameter tvp regressions with shrinkage priors our models are then used to forecast monthly us inflation in realtime the results suggest that sophisticated dimension reduction methods yield inflation forecasts that are highly competitive with linear approaches based on principal components among the techniques considered the autoencoder and squared principal components yield factors that have high predictive power for onemonth and onequarterahead inflation zooming into model performance over time reveals that controlling for nonlinear relations in the data is of particular importance during recessionary episodes of the business cycle or the current covid pandemic
10.1080/01621459.1988.10478646,"Abstract A methodology for estimating expected real interest rates and making inflation forecasts, together with appropriate confidence intervals, is presented. The role of price expectations in determining real interest rates is also analyzed. Structural breaks in the process generating real interest rates are detected in 1980 and 1983 by tracking the accuracy of interest-rate forecasts. Analysis of these structural breaks reveals that the break at the beginning of 1983 returns the process to its pre-1980 formulation. During 1953-1985, price forecasts derived from the interest-rate model are found to be unbiased once the structural breaks in the real rate process are handled through heteroscedastic corrections. Invoking the rational-expectations hypothesis, we construct a general yet parsimonious dynamic model for estimating economic agents' anticipations of the real rate of interest. By using quarterly data for 1953-1985 the model is efficiently estimated by two-step two-stage least squares. Results provide support for a random-walk process and for the existence of a negative price expectations (Tobin-Mundell) effect on real interest rates. The U.S. economy was subjected to a number of shocks in the early 1980s. A new chairman took the helm of the Federal Reserve System (Fed) in 1979, and almost immediately the Fed announced that it would change its operating procedure from controlling interest rates to targeting the money supply. The Fed then returned to its pre-1979 operating procedure in October 1982. Added to these changes were the tightening of credit controls in the first half of 1980, the advent of the large fiscal deficits of the Reagan administration, and a fall in petroleum prices. To some degree, all of these shocks probably contributed to the greater volatility of the economy in the first few years of the 1980s. In fact, some researchers have recently argued that there have been shifts in the process generating real interest rates in October 1979 and 1982 coincident with the Fed's changes in operating procedure. To investigate the existence and timing of any breaks in the early 1980s we constructed exact (small-sample) confidence intervals for the interest-rate forecasts of investors and tracked them with actual interest rates. We identified a break in the first quarter of 1980 when the actual interest rate no longer fell within the confidence interval for the forecast, and another break in the first quarter of 1983. Adapting the model to account for these structural shifts, we show that, although the 1980-1982 period is significantly different from the pre-1980 period (in terms of parameter values), the post-1982 period is not significantly different from the pre-1980 period. We also construct investors' ex ante forecasts of inflation from the interest-rate model and show them to be unbiased, whereas the inflation forecasts from the Livingston survey are biased. The mean squared prediction error of inflation forecasts improves significantly when price expectations are included as a determinant of ex ante real interest rates. We also find that the forecasting performance of this model compares favorably with the inflation forecasts from the American Statistical Association/National Bureau of Economic Research Business Outlook Surveys.",1,abstract a methodology for estimating expected real interest rates and making inflation forecasts together with appropriate confidence intervals is presented the role of price expectations in determining real interest rates is also analyzed structural breaks in the process generating real interest rates are detected in and by tracking the accuracy of interestrate forecasts analysis of these structural breaks reveals that the break at the beginning of returns the process to its pre formulation during price forecasts derived from the interestrate model are found to be unbiased once the structural breaks in the real rate process are handled through heteroscedastic corrections invoking the rationalexpectations hypothesis we construct a general yet parsimonious dynamic model for estimating economic agents anticipations of the real rate of interest by using quarterly data for the model is efficiently estimated by twostep twostage least squares results provide support for a randomwalk process and for the existence of a negative price expectations tobinmundell effect on real interest rates the us economy was subjected to a number of shocks in the early s a new chairman took the helm of the federal reserve system fed in and almost immediately the fed announced that it would change its operating procedure from controlling interest rates to targeting the money supply the fed then returned to its pre operating procedure in october added to these changes were the tightening of credit controls in the first half of the advent of the large fiscal deficits of the reagan administration and a fall in petroleum prices to some degree all of these shocks probably contributed to the greater volatility of the economy in the first few years of the s in fact some researchers have recently argued that there have been shifts in the process generating real interest rates in october and coincident with the feds changes in operating procedure to investigate the existence and timing of any breaks in the early s we constructed exact smallsample confidence intervals for the interestrate forecasts of investors and tracked them with actual interest rates we identified a break in the first quarter of when the actual interest rate no longer fell within the confidence interval for the forecast and another break in the first quarter of adapting the model to account for these structural shifts we show that although the period is significantly different from the pre period in terms of parameter values the post period is not significantly different from the pre period we also construct investors ex ante forecasts of inflation from the interestrate model and show them to be unbiased whereas the inflation forecasts from the livingston survey are biased the mean squared prediction error of inflation forecasts improves significantly when price expectations are included as a determinant of ex ante real interest rates we also find that the forecasting performance of this model compares favorably with the inflation forecasts from the american statistical associationnational bureau of economic research business outlook surveys
10.1108/ijoem-05-2020-0577,"Purpose The main purpose of this study is to forecast inflation rates in the case of the Turkish economy with shrinkage methods of machine learning algorithms. Design/methodology/approach This paper compares the predictive ability of a set of machine learning techniques (ridge, lasso, ada lasso and elastic net) and a group of benchmark specifications (autoregressive integrated moving average (ARIMA) and multivariate vector autoregression (VAR) models) on the extensive dataset. Findings Results suggest that shrinkage methods perform better for variable selection. It is also seen that lasso and elastic net algorithms outperform conventional econometric methods in the case of Turkish inflation. These algorithms choose the energy production variables, construction-sector measure, reel effective exchange rate and money market indicators as the most relevant variables for inflation forecasting. Originality/value Turkish economy that is a typical emerging country has experienced two digit and high volatile inflation regime starting with the year 2017. This study contributes to the literature by introducing the machine learning techniques to forecast inflation in the Turkish economy. The study also compares the relative performance of machine learning techniques and different conventional methods to predict inflation in the Turkish economy and provide the empirical methodology offering the best predictive performance among their counterparts.",1,purpose the main purpose of this study is to forecast inflation rates in the case of the turkish economy with shrinkage methods of machine learning algorithms designmethodologyapproach this paper compares the predictive ability of a set of machine learning techniques ridge lasso ada lasso and elastic net and a group of benchmark specifications autoregressive integrated moving average arima and multivariate vector autoregression var models on the extensive dataset findings results suggest that shrinkage methods perform better for variable selection it is also seen that lasso and elastic net algorithms outperform conventional econometric methods in the case of turkish inflation these algorithms choose the energy production variables constructionsector measure reel effective exchange rate and money market indicators as the most relevant variables for inflation forecasting originalityvalue turkish economy that is a typical emerging country has experienced two digit and high volatile inflation regime starting with the year this study contributes to the literature by introducing the machine learning techniques to forecast inflation in the turkish economy the study also compares the relative performance of machine learning techniques and different conventional methods to predict inflation in the turkish economy and provide the empirical methodology offering the best predictive performance among their counterparts
10.1051/shsconf/20219302005,"The aim of the article is to analyze inflation factors and their influence on the consumer price index in the regions. The article discusses the existing mathematical models for the forecasting of the regional inflation rate as an important national measure. Advantages, disadvantages and application fields of these models are presented. The appropriateness of recurrent neural network use for regional inflation forecasting is demonstrated. The article describes the process of neural network architecture creation, its training, inflation parameter forecasting.",1,the aim of the article is to analyze inflation factors and their influence on the consumer price index in the regions the article discusses the existing mathematical models for the forecasting of the regional inflation rate as an important national measure advantages disadvantages and application fields of these models are presented the appropriateness of recurrent neural network use for regional inflation forecasting is demonstrated the article describes the process of neural network architecture creation its training inflation parameter forecasting
10.1111/j.1468-0084.2008.00523.x,"Abstract Are weekly inflation forecasts informative? Although several central banks review and discuss monetary policy issues on a bi‐weekly basis, there have been no attempts by analysts to construct systematic estimates of core inflation that supports such a decision‐making schedule. The timeliness of news releases are recognized to be an important information source in real‐time estimation. We incorporate real‐time information from macroeconomic releases and revisions into our weekly updates of monthly Swiss core inflation using a common factor procedure. The weekly estimates for Swiss core inflation show that it is worthwhile to update the forecast at least twice a month.",1,abstract are weekly inflation forecasts informative although several central banks review and discuss monetary policy issues on a bi‐weekly basis there have been no attempts by analysts to construct systematic estimates of core inflation that supports such a decision‐making schedule the timeliness of news releases are recognized to be an important information source in real‐time estimation we incorporate real‐time information from macroeconomic releases and revisions into our weekly updates of monthly swiss core inflation using a common factor procedure the weekly estimates for swiss core inflation show that it is worthwhile to update the forecast at least twice a month
10.26509/frbc-wp-200810,"This paper develops and estimates an equilibrium model of the term structures of nominal and real interest rates. The term structures are driven by state variables that include the short term real interest rate, expected inflation, a factor that models the changing level to which inflation is expected to revert, as well as four volatility factors that follow GARCH processes. We derive analytical solutions for the prices of nominal bonds, inflation-indexed bonds that have an indexation lag, the term structure of expected inflation, and inflation swap rates. The model parameters are estimated using data on nominal Treasury yields, survey forecasts of inflation, and inflation swap rates.",1,this paper develops and estimates an equilibrium model of the term structures of nominal and real interest rates the term structures are driven by state variables that include the short term real interest rate expected inflation a factor that models the changing level to which inflation is expected to revert as well as four volatility factors that follow garch processes we derive analytical solutions for the prices of nominal bonds inflationindexed bonds that have an indexation lag the term structure of expected inflation and inflation swap rates the model parameters are estimated using data on nominal treasury yields survey forecasts of inflation and inflation swap rates
10.17016/ifdp.2012.1062,"We develop a parsimonious bivariate model of inflation and unemployment that allows for persistent variation in trend inflation and the NAIRU. The model, which consists of five unobserved components (including the trends) with stochastic volatility, implies a time-varying VAR for changes in the rates of inflation and unemployment. The implied backwards-looking Phillips curve has a time-varying slope that is steeper in the 1970s than in the 1990s. Pseudo out-of-sample forecasting experiments indicate improvements upon univariate benchmarks. Since 2008, the implied Phillips curve has become steeper and the NAIRU has increased.",1,we develop a parsimonious bivariate model of inflation and unemployment that allows for persistent variation in trend inflation and the nairu the model which consists of five unobserved components including the trends with stochastic volatility implies a timevarying var for changes in the rates of inflation and unemployment the implied backwardslooking phillips curve has a timevarying slope that is steeper in the s than in the s pseudo outofsample forecasting experiments indicate improvements upon univariate benchmarks since the implied phillips curve has become steeper and the nairu has increased
10.1002/for.1250,"ABSTRACT We present a mixed‐frequency model for daily forecasts of euro area inflation. The model combines a monthly index of core inflation with daily data from financial markets; estimates are carried out with the MIDAS regression approach. The forecasting ability of the model in real time is compared with that of standard VARs and of daily quotes of economic derivatives on euro area inflation. We find that the inclusion of daily variables helps to reduce forecast errors with respect to models that consider only monthly variables. The mixed‐frequency model also displays superior predictive performance with respect to forecasts solely based on economic derivatives. Copyright © 2012 John Wiley &amp; Sons, Ltd.",1,abstract we present a mixed‐frequency model for daily forecasts of euro area inflation the model combines a monthly index of core inflation with daily data from financial markets estimates are carried out with the midas regression approach the forecasting ability of the model in real time is compared with that of standard vars and of daily quotes of economic derivatives on euro area inflation we find that the inclusion of daily variables helps to reduce forecast errors with respect to models that consider only monthly variables the mixed‐frequency model also displays superior predictive performance with respect to forecasts solely based on economic derivatives copyright © john wiley amp sons ltd
10.1002/asmb.2757,"Abstract We propose a hybrid deep learning model that merges Variational Autoencoders and Convolutional LSTM Networks (VAE‐ConvLSTM) to forecast inflation. Using a public macroeconomic database that comprises 134 monthly US time series from January 1978 to December 2019, the proposed model is compared against several popular econometric and machine learning benchmarks, including Ridge regression, LASSO regression, Random Forests, Bayesian methods, VECM, and multilayer perceptron. We find that VAE‐ConvLSTM outperforms the competing models in terms of consistency and out‐of‐sample performance. The robustness of such conclusion is ensured via cross‐validation and Monte‐Carlo simulations using different training, validation, and test samples. Our results suggest that macroeconomic forecasting could take advantage of deep learning models when tackling nonlinearities and nonstationarity, potentially delivering superior performance in comparison to traditional econometric approaches based on linear, stationary models.",1,abstract we propose a hybrid deep learning model that merges variational autoencoders and convolutional lstm networks vae‐convlstm to forecast inflation using a public macroeconomic database that comprises monthly us time series from january to december the proposed model is compared against several popular econometric and machine learning benchmarks including ridge regression lasso regression random forests bayesian methods vecm and multilayer perceptron we find that vae‐convlstm outperforms the competing models in terms of consistency and out‐of‐sample performance the robustness of such conclusion is ensured via cross‐validation and monte‐carlo simulations using different training validation and test samples our results suggest that macroeconomic forecasting could take advantage of deep learning models when tackling nonlinearities and nonstationarity potentially delivering superior performance in comparison to traditional econometric approaches based on linear stationary models
10.5089/9781513557656.001,"Many central banks in emerging and advanced economies have adopted an inflation-forecast targeting (IFT) approach to monetary policy, in order to successfully establish a stable, lowinflation environment.To support policy making, each has developed a structured system of forecasting and policy analysis appropriate to its needs.A common component is a modelbased forecast with an endogenous policy interest rate path.The approach is characterized, among other things, by transparent communications-some IFT central banks go so far as to publish their policy interest rate projection.Some elements of this regime, although a work still in progress, are worthy of consideration by central banks that have not yet officially adopted full-fledged inflation targeting.",1,many central banks in emerging and advanced economies have adopted an inflationforecast targeting ift approach to monetary policy in order to successfully establish a stable lowinflation environmentto support policy making each has developed a structured system of forecasting and policy analysis appropriate to its needsa common component is a modelbased forecast with an endogenous policy interest rate paththe approach is characterized among other things by transparent communicationssome ift central banks go so far as to publish their policy interest rate projectionsome elements of this regime although a work still in progress are worthy of consideration by central banks that have not yet officially adopted fullfledged inflation targeting
10.1109/isise.2012.37,"Inflation forecasting plays an important role in monetary policy and daily life. This study focuses on developing an inflation support vector regression (SVR) model to forecast CPI. Money gap and CPI historical data are utilized to perform forecasts. Furthermore, grid search method is applied to select the parameters of SVR. In addition, this study examines the feasibility of applying SVR in inflation forecasting by comparing it with back-propagation neural network and linear regression. The result shows SVR provides a promising alternative to inflation prediction.",1,inflation forecasting plays an important role in monetary policy and daily life this study focuses on developing an inflation support vector regression svr model to forecast cpi money gap and cpi historical data are utilized to perform forecasts furthermore grid search method is applied to select the parameters of svr in addition this study examines the feasibility of applying svr in inflation forecasting by comparing it with backpropagation neural network and linear regression the result shows svr provides a promising alternative to inflation prediction
10.1198/016214507000000473,"This article focuses on the widely studied question of whether the inclusion of indicators of real economic activity lowers the prediction mean squared error of forecasting models of U.S. consumer price inflation. We propose three variants of the bagging algorithm specifically designed for this type of forecasting problem and evaluate their empirical performance. Although bagging predictors in our application are clearly more accurate than equally weighted forecasts, median forecasts, ARM forecasts, AFTER forecasts, or Bayesian forecast averages based on one extra predictor at a time, they are generally about as accurate as the Bayesian shrinkage predictor, the ridge regression predictor, the iterated LASSO predictor, or the Bayesian model average predictor based on random subsets of extra predictors. Our results show that bagging can achieve large reductions in prediction mean-squared errors even in such challenging applications as inflation forecasting; however, bagging is not the only method capable of achieving such gains.",1,this article focuses on the widely studied question of whether the inclusion of indicators of real economic activity lowers the prediction mean squared error of forecasting models of us consumer price inflation we propose three variants of the bagging algorithm specifically designed for this type of forecasting problem and evaluate their empirical performance although bagging predictors in our application are clearly more accurate than equally weighted forecasts median forecasts arm forecasts after forecasts or bayesian forecast averages based on one extra predictor at a time they are generally about as accurate as the bayesian shrinkage predictor the ridge regression predictor the iterated lasso predictor or the bayesian model average predictor based on random subsets of extra predictors our results show that bagging can achieve large reductions in prediction meansquared errors even in such challenging applications as inflation forecasting however bagging is not the only method capable of achieving such gains
10.1088/1475-7516/2021/04/006,"Abstract Single-field models of α-attractor quintessential inflation provide a unified picture of the two periods of early- and late-time cosmic acceleration, where both inflation and dark energy are described by a single scalar degree of freedom rolling down a runaway potential. These theoretically well-motivated models have distinct observational predictions that are in agreement with existing cosmological data. We show that the next generation of large-scale structure surveys, even when no other cosmological data sets are considered, will strongly constrain the parameter space of these models, and test them against the standard cosmological model and more conventional non-quintessential inflation. In particular, we expect 𝒪(10 -5 -10 -4 ) constraints on the present values of the dark energy equation of state and its time derivative, w 0 and w a . We also forecast more than one order of magnitude tighter constraints on the spectral index of primordial curvature perturbations n_s compared to the expectations for the standard model. This demonstrates the powerful synergy between the upcoming large-scale structure probes of inflation and those aiming to measure the tensor-to-scalar ratio r through the observation of B-mode polarization of the cosmic microwave background.",1,abstract singlefield models of αattractor quintessential inflation provide a unified picture of the two periods of early and latetime cosmic acceleration where both inflation and dark energy are described by a single scalar degree of freedom rolling down a runaway potential these theoretically wellmotivated models have distinct observational predictions that are in agreement with existing cosmological data we show that the next generation of largescale structure surveys even when no other cosmological data sets are considered will strongly constrain the parameter space of these models and test them against the standard cosmological model and more conventional nonquintessential inflation in particular we expect 𝒪 constraints on the present values of the dark energy equation of state and its time derivative w and w a we also forecast more than one order of magnitude tighter constraints on the spectral index of primordial curvature perturbations ns compared to the expectations for the standard model this demonstrates the powerful synergy between the upcoming largescale structure probes of inflation and those aiming to measure the tensortoscalar ratio r through the observation of bmode polarization of the cosmic microwave background
10.2307/1928112,"Robert W. Rich, Testing the Rationality of Inflation Forecasts from Survey Data: Another Look at the SRC Expected Price Change Data, The Review of Economics and Statistics, Vol. 71, No. 4 (Nov., 1989), pp. 682-686",1,robert w rich testing the rationality of inflation forecasts from survey data another look at the src expected price change data the review of economics and statistics vol no nov pp
10.1162/003465302760556468,"This paper examines the effect of inflation on stock valuations and expected long-run returns. Ex ante estimates of expected long-run returns are constructed by incorporating analysts' earnings forecasts into a variant of the Campbell-Shiller dividend-price ratio model. The negative relation between equity valuations and expected inflation is found to be the result of two effects: a rise in expected inflation coincides with both lower expected real earnings growth and higher required real returns. The earnings channel mostly reflects a negative relation between expected long-term earnings growth and expected inflation. The effect of expected inflation on required (long-run) real stock returns is also substantial. An increase of one percentage point in expected inflation is estimated to raise required real stock returns about one percentage point, which on average would imply a 20% decline in stock prices. But the inflation factor in expected real stock returns is also in long-term Treasury yields; consequently, expected inflation has little effect on the long-run equity premium.",1,this paper examines the effect of inflation on stock valuations and expected longrun returns ex ante estimates of expected longrun returns are constructed by incorporating analysts earnings forecasts into a variant of the campbellshiller dividendprice ratio model the negative relation between equity valuations and expected inflation is found to be the result of two effects a rise in expected inflation coincides with both lower expected real earnings growth and higher required real returns the earnings channel mostly reflects a negative relation between expected longterm earnings growth and expected inflation the effect of expected inflation on required longrun real stock returns is also substantial an increase of one percentage point in expected inflation is estimated to raise required real stock returns about one percentage point which on average would imply a decline in stock prices but the inflation factor in expected real stock returns is also in longterm treasury yields consequently expected inflation has little effect on the longrun equity premium
10.1257/aer.90.3.429,"This paper tests for the existence of asymmetric information between the Federal Reserve and the public by examining Federal Reserve and commercial inflation forecasts. It demonstrates that the Federal Reserve has considerable information about inflation beyond what is known to commercial forecasters. It also shows that monetary-policy actions provide signals of the Federal Reserve's information and that commercial forecasters modify their forecasts in response to those signals. These findings may explain why long-term interest rates typically rise in response to shifts to tighter monetary policy. (JEL E52, E43, D82)",1,this paper tests for the existence of asymmetric information between the federal reserve and the public by examining federal reserve and commercial inflation forecasts it demonstrates that the federal reserve has considerable information about inflation beyond what is known to commercial forecasters it also shows that monetarypolicy actions provide signals of the federal reserves information and that commercial forecasters modify their forecasts in response to those signals these findings may explain why longterm interest rates typically rise in response to shifts to tighter monetary policy jel e e d
10.5089/9781475572971.001,"This paper describes the CNB's experience implementing an inflation-forecast targeting (IFT) regime, and the building of a system for providing the economic information that policymakers need to implement IFT. The CNB's experience has been very successful in establishing confidence in monetary policy in the Czech Republic and should provide useful guidance for other central banks that are considering adopting an IFT regime.",1,this paper describes the cnbs experience implementing an inflationforecast targeting ift regime and the building of a system for providing the economic information that policymakers need to implement ift the cnbs experience has been very successful in establishing confidence in monetary policy in the czech republic and should provide useful guidance for other central banks that are considering adopting an ift regime
10.1093/oso/9780198296836.003.0003,"Abstract Economic decision makers routinely rely on forecasts to assist their decisions. Until recently, most forecasts were provided only in the form of point forecasts, although forecasters sometimes attached measures of uncertainty, such as standard errors or mean absolute errors, to their forecasts. Recently, the trend has been to accompany point forecasts with a more complete description of the uncertainty of the forecasts, such as explicit interval or density forecasts. An interval forecast indicates the likely range of outcomes by specifying the probability that the actual outcome will fall within a stated interval. The probability may be fixed, at say 0.95, and the associated interval may then vary over time, or the interval may be fixed, as a closed or open interval, and the forecast probability presented, as in the statement that “our estimate of the probability that inflation next year will be below 2.5 percent is p.” A density forecast is stated explicitly as a density or probability distribution. This may be presented analytically, as in “we estimate that next year’s inflation rate is normally distributed around an expected value of 2 percent with a standard deviation of 1 percent,’’ or it may be presented numerically, as when a histogram is reported.",1,abstract economic decision makers routinely rely on forecasts to assist their decisions until recently most forecasts were provided only in the form of point forecasts although forecasters sometimes attached measures of uncertainty such as standard errors or mean absolute errors to their forecasts recently the trend has been to accompany point forecasts with a more complete description of the uncertainty of the forecasts such as explicit interval or density forecasts an interval forecast indicates the likely range of outcomes by specifying the probability that the actual outcome will fall within a stated interval the probability may be fixed at say and the associated interval may then vary over time or the interval may be fixed as a closed or open interval and the forecast probability presented as in the statement that “our estimate of the probability that inflation next year will be below percent is p” a density forecast is stated explicitly as a density or probability distribution this may be presented analytically as in “we estimate that next year’s inflation rate is normally distributed around an expected value of percent with a standard deviation of percent’’ or it may be presented numerically as when a histogram is reported
10.1002/for.1088,"Abstract Recent empirical work has considered the prediction of inflation by combining the information in a large number of time series. One such method that has been found to give consistently good results consists of simple equal‐weighted averaging of the forecasts from a large number of different models, each of which is a linear regression relating inflation to a single predictor and a lagged dependent variable. In this paper, I consider using Bayesian model averaging for pseudo out‐of‐sample prediction of US inflation, and find that it generally gives more accurate forecasts than simple equal‐weighted averaging. This superior performance is consistent across subsamples and a number of inflation measures. Copyright © 2008 John Wiley &amp; Sons, Ltd.",1,abstract recent empirical work has considered the prediction of inflation by combining the information in a large number of time series one such method that has been found to give consistently good results consists of simple equal‐weighted averaging of the forecasts from a large number of different models each of which is a linear regression relating inflation to a single predictor and a lagged dependent variable in this paper i consider using bayesian model averaging for pseudo out‐of‐sample prediction of us inflation and find that it generally gives more accurate forecasts than simple equal‐weighted averaging this superior performance is consistent across subsamples and a number of inflation measures copyright © john wiley amp sons ltd
10.5089/9781451872125.001,"This paper presents a basic plan for developing a Forecast and Policy Analysis System designed to support an inflation-forecast targeting regime at a central bank. It includes discussion of the development of data management and reporting processes; the creation of a forecast team and the development of human capital; the implementation of a simple model, plus possible extensions; and the management of regular economic projections. We emphasize that it is better to implement simple models earlier and use them well, rather than wait in an attempt to develop an all-encompassing model.",1,this paper presents a basic plan for developing a forecast and policy analysis system designed to support an inflationforecast targeting regime at a central bank it includes discussion of the development of data management and reporting processes the creation of a forecast team and the development of human capital the implementation of a simple model plus possible extensions and the management of regular economic projections we emphasize that it is better to implement simple models earlier and use them well rather than wait in an attempt to develop an allencompassing model
10.17016/feds.2006.15,"Surveys do! We examine the forecasting power of four alternative methods of forecasting U.S. inflation out-of-sample: time series ARIMA models; regressions using real activity measures motivated from the Phillips curve; term structure models that include linear, non-linear, and arbitrage-free specifications; and survey-based measures. We also investigate several methods of combining forecasts. Our results show that surveys outperform the other forecasting methods and that the term structure specifications perform relatively poorly. We find little evidence that combining forecasts produces superior forecasts to survey information alone. When combining forecasts, the data consistently places the highest weights on survey information.",1,surveys do we examine the forecasting power of four alternative methods of forecasting us inflation outofsample time series arima models regressions using real activity measures motivated from the phillips curve term structure models that include linear nonlinear and arbitragefree specifications and surveybased measures we also investigate several methods of combining forecasts our results show that surveys outperform the other forecasting methods and that the term structure specifications perform relatively poorly we find little evidence that combining forecasts produces superior forecasts to survey information alone when combining forecasts the data consistently places the highest weights on survey information
10.1002/for.1147,"Abstract In this paper, we empirically evaluate competing approaches for combining inflation density forecasts in terms of Kullback–Leibler divergence. In particular, we apply a similar suite of models to four different datasets and aim at identifying combination methods that perform well throughout different series and variations of the model suite. We pool individual densities using linear and logarithmic combination methods. The suite consists of linear forecasting models with moving estimation windows to account for structural change. We find that combining densities is a much better strategy than selecting a particular model ex ante . While combinations do not always perform better than the best individual model, combinations always yield accurate forecasts and, as we show analytically, provide insurance against selecting inappropriate models. Logarithmic combinations can be advantageous, in particular if symmetric densities are preferred. Copyright © 2010 John Wiley &amp; Sons, Ltd.",1,abstract in this paper we empirically evaluate competing approaches for combining inflation density forecasts in terms of kullback–leibler divergence in particular we apply a similar suite of models to four different datasets and aim at identifying combination methods that perform well throughout different series and variations of the model suite we pool individual densities using linear and logarithmic combination methods the suite consists of linear forecasting models with moving estimation windows to account for structural change we find that combining densities is a much better strategy than selecting a particular model ex ante while combinations do not always perform better than the best individual model combinations always yield accurate forecasts and as we show analytically provide insurance against selecting inappropriate models logarithmic combinations can be advantageous in particular if symmetric densities are preferred copyright © john wiley amp sons ltd
10.3905/jfi.2004.461449,This study investigates the efficiency of the U.S. market for inflation-indexed government bonds using a signal based on inflation forecasts and evaluating the effectiveness of several trading strategies to provide abnormal returns. The market for U.S. TIPS offers the possibility to obtain excess returns if information about future inflation is combined with a trading strategy speculating on the movement of break-even inflation. These results are fairly consistent over time for the shorter maturity. Index-linked government bonds can be considered an asset class with idiosyncratic characteristics that make them an important part of an investment portfolio.,1,this study investigates the efficiency of the us market for inflationindexed government bonds using a signal based on inflation forecasts and evaluating the effectiveness of several trading strategies to provide abnormal returns the market for us tips offers the possibility to obtain excess returns if information about future inflation is combined with a trading strategy speculating on the movement of breakeven inflation these results are fairly consistent over time for the shorter maturity indexlinked government bonds can be considered an asset class with idiosyncratic characteristics that make them an important part of an investment portfolio
10.1111/j.1467-8268.2013.12016.x,"Abstract This paper forecasts inflation in Angola with an ARFIMA (autoregressive fractionally integrated moving average) model. It is found that inflation in Angola is a highly persistent variable with an order of integration constrained between 0 and 1. Moreover, a structural break is found in August 1996. Using the second subsample for forecasting purposes, the results reveal that inflation will remain low, assuming that prudent macroeconomic policies are maintained.",1,abstract this paper forecasts inflation in angola with an arfima autoregressive fractionally integrated moving average model it is found that inflation in angola is a highly persistent variable with an order of integration constrained between and moreover a structural break is found in august using the second subsample for forecasting purposes the results reveal that inflation will remain low assuming that prudent macroeconomic policies are maintained
10.26509/frbc-ec-201316,"A simple but powerful technique for incorporating a changing underlying inflation trend into standard statistical time series models can improve forecast accuracy significantly—about 20 percent to 30 percent, two to three years out.",1,a simple but powerful technique for incorporating a changing underlying inflation trend into standard statistical time series models can improve forecast accuracy significantly—about percent to percent two to three years out
10.17535/crorr.2019.0003,"In times of pronounced nonlinearity of macroeconomic variables and in situations when variables are not normally distributed, i.e. when the assumption of i.i.d. is not fulfilled, neural networks (NNs) should be used for forecasting. In this paper, Jordan neural network (JNN), a special type of NNs is examined, because of its advantages in time series forecasting suitable for inflation forecasting. The variables used as inputs include labour market variable, financial variable, external factor and lagged inflation, i.e. the most commonly used variables in previous researches. The research is conducted at the aggregate level of euro area countries in the period from January 1999 to January 2017. Based on 250 estimated JNNs, which differ in selected variables, sample breaking point and varying parameters (number of hidden neurons, weight value of the context unit), the model adequacy indicators for each JNN are calculated for two periods: in-the-sample and out-of-sample. Finally, the optimal JNN for inflation forecasting is obtained as the best compromise solution between low mean squared error inthe-sample and out-of-sample and low number of parameters to estimate. This paper contributes to existing literature in using JNN for inflation forecasting since it is rarely used for macroeconomic time series prediction in general. Moreover, this paper defines which set of variables contributes to the best inflation forecast. Additionally, JNN is examined thoroughly by fixing certain parameters of the model and alternating other parameters to contribute to the JNN literature, i.e. finding the optimal JNN.",1,in times of pronounced nonlinearity of macroeconomic variables and in situations when variables are not normally distributed ie when the assumption of iid is not fulfilled neural networks nns should be used for forecasting in this paper jordan neural network jnn a special type of nns is examined because of its advantages in time series forecasting suitable for inflation forecasting the variables used as inputs include labour market variable financial variable external factor and lagged inflation ie the most commonly used variables in previous researches the research is conducted at the aggregate level of euro area countries in the period from january to january based on estimated jnns which differ in selected variables sample breaking point and varying parameters number of hidden neurons weight value of the context unit the model adequacy indicators for each jnn are calculated for two periods inthesample and outofsample finally the optimal jnn for inflation forecasting is obtained as the best compromise solution between low mean squared error inthesample and outofsample and low number of parameters to estimate this paper contributes to existing literature in using jnn for inflation forecasting since it is rarely used for macroeconomic time series prediction in general moreover this paper defines which set of variables contributes to the best inflation forecast additionally jnn is examined thoroughly by fixing certain parameters of the model and alternating other parameters to contribute to the jnn literature ie finding the optimal jnn
10.1080/758518039,A technique developed for evaluating the market timing of financial managers was previously applied to GNP forecasts. This paper demonstrates that a similar procedure may be used to determine whether inflation forecasts are valuable.,1,a technique developed for evaluating the market timing of financial managers was previously applied to gnp forecasts this paper demonstrates that a similar procedure may be used to determine whether inflation forecasts are valuable
10.5430/ijfr.v9n1p171,"This paper analyses the predictive power of market-based and survey-based inﬂation expectations for actual inﬂation. We use the data on inﬂation swaps and the forecasts from the Survey of Professional Forecasters for the euro area and the United States. The results show that both market-based and survey-based measures have a non-negligible predictive power for inﬂation developments, as compared to statistical benchmark models. Therefore, for horizons of one and two years ahead, market-based and survey-based inﬂation expectations actually convey information on future inﬂation developments.",1,this paper analyses the predictive power of marketbased and surveybased inﬂation expectations for actual inﬂation we use the data on inﬂation swaps and the forecasts from the survey of professional forecasters for the euro area and the united states the results show that both marketbased and surveybased measures have a nonnegligible predictive power for inﬂation developments as compared to statistical benchmark models therefore for horizons of one and two years ahead marketbased and surveybased inﬂation expectations actually convey information on future inﬂation developments
10.17016/feds.2004.68,"A stable predictive relationship between inflation and the output gap, often referred to as a Phillips curve, provides the basis for countercyclical monetary policy in many models. In this paper, we evaluate the usefulness of alternative univariate and multivariate estimates of the output gap for predicting inflation. Many of the ex post output gap measures we examine appear to be quite useful for predicting inflation. However, forecasts using real-time estimates of the same measures do not perform nearly as well. The relative usefulness of real-time output gap estimates diminishes further when compared to simple bivariate forecasting models which use past inflation and output growth. Forecast performance also appears to be unstable over time, with models often performing differently over periods of high and low inflation. These results call into question the practical usefulness of the output gap concept for forecasting inflation.",1,a stable predictive relationship between inflation and the output gap often referred to as a phillips curve provides the basis for countercyclical monetary policy in many models in this paper we evaluate the usefulness of alternative univariate and multivariate estimates of the output gap for predicting inflation many of the ex post output gap measures we examine appear to be quite useful for predicting inflation however forecasts using realtime estimates of the same measures do not perform nearly as well the relative usefulness of realtime output gap estimates diminishes further when compared to simple bivariate forecasting models which use past inflation and output growth forecast performance also appears to be unstable over time with models often performing differently over periods of high and low inflation these results call into question the practical usefulness of the output gap concept for forecasting inflation
10.5089/9798400243233.001,"This paper analyzes the inflation forecast errors over the period 2021Q1-2022Q3 using forecasts of core and headline inflation from the International Monetary Fund World Economic Outlook for a large group of advanced and emerging market economies. The findings reveal evidence of forecast bias that worsened initially then subsided towards the end of the sample. There is also evidence of forecast oversmoothing indicating rigidity in forecast revision in the face of incoming information. Focusing on core inflation forecast errors in 2021, four factors provide a potential ex post explanation: a stronger-than-anticipated demand recovery; demand-induced pressures on supply chains; the demand shift from services to goods at the onset of the pandemic; and labor market tightness. Ex ante, we find that the size of the COVID-19 fiscal stimulus packages announced by different governments in 2020 correlates positively with core inflation forecast errors in advanced economies. This result hints at potential forecast inefficiency, but we caution that it hinges on the outcomes of a few, albeit large, economies.",1,this paper analyzes the inflation forecast errors over the period q q using forecasts of core and headline inflation from the international monetary fund world economic outlook for a large group of advanced and emerging market economies the findings reveal evidence of forecast bias that worsened initially then subsided towards the end of the sample there is also evidence of forecast oversmoothing indicating rigidity in forecast revision in the face of incoming information focusing on core inflation forecast errors in four factors provide a potential ex post explanation a strongerthananticipated demand recovery demandinduced pressures on supply chains the demand shift from services to goods at the onset of the pandemic and labor market tightness ex ante we find that the size of the covid fiscal stimulus packages announced by different governments in correlates positively with core inflation forecast errors in advanced economies this result hints at potential forecast inefficiency but we caution that it hinges on the outcomes of a few albeit large economies
10.3846/16111699.2011.620135,"This paper analyses inflation forecasting power of artificial neural networks with alternative univariate time series models for Turkey. The forecasting accuracy of the models is compared in terms of both static and dynamic forecasts for the period between 1982:1 and 2009:12. We find that at earlier forecast horizons conventional models, especially ARFIMA and ARIMA, provide better one-step ahead forecasting performance. However, unobserved components model turns out to be the best performer in terms of dynamic forecasts. The superiority of the unobserved components model suggests that inflation in Turkey has time varying pattern and conventional models are not able to track underlying trend of inflation in the long run.",1,this paper analyses inflation forecasting power of artificial neural networks with alternative univariate time series models for turkey the forecasting accuracy of the models is compared in terms of both static and dynamic forecasts for the period between and we find that at earlier forecast horizons conventional models especially arfima and arima provide better onestep ahead forecasting performance however unobserved components model turns out to be the best performer in terms of dynamic forecasts the superiority of the unobserved components model suggests that inflation in turkey has time varying pattern and conventional models are not able to track underlying trend of inflation in the long run
10.1111/j.1468-0297.2004.00246.x,"We consider evaluating the UK Monetary Policy Committee's inflation density forecasts using probability integral transform goodness‐of‐fit tests. These tests evaluate the whole forecast density. We also consider whether the probabilities assigned to inflation being in certain ranges are well calibrated, where the ranges are chosen to be those of particular relevance to the MPC, given its remit of maintaining inflation rates in a band around per annum. Finally, we discuss the decision‐based approach to forecast evaluation in relation to the MPC forecasts.",1,we consider evaluating the uk monetary policy committees inflation density forecasts using probability integral transform goodness‐of‐fit tests these tests evaluate the whole forecast density we also consider whether the probabilities assigned to inflation being in certain ranges are well calibrated where the ranges are chosen to be those of particular relevance to the mpc given its remit of maintaining inflation rates in a band around per annum finally we discuss the decision‐based approach to forecast evaluation in relation to the mpc forecasts
10.20955/r.104.131-48,"Inflation expectations constitute important components of macroeconomic models and monetary policy rules. We investigate the relative performance of consumer, professional, market-based, and model-based inflation forecasts.",1,inflation expectations constitute important components of macroeconomic models and monetary policy rules we investigate the relative performance of consumer professional marketbased and modelbased inflation forecasts
10.1002/for.1021,"Abstract This paper examines the problem of forecasting macro‐variables which are observed monthly (or quarterly) and result from geographical and sectorial aggregation. The aim is to formulate a methodology whereby all relevant information gathered in this context could provide more accurate forecasts, be frequently updated, and include a disaggregated explanation as useful information for decision‐making. The appropriate treatment of the resulting disaggregated data set requires vector modelling, which captures the long‐run restrictions between the different time series and the short‐term correlations existing between their stationary transformations. Frequently, due to a lack of degrees of freedom, the vector model must be restricted to a block‐diagonal vector model. This methodology is applied in this paper to inflation in the euro area, and shows that disaggregated models with cointegration restrictions improve accuracy in forecasting aggregate macro‐variables. Copyright © 2007 John Wiley &amp; Sons, Ltd.",1,abstract this paper examines the problem of forecasting macro‐variables which are observed monthly or quarterly and result from geographical and sectorial aggregation the aim is to formulate a methodology whereby all relevant information gathered in this context could provide more accurate forecasts be frequently updated and include a disaggregated explanation as useful information for decision‐making the appropriate treatment of the resulting disaggregated data set requires vector modelling which captures the long‐run restrictions between the different time series and the short‐term correlations existing between their stationary transformations frequently due to a lack of degrees of freedom the vector model must be restricted to a block‐diagonal vector model this methodology is applied in this paper to inflation in the euro area and shows that disaggregated models with cointegration restrictions improve accuracy in forecasting aggregate macro‐variables copyright © john wiley amp sons ltd
10.1002/for.2949,"Abstract The sharp rise in inflation during the past few years has engendered comparisons with the great inflation of the 1970s and early 1980s. Like that earlier episode, the recent inflation has been underpinned by supply‐side shocks and, in the case of the United States, by highly accommodative fiscal and monetary policies. Like that early episode, the recent inflation has been largely unpredicted; it caught US policy makers by surprise, despite the fact that several prominent economists had warned early on that fiscal and monetary policies were setting the stage for an upsurge in inflation. To motivate this special issue, we provide a brief account of the policy miscues and policy debates that resulted from the large forecast errors in predicting the upsurge in inflation in 2021 and 2022. We then provide an overview of the papers in this issue, which address a range of methodological and empirical issues related to forecasting and highlight the dilemmas faced by agents within the economy and policy makers.",1,abstract the sharp rise in inflation during the past few years has engendered comparisons with the great inflation of the s and early s like that earlier episode the recent inflation has been underpinned by supply‐side shocks and in the case of the united states by highly accommodative fiscal and monetary policies like that early episode the recent inflation has been largely unpredicted it caught us policy makers by surprise despite the fact that several prominent economists had warned early on that fiscal and monetary policies were setting the stage for an upsurge in inflation to motivate this special issue we provide a brief account of the policy miscues and policy debates that resulted from the large forecast errors in predicting the upsurge in inflation in and we then provide an overview of the papers in this issue which address a range of methodological and empirical issues related to forecasting and highlight the dilemmas faced by agents within the economy and policy makers
10.1080/00036849500000049,"Abstract Recent research suggests that long-term interest rate spreads provide information that can be useful in forecasting inflation, but that the spread between the three-month and six-month Treasury bill rates appears to have little forecasting ability. This paper uses the concepts of unit roots and cointegration to examine the failure of the short-term T-bill spread to forecast inflation. The results suggest that the interest rate spread has little forecasting value because inflation and the interest rate spread exhibit distinctly different time-series properties.",1,abstract recent research suggests that longterm interest rate spreads provide information that can be useful in forecasting inflation but that the spread between the threemonth and sixmonth treasury bill rates appears to have little forecasting ability this paper uses the concepts of unit roots and cointegration to examine the failure of the shortterm tbill spread to forecast inflation the results suggest that the interest rate spread has little forecasting value because inflation and the interest rate spread exhibit distinctly different timeseries properties
10.20955/wp.2023.015,"We explore the ability of large language models (LLMs) to produce in-sample conditional inflation forecasts during the 2019–23 period. We use a leading LLM (Google AI’s PaLM) to produce distributions of conditional forecasts at different horizons and compare these forecasts to those of a leading source, the Survey of Professional Forecasters (SPF). We find that LLM forecasts generate lower mean-squared errors overall in most years and at almost all horizons. LLM forecasts exhibit slower reversion to the 2 percent inflation anchor.",1,we explore the ability of large language models llms to produce insample conditional inflation forecasts during the – period we use a leading llm google ai’s palm to produce distributions of conditional forecasts at different horizons and compare these forecasts to those of a leading source the survey of professional forecasters spf we find that llm forecasts generate lower meansquared errors overall in most years and at almost all horizons llm forecasts exhibit slower reversion to the percent inflation anchor
10.1080/00036840701857978,"Many studies have undertaken separate analyses of the Fed's forecasts of real Gross Domestic Product (GDP) growth and inflation. This article presents a method for jointly evaluating the direction of change predictions of these variables. We conclude that some of the inflation forecasts, examined separately, were not valuable. However, the joint pattern of GDP and inflation projections was generally in accord with the economy's movements. ‘… directional forecasting … is now an increasingly popular metric for forecasting performance….’ (Pesaran and Timmermann, 2004 Pesaran, MH and Timmermann, A. 2004. How costly is it to ignore breaks when forecasting the direction of a time series?. International Journal of Forecasting, 20: 411–25. [Crossref], [Web of Science ®] , [Google Scholar], 414)",1,many studies have undertaken separate analyses of the feds forecasts of real gross domestic product gdp growth and inflation this article presents a method for jointly evaluating the direction of change predictions of these variables we conclude that some of the inflation forecasts examined separately were not valuable however the joint pattern of gdp and inflation projections was generally in accord with the economys movements ‘… directional forecasting … is now an increasingly popular metric for forecasting performance…’ pesaran and timmermann pesaran mh and timmermann a how costly is it to ignore breaks when forecasting the direction of a time series international journal of forecasting – crossref web of science ® google scholar
10.1002/for.2350,"Abstract The paper forecasts consumer price inflation in the euro area (EA) and in the USA between 1980:Q1 and 2012:Q4 based on a large set of predictors, with dynamic model averaging (DMA) and dynamic model selection (DMS). DMA/DMS allows not solely for coefficients to change over time, but also for changes in the entire forecasting model over time. DMA/DMS provides on average the best inflation forecasts with regard to alternative approaches (such as the random walk). DMS outperforms DMA. These results are robust for different sample periods and for various forecast horizons. The paper highlights common features between the USA and the EA. First, two groups of predictors forecast inflation: temporary fundamentals that have a frequent impact on inflation but only for short time periods; and persistent fundamentals whose switches are less frequent over time. Second, the importance of some variables (particularly international food commodity prices, house prices and oil prices) as predictors for consumer price index inflation increases when such variables experience large shocks. The paper also shows that significant differences prevail in the forecasting models between the USA and the EA. Such differences can be explained by the structure of these respective economies. Copyright © 2015 John Wiley &amp; Sons, Ltd.",1,abstract the paper forecasts consumer price inflation in the euro area ea and in the usa between q and q based on a large set of predictors with dynamic model averaging dma and dynamic model selection dms dmadms allows not solely for coefficients to change over time but also for changes in the entire forecasting model over time dmadms provides on average the best inflation forecasts with regard to alternative approaches such as the random walk dms outperforms dma these results are robust for different sample periods and for various forecast horizons the paper highlights common features between the usa and the ea first two groups of predictors forecast inflation temporary fundamentals that have a frequent impact on inflation but only for short time periods and persistent fundamentals whose switches are less frequent over time second the importance of some variables particularly international food commodity prices house prices and oil prices as predictors for consumer price index inflation increases when such variables experience large shocks the paper also shows that significant differences prevail in the forecasting models between the usa and the ea such differences can be explained by the structure of these respective economies copyright © john wiley amp sons ltd
10.1111/j.1468-0084.2005.00149.x,"Abstract This paper proposes and analyses the Kullback–Leibler information criterion (KLIC) as a unified statistical tool to evaluate, compare and combine density forecasts. Use of the KLIC is particularly attractive, as well as operationally convenient, given its equivalence with the widely used Berkowitz likelihood ratio test for the evaluation of individual density forecasts that exploits the probability integral transforms. Parallels with the comparison and combination of point forecasts are made. This and related Monte Carlo experiments help draw out properties of combined density forecasts. We illustrate the uses of the KLIC in an application to two widely used published density forecasts for UK inflation, namely the Bank of England and NIESR ‘fan’ charts.",1,abstract this paper proposes and analyses the kullback–leibler information criterion klic as a unified statistical tool to evaluate compare and combine density forecasts use of the klic is particularly attractive as well as operationally convenient given its equivalence with the widely used berkowitz likelihood ratio test for the evaluation of individual density forecasts that exploits the probability integral transforms parallels with the comparison and combination of point forecasts are made this and related monte carlo experiments help draw out properties of combined density forecasts we illustrate the uses of the klic in an application to two widely used published density forecasts for uk inflation namely the bank of england and niesr ‘fan’ charts
10.1162/rest.2009.11167,"This paper examines matched point and density forecasts of inflation from the Survey of Professional Forecasters to analyze the relationships among expected inflation, disagreement, and uncertainty. We undertake the empirical analysis within a seemingly unrelated regression framework and derive measures of uncertainty using a decomposition proposed by Wallis (2004, 2005) and by drawing on the concept of entropy. The results offer little evidence that disagreement is a useful proxy for uncertainty and mixed evidence that increases in expected inflation are accompanied by heightened uncertainty. Conversely, we document a quantitatively and statistically significant positive association between disagreement and expected inflation. © 2010 The President and Fellows of Harvard College and the Massachusetts Institute of Technology.",1,this paper examines matched point and density forecasts of inflation from the survey of professional forecasters to analyze the relationships among expected inflation disagreement and uncertainty we undertake the empirical analysis within a seemingly unrelated regression framework and derive measures of uncertainty using a decomposition proposed by wallis and by drawing on the concept of entropy the results offer little evidence that disagreement is a useful proxy for uncertainty and mixed evidence that increases in expected inflation are accompanied by heightened uncertainty conversely we document a quantitatively and statistically significant positive association between disagreement and expected inflation © the president and fellows of harvard college and the massachusetts institute of technology
10.17016/ifdp.2004.797,"We examine the performance of forward-looking inflation-forecast-based rules in open economies. In a New Keynesian two-bloc model, a methodology first employed by Batini and Pearlman (2002) is used to obtain analytically the feedback parameters/horizon pairs associated with unique and stable equilibria. Three key findings emerge: First, indeterminacy occurs for any value of the feedback parameter on inflation if the forecast horizon lies too far into the future. Second, the problem of indeterminacy is intrinsically more serious in the open economy. Third, the problem is compounded further in the open economy when central banks respond to expected consumer, rather than producer price inflation.",1,we examine the performance of forwardlooking inflationforecastbased rules in open economies in a new keynesian twobloc model a methodology first employed by batini and pearlman is used to obtain analytically the feedback parametershorizon pairs associated with unique and stable equilibria three key findings emerge first indeterminacy occurs for any value of the feedback parameter on inflation if the forecast horizon lies too far into the future second the problem of indeterminacy is intrinsically more serious in the open economy third the problem is compounded further in the open economy when central banks respond to expected consumer rather than producer price inflation
10.1002/for.2698,"Abstract Neural networks (NNs) are appropriate to use in time series analysis under conditions of unfulfilled assumptions, i.e., non‐normality and nonlinearity. The aim of this paper is to propose means of addressing identified shortcomings with the objective of identifying the NN structure for inflation forecasting. The research is based on a theoretical model that includes the characteristics of demand‐pull and cost‐push inflation; i.e., it uses the labor market, financial and external factors, and lagged inflation variables. It is conducted at the aggregate level of euro area countries from January 1999 to January 2017. Based on the estimated 90 feedforward NNs (FNNs) and 450 Jordan NNs (JNNs), which differ in variable parameters (number of iterations, learning rate, initial weight value intervals, number of hidden neurons, and weight value of the context unit), the mean square error (MSE), and the Akaike Information Criterion (AIC) are calculated for two periods: in‐the‐sample and out‐of‐sample. Ranking NNs simultaneously on both periods according to either MSE or AIC does not lead to the selection of the ‘best’ NN because the optimal NN in‐the‐sample, based on MSE and/or AIC criteria, often has high out‐of‐sample values of both indicators. To achieve the best compromise solution, i.e., to select an optimal NN, the preference ranking organization method for enrichment of evaluations (PROMETHEE) is used. Comparing the optimal FNN and JNN, i.e., FNN(4,5,1) and JNN(4,3,1), it is concluded that under approximately equal conditions, fewer hidden layer neurons are required in JNN than in FNN, confirming that JNN is parsimonious compared to FNN. Moreover, JNN has a better forecasting performance than FNN.",1,abstract neural networks nns are appropriate to use in time series analysis under conditions of unfulfilled assumptions ie non‐normality and nonlinearity the aim of this paper is to propose means of addressing identified shortcomings with the objective of identifying the nn structure for inflation forecasting the research is based on a theoretical model that includes the characteristics of demand‐pull and cost‐push inflation ie it uses the labor market financial and external factors and lagged inflation variables it is conducted at the aggregate level of euro area countries from january to january based on the estimated feedforward nns fnns and jordan nns jnns which differ in variable parameters number of iterations learning rate initial weight value intervals number of hidden neurons and weight value of the context unit the mean square error mse and the akaike information criterion aic are calculated for two periods in‐the‐sample and out‐of‐sample ranking nns simultaneously on both periods according to either mse or aic does not lead to the selection of the ‘best’ nn because the optimal nn in‐the‐sample based on mse andor aic criteria often has high out‐of‐sample values of both indicators to achieve the best compromise solution ie to select an optimal nn the preference ranking organization method for enrichment of evaluations promethee is used comparing the optimal fnn and jnn ie fnn and jnn it is concluded that under approximately equal conditions fewer hidden layer neurons are required in jnn than in fnn confirming that jnn is parsimonious compared to fnn moreover jnn has a better forecasting performance than fnn
10.1080/00036840500427296,"The combination of individual forecasts is often a useful tool to improve forecast accuracy. The most commonly used technique for forecast combination is the mean, and it has frequently proved hard to surpass. This study considers factor analysis to combine US inflation forecasts showing that just one factor is not enough to beat the mean and that the second one is necessary. The first factor is usually a weighted mean of the variables and it can be interpreted as a consensus forecast, while the second factor generally provides the differences among the variables and, since the observations are forecasts, it may be related with the dispersion in forecasting expectations and, in a sense, with its uncertainty. Within this approach, the study also revisits Friedman's hypothesis relating the level of inflation with expectations uncertainty at the beginning of the twenty-first century.",1,the combination of individual forecasts is often a useful tool to improve forecast accuracy the most commonly used technique for forecast combination is the mean and it has frequently proved hard to surpass this study considers factor analysis to combine us inflation forecasts showing that just one factor is not enough to beat the mean and that the second one is necessary the first factor is usually a weighted mean of the variables and it can be interpreted as a consensus forecast while the second factor generally provides the differences among the variables and since the observations are forecasts it may be related with the dispersion in forecasting expectations and in a sense with its uncertainty within this approach the study also revisits friedmans hypothesis relating the level of inflation with expectations uncertainty at the beginning of the twentyfirst century
10.1111/j.1465-7295.1999.tb01432.x,"This paper reevaluates the inflation forecast performance of M2‐based P * models relative to other competing models over the period of 1970–96. Included in the comparative study are newly developed monetary aggregates, including M2+, MZM, and M2*, and direct treatments of velocity changes associated with recent developments in M2. Out‐of‐sample rolling‐horizon forecast exercises suggest that the predictive accuracy of alternative P * model specifications relative to traditional inflation models is not robust to different subsamples. The switching forecast performance between money‐based and output‐based models across periods highlights the extent of structural instability in the inflation generating process. ( JEL E3, E4, C2)",1,this paper reevaluates the inflation forecast performance of m ‐based p models relative to other competing models over the period of – included in the comparative study are newly developed monetary aggregates including m mzm and m and direct treatments of velocity changes associated with recent developments in m out‐of‐sample rolling‐horizon forecast exercises suggest that the predictive accuracy of alternative p model specifications relative to traditional inflation models is not robust to different subsamples the switching forecast performance between money‐based and output‐based models across periods highlights the extent of structural instability in the inflation generating process jel e e c
10.1177/002795019916700111,"This article examines the statistical issues surrounding the Bank of England's density forecast of inflation and its presentation as a ‘fan chart’. The Bank's preferred central projection is the mode of the density but this underestimates ‘average inflation over a number of years’ in terms of which monetary stability is defined. An alternative fan chart based on central prediction intervals is presented, better reflecting the extent to which the overall balance of risks is on the upside of the inflation target. An ‘all-or-nothing’ loss function is seen to be implicit in the Bank's choices of statistical measures, but is unrealistic.",1,this article examines the statistical issues surrounding the bank of englands density forecast of inflation and its presentation as a ‘fan chart’ the banks preferred central projection is the mode of the density but this underestimates ‘average inflation over a number of years’ in terms of which monetary stability is defined an alternative fan chart based on central prediction intervals is presented better reflecting the extent to which the overall balance of risks is on the upside of the inflation target an ‘allornothing’ loss function is seen to be implicit in the banks choices of statistical measures but is unrealistic
10.2307/1992397,"THE RECENT APPRECIATION of the critical role played by expectations of inflation in the behavior of macromodels has stimulated empirical studies of the formation of expectations by different groups. Time series survey data on expectations of inflation exist now for economists, households, and businesses. These data have been used as independent variables in explaining wage behavior (Gordon [16], Turnovsky and Wachter [34], and de Menil and Bhatta [5]), prices (Turnovsky and Wachter [34] and Wachtel [36]), interest rates (Gibson [14], Hendershott and Van Horne [19], Pearce [30], and Mishkin [27]), and consumption (Wachtel [36]), generally with a significant improvement in explanatory power. They have also been used as dependent variables in attempts to determine how expectations are formed by Gordon [15], Mullineaux [28], Jacobs and Jones [20], and Figlewski and Wachtel [9] for the economist survey, Van Duyne [35] for the household survey, and Leonard [23] and de Leeuw and McKelvey [4] for businesses. Given their different levels of knowlege of economics and perspectives, one might expect that the models used by the different groups to forecast inflation would",1,the recent appreciation of the critical role played by expectations of inflation in the behavior of macromodels has stimulated empirical studies of the formation of expectations by different groups time series survey data on expectations of inflation exist now for economists households and businesses these data have been used as independent variables in explaining wage behavior gordon turnovsky and wachter and de menil and bhatta prices turnovsky and wachter and wachtel interest rates gibson hendershott and van horne pearce and mishkin and consumption wachtel generally with a significant improvement in explanatory power they have also been used as dependent variables in attempts to determine how expectations are formed by gordon mullineaux jacobs and jones and figlewski and wachtel for the economist survey van duyne for the household survey and leonard and de leeuw and mckelvey for businesses given their different levels of knowlege of economics and perspectives one might expect that the models used by the different groups to forecast inflation would
10.2753/eee0012-8775490105,"Professional forecasters in the Czech Republic made large average absolute and relative errors in inflation forecasts between 1998 and 2007. However, these errors were, in a majority of institutions, exclusively due to inaccurate forecast of exchange rate development. Although forecasters learned from their past forecast errors, the exchange rate forecast errors persisted. Nevertheless, some of the forecasting institutions, such as the Czech central bank, exhibited a bias in their inflation forecasts even after accounting for the errors in exchange rate forecasts.",1,professional forecasters in the czech republic made large average absolute and relative errors in inflation forecasts between and however these errors were in a majority of institutions exclusively due to inaccurate forecast of exchange rate development although forecasters learned from their past forecast errors the exchange rate forecast errors persisted nevertheless some of the forecasting institutions such as the czech central bank exhibited a bias in their inflation forecasts even after accounting for the errors in exchange rate forecasts
10.1353/mcb.2003.0031,"This paper reviews the concept of constant-interest-rate inflation forecast (CIR) targeting. It stresses the time-inconsistent nature of CIR targeting and provides a new method for constructing CIR forecasts consistently in the context of models with forward-looking variables. A dynamic New Keynesian model with forward-looking price setting is used as an illustration, suggesting that the main reason for choosing a relatively long forecast targeting horizon lies in the monetary authorities' objective to smooth interest rate movements, as greater nominal and real stabilization is achieved at a relatively short inflation forecast targeting horizon.",1,this paper reviews the concept of constantinterestrate inflation forecast cir targeting it stresses the timeinconsistent nature of cir targeting and provides a new method for constructing cir forecasts consistently in the context of models with forwardlooking variables a dynamic new keynesian model with forwardlooking price setting is used as an illustration suggesting that the main reason for choosing a relatively long forecast targeting horizon lies in the monetary authorities objective to smooth interest rate movements as greater nominal and real stabilization is achieved at a relatively short inflation forecast targeting horizon
10.1111/caje.12083,"Abstract We test whether the Bank of Canada pursues a flexible inflation forecast target, one that weights output growth as well as inflation. For the period 1996–2007, we find evidence that the Bank did effectively pursue such a target over the forecast horizon of 12 to 18 months. We find the relative weight that the Bank gives to output growth in its target to be positive and statistically significant within the range of 0.2 to 0.4.",1,abstract we test whether the bank of canada pursues a flexible inflation forecast target one that weights output growth as well as inflation for the period – we find evidence that the bank did effectively pursue such a target over the forecast horizon of to months we find the relative weight that the bank gives to output growth in its target to be positive and statistically significant within the range of to
10.26509/frbc-ec-201503,"Looking across a range of statistical models, we consider the likely path of future inflation and the uncertainty surrounding the models' predictions. The models suggest that inflation is on a rising path, and while inflation forecast uncertainty is somewhat elevated relative to the norms of the last 20 years, core inflation uncertainty is relatively low. For both inflation rates, forecast uncertainty is much lower as of the first quarter of 2015 than it was around the Great Recession.",1,looking across a range of statistical models we consider the likely path of future inflation and the uncertainty surrounding the models predictions the models suggest that inflation is on a rising path and while inflation forecast uncertainty is somewhat elevated relative to the norms of the last years core inflation uncertainty is relatively low for both inflation rates forecast uncertainty is much lower as of the first quarter of than it was around the great recession
10.2307/20076357,"Gunnar Bårdsen, Eilev S. Jansen, Ragnar Nymoen, Model Specification and Inflation Forecast Uncertainty, Annales d'Économie et de Statistique, No. 67/68, Économétrie de l'évaluation des politiques / The Econometrics of Policy Evalution (Jul. - Dec., 2002), pp. 495-517",1,gunnar bårdsen eilev s jansen ragnar nymoen model specification and inflation forecast uncertainty annales déconomie et de statistique no économétrie de lévaluation des politiques the econometrics of policy evalution jul dec pp
10.1002/for.1056,"Abstract This paper uses a meta‐analysis to survey existing factor forecast applications for output and inflation and assesses what causes large factor models to perform better or more poorly at forecasting than other models. Our results suggest that factor models tend to outperform small models, whereas factor forecasts are slightly worse than pooled forecasts. Factor models deliver better predictions for US variables than for UK variables, for US output than for euro‐area output and for euro‐area inflation than for US inflation. The size of the dataset from which factors are extracted positively affects the relative factor forecast performance, whereas pre‐selecting the variables included in the dataset did not improve factor forecasts in the past. Finally, the factor estimation technique may matter as well. Copyright © 2008 John Wiley &amp; Sons, Ltd.",1,abstract this paper uses a meta‐analysis to survey existing factor forecast applications for output and inflation and assesses what causes large factor models to perform better or more poorly at forecasting than other models our results suggest that factor models tend to outperform small models whereas factor forecasts are slightly worse than pooled forecasts factor models deliver better predictions for us variables than for uk variables for us output than for euro‐area output and for euro‐area inflation than for us inflation the size of the dataset from which factors are extracted positively affects the relative factor forecast performance whereas pre‐selecting the variables included in the dataset did not improve factor forecasts in the past finally the factor estimation technique may matter as well copyright © john wiley amp sons ltd
10.34989/swp-1995-1,"In this paper, the author uses the term structure of nominal interest rates to construct estimates of agents' expectations of inflation over several medium-term forecast horizons. The Expectations Hypothesis is imposed together with the assumption that expected future real interest rates are given by current real rates. Under these maintained assumptions, it is possible to compare the nominal yields on two assets of different maturities and attribute the difference in nominal yields to differences in expected inflation over the two horizons (assuming a constant term premium). The results for the United States and Canada over the past several years suggest that there is a significant static element to agents' inflation expectations.",1,in this paper the author uses the term structure of nominal interest rates to construct estimates of agents expectations of inflation over several mediumterm forecast horizons the expectations hypothesis is imposed together with the assumption that expected future real interest rates are given by current real rates under these maintained assumptions it is possible to compare the nominal yields on two assets of different maturities and attribute the difference in nominal yields to differences in expected inflation over the two horizons assuming a constant term premium the results for the united states and canada over the past several years suggest that there is a significant static element to agents inflation expectations
10.20955/wp.1984.022,"There has been much work examining and evaluating different methodologies in forecasting inflation. For example, Fama (1975, 1977) develops an interest rate model to predict the 1-monthahead rate of inflation using the CPI. Fama and Gibbons (1982, 1984) modify the interest rate model to account for a nonconstant real rate of interest and compare it to a univariate timeseries forecasting model and to the Livingston forecasts. Carlson (1977a, 1977b) and others also analyze the consensus forecasts from the Livingston survey pertaining to multiperiod forecasts of inflation. Pearce (1979) considered the Livingston survey and time-series forecasts. Our purpose in this paper is to investigate further the relative forecasting ability of three different methodologies. In contrast to previous studies that have generally used the CPI to measure inflation, our analysis uses the implicit GNP deflator. This modification is motivated largely by the fact that calculations of the CPI inflat'n rate often are distorted greatly by changes in relative prices (e.g., Blinder 1980; Fischer 1981). This paper compares the accuracy of three different inflation forecasting procedures. These include a univariate time-series model, an interest rate model based on the methodology of Fama and Gibbons, and the median forecasts derived from the American Statistical Association-National Bureau of Economic Research survey. The evidence presented is based on ex ante forecasts of quarterly inflation rates using the GNP deflator for the period 1970:11984:11. Based on the evidence presented, the general conclusion is that the survey forecasts provide the most accurate inflation forecasts.",1,there has been much work examining and evaluating different methodologies in forecasting inflation for example fama develops an interest rate model to predict the monthahead rate of inflation using the cpi fama and gibbons modify the interest rate model to account for a nonconstant real rate of interest and compare it to a univariate timeseries forecasting model and to the livingston forecasts carlson a b and others also analyze the consensus forecasts from the livingston survey pertaining to multiperiod forecasts of inflation pearce considered the livingston survey and timeseries forecasts our purpose in this paper is to investigate further the relative forecasting ability of three different methodologies in contrast to previous studies that have generally used the cpi to measure inflation our analysis uses the implicit gnp deflator this modification is motivated largely by the fact that calculations of the cpi inflatn rate often are distorted greatly by changes in relative prices eg blinder fischer this paper compares the accuracy of three different inflation forecasting procedures these include a univariate timeseries model an interest rate model based on the methodology of fama and gibbons and the median forecasts derived from the american statistical associationnational bureau of economic research survey the evidence presented is based on ex ante forecasts of quarterly inflation rates using the gnp deflator for the period based on the evidence presented the general conclusion is that the survey forecasts provide the most accurate inflation forecasts
10.1002/(sici)1099-131x(200004)19:3<201::aid-for753>3.0.co;2-4,"Artificial neural network modelling has recently attracted much attention as a new technique for estimation and forecasting in economics and finance. The chief advantages of this new approach are that such models can usually find a solution for very complex problems, and that they are free from the assumption of linearity that is often adopted to make the traditional methods tractable. In this paper we compare the performance of Back-Propagation Artificial Neural Network (BPN) models with the traditional econometric approaches to forecasting the inflation rate. Of the traditional econometric models we use a structural reduced-form model, an ARIMA model, a vector autoregressive model, and a Bayesian vector autoregression model. We compare each econometric model with a hybrid BPN model which uses the same set of variables. Dynamic forecasts are compared for three different horizons: one, three and twelve months ahead. Root mean squared errors and mean absolute errors are used to compare quality of forecasts. The results show the hybrid BPN models are able to forecast as well as all the traditional econometric methods, and to outperform them in some cases. Copyright © 2000 John Wiley & Sons, Ltd.",1,artificial neural network modelling has recently attracted much attention as a new technique for estimation and forecasting in economics and finance the chief advantages of this new approach are that such models can usually find a solution for very complex problems and that they are free from the assumption of linearity that is often adopted to make the traditional methods tractable in this paper we compare the performance of backpropagation artificial neural network bpn models with the traditional econometric approaches to forecasting the inflation rate of the traditional econometric models we use a structural reducedform model an arima model a vector autoregressive model and a bayesian vector autoregression model we compare each econometric model with a hybrid bpn model which uses the same set of variables dynamic forecasts are compared for three different horizons one three and twelve months ahead root mean squared errors and mean absolute errors are used to compare quality of forecasts the results show the hybrid bpn models are able to forecast as well as all the traditional econometric methods and to outperform them in some cases copyright © john wiley sons ltd
10.30541/v45i3pp.341-368,"This paper presents three empirical approaches to forecasting inflation in Pakistan. The preferred approach is a leading indicators model, in which broad money growth and private sector credit growth help forecast inflation. A univariate approach also yields reasonable forecasts, but seems less suited to capturing turning-points. A vector autoregressive (VAR) model illustrates how monetary developments can be described by a Phillips-curve-type relationship. We deal with potential parameter instability on account of fundamental changes in Pakistan’s economic system by restricting our sample to more recent observations. Aspects of Gregorian and Islamic calendar seasonality are addressed by using 12-month moving averages.",1,this paper presents three empirical approaches to forecasting inflation in pakistan the preferred approach is a leading indicators model in which broad money growth and private sector credit growth help forecast inflation a univariate approach also yields reasonable forecasts but seems less suited to capturing turningpoints a vector autoregressive var model illustrates how monetary developments can be described by a phillipscurvetype relationship we deal with potential parameter instability on account of fundamental changes in pakistan’s economic system by restricting our sample to more recent observations aspects of gregorian and islamic calendar seasonality are addressed by using month moving averages
10.1111/j.1465-7295.2000.tb00004.x,There is considerable evidence that inflation variability and the level of inflation are positively related across countries. Evidence of a within‐country relation is mixed. Evidence for a significant positive relation comes mostly from studies using some survey measure; contrary evidence comes mostly from studies using regression errors. Our measure of uncertainty is the squared forecast‐error from Organization for Economic Cooperation and Development inflation forecasts. Most countries do not exhibit a positive and significant relation. The greatest number of positive coefficients is for relative uncertainty regressed on contemporaneous inflation.,1,there is considerable evidence that inflation variability and the level of inflation are positively related across countries evidence of a within‐country relation is mixed evidence for a significant positive relation comes mostly from studies using some survey measure contrary evidence comes mostly from studies using regression errors our measure of uncertainty is the squared forecast‐error from organization for economic cooperation and development inflation forecasts most countries do not exhibit a positive and significant relation the greatest number of positive coefficients is for relative uncertainty regressed on contemporaneous inflation
10.1111/1468-0106.12214,"Abstract We examine asymmetry in the loss functions of South Korean consumers' and the Bank of Korea's (BOK) inflation forecasts, and test the rationality of these forecasts under the assumption of a possible asymmetric loss function. Under an asymmetric loss function, we find evidence of asymmetry and support for rationality. We also examine whether the BOK's forecasts incorporate respective forecasts and consensus forecasts efficiently. They broadly use available information efficiently, and their results are robust to inflation‐targeting measures and the recent global financial crisis. However, our results suggest that the information efficiency of the BOK's forecasts for consumers was affected during the period 2007–2008.",1,abstract we examine asymmetry in the loss functions of south korean consumers and the bank of koreas bok inflation forecasts and test the rationality of these forecasts under the assumption of a possible asymmetric loss function under an asymmetric loss function we find evidence of asymmetry and support for rationality we also examine whether the boks forecasts incorporate respective forecasts and consensus forecasts efficiently they broadly use available information efficiently and their results are robust to inflation‐targeting measures and the recent global financial crisis however our results suggest that the information efficiency of the boks forecasts for consumers was affected during the period –
10.3929/ethz-a-005788384,This paper investigates the effects of media coverage and macroeconomic conditions on inflation forecast disagreement of German households and professional forecasters. We adopt a Bayesian learning model in which media coverage of inflation affects forecast disagreement by influencing information sets as well as predictor choice. Our empirical results show that disagreement of households depends on the content of news stories (tone) but is unaffected by reporting intensity (volume) and by the heterogeneity of story content (information entropy). Disagreement of professionals does not depend on media coverage. With respect to the influence of macroeconomic variables we provide evidence that disagreement of households and professionals primarily depends on the current rate of inflation.,1,this paper investigates the effects of media coverage and macroeconomic conditions on inflation forecast disagreement of german households and professional forecasters we adopt a bayesian learning model in which media coverage of inflation affects forecast disagreement by influencing information sets as well as predictor choice our empirical results show that disagreement of households depends on the content of news stories tone but is unaffected by reporting intensity volume and by the heterogeneity of story content information entropy disagreement of professionals does not depend on media coverage with respect to the influence of macroeconomic variables we provide evidence that disagreement of households and professionals primarily depends on the current rate of inflation
10.1007/s10663-024-09633-z,"Abstract In the recent years many countries were hit by a series of macroeconomic shocks, most notably as a consequence of the COVID-19 pandemic and Russia’s invasion in Ukraine, raising inflation rates to multi-decade highs and suspending well-documented macroeconomic relationships. To capture these tail events, we propose a mixed-frequency Bayesian vector autoregressive (BVAR) model with Student t-distributed innovations or with stochastic volatility. Whereas inflation, industrial production, as well as oil and gas prices are available at monthly frequencies, real gross domestic product (GDP) is observed at a quarterly frequency. Thus, we apply a mixed-frequency setup using the forward-filtering–backward-sampling algorithm to generate monthly real GDP growth rates. We forecast inflation in those euro area countries that extensively import energy from Russia and therefore have been heavily exposed to the recent oil and gas price shocks. To measure the forecast performance of the mixed-frequency BVAR model, we compare our inflation forecasts with those generated by a battery of competing inflation forecasting models. The proposed BVAR models dominate the competition for all countries in terms of the log predictive density score.",1,abstract in the recent years many countries were hit by a series of macroeconomic shocks most notably as a consequence of the covid pandemic and russia’s invasion in ukraine raising inflation rates to multidecade highs and suspending welldocumented macroeconomic relationships to capture these tail events we propose a mixedfrequency bayesian vector autoregressive bvar model with student tdistributed innovations or with stochastic volatility whereas inflation industrial production as well as oil and gas prices are available at monthly frequencies real gross domestic product gdp is observed at a quarterly frequency thus we apply a mixedfrequency setup using the forwardfiltering–backwardsampling algorithm to generate monthly real gdp growth rates we forecast inflation in those euro area countries that extensively import energy from russia and therefore have been heavily exposed to the recent oil and gas price shocks to measure the forecast performance of the mixedfrequency bvar model we compare our inflation forecasts with those generated by a battery of competing inflation forecasting models the proposed bvar models dominate the competition for all countries in terms of the log predictive density score
10.1111/j.1475-6803.1986.tb00460.x,"Abstract This paper compares the accuracy and examines the rationality of inflation forecasts extracted from U.S. Treasury bill yields, the mean forecast of surveys conducted by the Institute for Social Research, and the predictions from a rolling time‐series model. Measures of realized inflation include both the Consumer Price Index reported during the period and a revised CPI series (CPIX) that replaces the mortgage interest rate with the recently adopted “rental equivalence” component. Inferences about accuracy and rationality depend upon both the measure of inflation and the period studied. The findings suggest that survey forecasts should be used when turbulent variation in the unobservable expected real rate of interest obscures the measurement of the market's expectation of inflation.",1,abstract this paper compares the accuracy and examines the rationality of inflation forecasts extracted from us treasury bill yields the mean forecast of surveys conducted by the institute for social research and the predictions from a rolling time‐series model measures of realized inflation include both the consumer price index reported during the period and a revised cpi series cpix that replaces the mortgage interest rate with the recently adopted “rental equivalence” component inferences about accuracy and rationality depend upon both the measure of inflation and the period studied the findings suggest that survey forecasts should be used when turbulent variation in the unobservable expected real rate of interest obscures the measurement of the markets expectation of inflation
10.2307/2937928,"We examine interest and inflation rates from 1879 to 1913. Deflation prior to 1896 was followed by inflation. Average U. S. inflation was 3.1 percentage points higher in the years after 1896, yet nominal interest rates were no higher after 1896. This nonadjustment of nominal rates would be consistent with rational expectations if inflation was not forecastable, and indeed univariate tests show little sign of serial correlation. But gold production does forecast inflation. The relationship between mining and inflation was such that expected inflation should have risen 300 basis points between 1890 and 1910. We consider explanations of this failure to foresee the shift in inflation after 1896 and conclude that it is not persuasive evidence that investors ignored relevant information, but does suggest great uncertainty about the appropriate model for analyzing the economy.",1,we examine interest and inflation rates from to deflation prior to was followed by inflation average u s inflation was percentage points higher in the years after yet nominal interest rates were no higher after this nonadjustment of nominal rates would be consistent with rational expectations if inflation was not forecastable and indeed univariate tests show little sign of serial correlation but gold production does forecast inflation the relationship between mining and inflation was such that expected inflation should have risen basis points between and we consider explanations of this failure to foresee the shift in inflation after and conclude that it is not persuasive evidence that investors ignored relevant information but does suggest great uncertainty about the appropriate model for analyzing the economy
10.17016/feds.1998.26,"This paper implements recursive techniques to estimate the equilibrium level of M2 velocity and to forecast inflation using the P* model. The recursive estimates of equilibrium velocity are obtained by applying regression trees and least squares methods to a standard representation of M2 demand, namely a model in which the velocity of M2 depends on the opportunity cost of holding M2 instruments. Equilibrium velocity is defined as the level of velocity that would be expected to obtain if deposit rates were at their long-run average (equilibrium) value. We simulate the alternative models to obtain real-time forecasts of inflation and evaluate the performance of the forecasts obtained from the alternative models. We find that while a $P^*$ model assuming a constant equilibrium velocity does not provide accurate inflation forecasts in the 1990s, a model based on our time-varying equilibrium velocity estimates does quite well.",1,this paper implements recursive techniques to estimate the equilibrium level of m velocity and to forecast inflation using the p model the recursive estimates of equilibrium velocity are obtained by applying regression trees and least squares methods to a standard representation of m demand namely a model in which the velocity of m depends on the opportunity cost of holding m instruments equilibrium velocity is defined as the level of velocity that would be expected to obtain if deposit rates were at their longrun average equilibrium value we simulate the alternative models to obtain realtime forecasts of inflation and evaluate the performance of the forecasts obtained from the alternative models we find that while a p model assuming a constant equilibrium velocity does not provide accurate inflation forecasts in the s a model based on our timevarying equilibrium velocity estimates does quite well
10.24818/ea/2021/57/517,"The purpose of this paper is to compare the accuracy of the three types of models: Autoregressive Integrated Moving Average (ARIMA) models, Holt-Winters models and Neural Network Auto-Regressive (NNAR) models in forcasting the Harmonized Index of Consumer Prices (HICP) for the countries of European Union and the Western Balkans (Montenegro, Serbia and Northern Macedonia). The models are compared based on the values of ME, RMSE, MAE, MPE, MAPE, MASE and Theil's U for the out-of-sample forecast. The key finding of this paper is that NNAR models give the most accurate forecast for the Western Balkans countries while ARIMA model gives the most accurate forecast of twelve-month inflation in EU countries. The Holt-Winters (additive and multiplicative) method proved to be the second best method in case of both group of countries. The obtained results correspond to the fact that the European Union has been implementing a policy of strict inflation targeting for a long time, so the ARIMA models give the most accurate forecast of inflation future values. In the countries of the Western Balkans the targeting policy is not implemented in the same way and the NNAR models are better for inflation forecasting.",1,the purpose of this paper is to compare the accuracy of the three types of models autoregressive integrated moving average arima models holtwinters models and neural network autoregressive nnar models in forcasting the harmonized index of consumer prices hicp for the countries of european union and the western balkans montenegro serbia and northern macedonia the models are compared based on the values of me rmse mae mpe mape mase and theils u for the outofsample forecast the key finding of this paper is that nnar models give the most accurate forecast for the western balkans countries while arima model gives the most accurate forecast of twelvemonth inflation in eu countries the holtwinters additive and multiplicative method proved to be the second best method in case of both group of countries the obtained results correspond to the fact that the european union has been implementing a policy of strict inflation targeting for a long time so the arima models give the most accurate forecast of inflation future values in the countries of the western balkans the targeting policy is not implemented in the same way and the nnar models are better for inflation forecasting
10.4284/0038-4038-78.2.424,"We suggest a new way of computing the inflation‐output variability tradeoff under inflation forecast targeting. Our approach is based on dynamic, stochastic simulations of the average inflation rate over a two‐year horizon using the moving average representation of a vector autoregressive (VAR) model. Using real‐time data over two samples, we estimate the inflation‐output variability tradeoff for the United States and show that it has shifted favorably over time. We analyze the policy interventions required to achieve target inflation in each sample and compare these interventions over time.",1,we suggest a new way of computing the inflation‐output variability tradeoff under inflation forecast targeting our approach is based on dynamic stochastic simulations of the average inflation rate over a two‐year horizon using the moving average representation of a vector autoregressive var model using real‐time data over two samples we estimate the inflation‐output variability tradeoff for the united states and show that it has shifted favorably over time we analyze the policy interventions required to achieve target inflation in each sample and compare these interventions over time
10.14569/ijacsa.2019.0100459,"Inflation is one indicator to measure the development of a nation. If inflation is not controlled, it will have a lot of negative impacts on people in a country. There are many ways to control inflation, one of them is forecasting. Forecasting is an activity to find out future events based on past data. There are various kinds of artificial intelligence methods for forecasting, one of which is the extreme learning machine (ELM). ELM has weaknesses in determining initial weights using trial and error methods. So, the authors propose an optimization method to overcome the problem of determining initial weights. Based on the testing carried out the purposed method gets an error value of 0.020202758 with computation time of 5 seconds.",1,inflation is one indicator to measure the development of a nation if inflation is not controlled it will have a lot of negative impacts on people in a country there are many ways to control inflation one of them is forecasting forecasting is an activity to find out future events based on past data there are various kinds of artificial intelligence methods for forecasting one of which is the extreme learning machine elm elm has weaknesses in determining initial weights using trial and error methods so the authors propose an optimization method to overcome the problem of determining initial weights based on the testing carried out the purposed method gets an error value of with computation time of seconds
10.1002/jae.880,"Abstract This paper examines the determinants of inflation forecast uncertainty using a panel of density forecasts from the Survey of Professional Forecasters (SPF). Based on a dynamic heterogeneous panel data model, we find that the persistence in forecast uncertainty is much less than what the aggregate time series data would suggest. In addition, the strong link between past forecast errors and current forecast uncertainty, as often noted in the ARCH literature, is largely lost in a multi‐period context with varying forecast horizons. We propose a novel way of estimating ‘news’ and its variance using the Kullback‐Leibler information, and show that the latter is an important determinant of forecast uncertainty. Our evidence suggests a strong relationship of forecast uncertainty with level of inflation, but not with forecaster discord or with the volatility of a number of other macroeconomic indicators. Copyright © 2006 John Wiley &amp; Sons, Ltd.",1,abstract this paper examines the determinants of inflation forecast uncertainty using a panel of density forecasts from the survey of professional forecasters spf based on a dynamic heterogeneous panel data model we find that the persistence in forecast uncertainty is much less than what the aggregate time series data would suggest in addition the strong link between past forecast errors and current forecast uncertainty as often noted in the arch literature is largely lost in a multi‐period context with varying forecast horizons we propose a novel way of estimating ‘news’ and its variance using the kullback‐leibler information and show that the latter is an important determinant of forecast uncertainty our evidence suggests a strong relationship of forecast uncertainty with level of inflation but not with forecaster discord or with the volatility of a number of other macroeconomic indicators copyright © john wiley amp sons ltd
10.1080/0003684052000343679,"Linear models reach their limitations in applications with nonlinearities in the data. In this paper new empirical evidence is provided on the relative Euro inflation forecasting performance of linear and non-linear models. The well established and widely used univariate ARIMA and multivariate VAR models are used as linear forecasting models whereas neural networks (NN) are used as non-linear forecasting models. It is endeavoured to keep the level of subjectivity in the NN building process to a minimum in an attempt to exploit the full potentials of the NN. It is also investigated whether the historically poor performance of the theoretically superior measure of the monetary services flow, Divisia, relative to the traditional Simple Sum measure could be attributed to a certain extent to the evaluation of these indices within a linear framework. Results obtained suggest that non-linear models provide better within-sample and out-of-sample forecasts and linear models are simply a subset of them. The Divisia index also outperforms the Simple Sum index when evaluated in a non-linear framework. © 2005 Taylor & Francis Group Ltd.",1,linear models reach their limitations in applications with nonlinearities in the data in this paper new empirical evidence is provided on the relative euro inflation forecasting performance of linear and nonlinear models the well established and widely used univariate arima and multivariate var models are used as linear forecasting models whereas neural networks nn are used as nonlinear forecasting models it is endeavoured to keep the level of subjectivity in the nn building process to a minimum in an attempt to exploit the full potentials of the nn it is also investigated whether the historically poor performance of the theoretically superior measure of the monetary services flow divisia relative to the traditional simple sum measure could be attributed to a certain extent to the evaluation of these indices within a linear framework results obtained suggest that nonlinear models provide better withinsample and outofsample forecasts and linear models are simply a subset of them the divisia index also outperforms the simple sum index when evaluated in a nonlinear framework © taylor francis group ltd
10.1002/for.3088,"Abstract This paper analyzes the inflation forecast errors over the period 2021Q1–2022Q3 using forecasts of core and headline inflation from the International Monetary Fund World Economic Outlook for a large group of advanced and emerging market economies. The findings reveal evidence of forecast bias that worsened initially and then subsided towards the end of the sample. There is also evidence of forecast oversmoothing, indicating rigidity in forecast revision in the face of incoming information. Focusing on core inflation forecast errors in 2021, four factors provide a potential ex post explanation: a stronger‐than‐anticipated demand recovery; demand‐induced pressures on supply chains; the demand shift from services to goods at the onset of the pandemic; and labor market tightness. Ex ante, we find that the size of the COVID‐19 fiscal stimulus packages announced by different governments in 2020 correlates positively with core inflation forecast errors in advanced economies. This result hints at potential forecast inefficiency, but we caution that it hinges on the outcomes of a few, albeit large, economies.",1,abstract this paper analyzes the inflation forecast errors over the period q – q using forecasts of core and headline inflation from the international monetary fund world economic outlook for a large group of advanced and emerging market economies the findings reveal evidence of forecast bias that worsened initially and then subsided towards the end of the sample there is also evidence of forecast oversmoothing indicating rigidity in forecast revision in the face of incoming information focusing on core inflation forecast errors in four factors provide a potential ex post explanation a stronger‐than‐anticipated demand recovery demand‐induced pressures on supply chains the demand shift from services to goods at the onset of the pandemic and labor market tightness ex ante we find that the size of the covid‐ fiscal stimulus packages announced by different governments in correlates positively with core inflation forecast errors in advanced economies this result hints at potential forecast inefficiency but we caution that it hinges on the outcomes of a few albeit large economies
10.26509/frbc-wp-202223,"Both theory and extant empirical evidence suggest that the cross-sectional asymmetry across disaggregated price indexes might be useful in the forecasting of aggregate inflation. Trimmed-mean inflation estimators have been shown to be useful devices for forecasting headline PCE inflation. But does this stem from their ability to signal the underlying trend, or does it mainly come from their implicit signaling of asymmetry (when included alongside headline PCE)? We address this question by augmenting a “hard to beat” benchmark inflation forecasting model of headline PCE price inflation with robust measures of trimmed-mean estimators of inflation (median PCE and trimmed-mean PCE) and robust measures of the cross-sectional asymmetry (Bowley skewness; Kelly skewness) computed using the 180+ components of the PCE price index. We also construct new trimmed-mean measures of goods and services PCE inflation and their accompanying robust skewness. Our results indicate significant gains in the point and density accuracy of PCE inflation forecasts over medium- and longer-term horizons, up through and including the COVID-19 pandemic. We find that improvements in accuracy stem mainly from the trend information implicit in trimmed-mean estimators, but that skewness is also useful. Median PCE slightly outperforms trimmed-mean PCE; both outperform core PCE. For point forecasts, Kelly skewness is preferred; but for estimating stochastic volatility, Bowley skewness is preferred. An examination of goods and services PCE inflation provides similar inference.",1,both theory and extant empirical evidence suggest that the crosssectional asymmetry across disaggregated price indexes might be useful in the forecasting of aggregate inflation trimmedmean inflation estimators have been shown to be useful devices for forecasting headline pce inflation but does this stem from their ability to signal the underlying trend or does it mainly come from their implicit signaling of asymmetry when included alongside headline pce we address this question by augmenting a “hard to beat” benchmark inflation forecasting model of headline pce price inflation with robust measures of trimmedmean estimators of inflation median pce and trimmedmean pce and robust measures of the crosssectional asymmetry bowley skewness kelly skewness computed using the components of the pce price index we also construct new trimmedmean measures of goods and services pce inflation and their accompanying robust skewness our results indicate significant gains in the point and density accuracy of pce inflation forecasts over medium and longerterm horizons up through and including the covid pandemic we find that improvements in accuracy stem mainly from the trend information implicit in trimmedmean estimators but that skewness is also useful median pce slightly outperforms trimmedmean pce both outperform core pce for point forecasts kelly skewness is preferred but for estimating stochastic volatility bowley skewness is preferred an examination of goods and services pce inflation provides similar inference
10.2307/2289289,"Abstract Abstract A methodology for estimating expected real interest rates and making inflation forecasts, together with appropriate confidence intervals, is presented. The role of price expectations in determining real interest rates is also analyzed. Structural breaks in the process generating real interest rates are detected in 1980 and 1983 by tracking the accuracy of interest-rate forecasts. Analysis of these structural breaks reveals that the break at the beginning of 1983 returns the process to its pre-1980 formulation. During 1953-1985, price forecasts derived from the interest-rate model are found to be unbiased once the structural breaks in the real rate process are handled through heteroscedastic corrections. Invoking the rational-expectations hypothesis, we construct a general yet parsimonious dynamic model for estimating economic agents' anticipations of the real rate of interest. By using quarterly data for 1953-1985 the model is efficiently estimated by two-step two-stage least squares. Results provide support for a random-walk process and for the existence of a negative price expectations (Tobin-Mundell) effect on real interest rates. The U.S. economy was subjected to a number of shocks in the early 1980s. A new chairman took the helm of the Federal Reserve System (Fed) in 1979, and almost immediately the Fed announced that it would change its operating procedure from controlling interest rates to targeting the money supply. The Fed then returned to its pre-1979 operating procedure in October 1982. Added to these changes were the tightening of credit controls in the first half of 1980, the advent of the large fiscal deficits of the Reagan administration, and a fall in petroleum prices. To some degree, all of these shocks probably contributed to the greater volatility of the economy in the first few years of the 1980s. In fact, some researchers have recently argued that there have been shifts in the process generating real interest rates in October 1979 and 1982 coincident with the Fed's changes in operating procedure. To investigate the existence and timing of any breaks in the early 1980s we constructed exact (small-sample) confidence intervals for the interest-rate forecasts of investors and tracked them with actual interest rates. We identified a break in the first quarter of 1980 when the actual interest rate no longer fell within the confidence interval for the forecast, and another break in the first quarter of 1983. Adapting the model to account for these structural shifts, we show that, although the 1980-1982 period is significantly different from the pre-1980 period (in terms of parameter values), the post-1982 period is not significantly different from the pre-1980 period. We also construct investors' ex ante forecasts of inflation from the interest-rate model and show them to be unbiased, whereas the inflation forecasts from the Livingston survey are biased. The mean squared prediction error of inflation forecasts improves significantly when price expectations are included as a determinant of ex ante real interest rates. We also find that the forecasting performance of this model compares favorably with the inflation forecasts from the American Statistical Association/National Bureau of Economic Research Business Outlook Surveys. Key Words: Forecasting accuracyJudgmental surveysRational-expectations hypothesisStructural breaksTwo-step two-stage least squares",1,abstract abstract a methodology for estimating expected real interest rates and making inflation forecasts together with appropriate confidence intervals is presented the role of price expectations in determining real interest rates is also analyzed structural breaks in the process generating real interest rates are detected in and by tracking the accuracy of interestrate forecasts analysis of these structural breaks reveals that the break at the beginning of returns the process to its pre formulation during price forecasts derived from the interestrate model are found to be unbiased once the structural breaks in the real rate process are handled through heteroscedastic corrections invoking the rationalexpectations hypothesis we construct a general yet parsimonious dynamic model for estimating economic agents anticipations of the real rate of interest by using quarterly data for the model is efficiently estimated by twostep twostage least squares results provide support for a randomwalk process and for the existence of a negative price expectations tobinmundell effect on real interest rates the us economy was subjected to a number of shocks in the early s a new chairman took the helm of the federal reserve system fed in and almost immediately the fed announced that it would change its operating procedure from controlling interest rates to targeting the money supply the fed then returned to its pre operating procedure in october added to these changes were the tightening of credit controls in the first half of the advent of the large fiscal deficits of the reagan administration and a fall in petroleum prices to some degree all of these shocks probably contributed to the greater volatility of the economy in the first few years of the s in fact some researchers have recently argued that there have been shifts in the process generating real interest rates in october and coincident with the feds changes in operating procedure to investigate the existence and timing of any breaks in the early s we constructed exact smallsample confidence intervals for the interestrate forecasts of investors and tracked them with actual interest rates we identified a break in the first quarter of when the actual interest rate no longer fell within the confidence interval for the forecast and another break in the first quarter of adapting the model to account for these structural shifts we show that although the period is significantly different from the pre period in terms of parameter values the post period is not significantly different from the pre period we also construct investors ex ante forecasts of inflation from the interestrate model and show them to be unbiased whereas the inflation forecasts from the livingston survey are biased the mean squared prediction error of inflation forecasts improves significantly when price expectations are included as a determinant of ex ante real interest rates we also find that the forecasting performance of this model compares favorably with the inflation forecasts from the american statistical associationnational bureau of economic research business outlook surveys key words forecasting accuracyjudgmental surveysrationalexpectations hypothesisstructural breakstwostep twostage least squares
10.5089/9798400285387.001,"Forecasting inflation has become a major challenge for central banks since 2020, due to supply chain disruptions and economic uncertainty post-pandemic. Machine learning models can improve forecasting performance by incorporating a wider range of variables, allowing for non-linear relationships, and focusing on out-of-sample performance. In this paper, we apply machine learning (ML) models to forecast near-term core inflation in Japan post-pandemic. Japan is a challenging case, because inflation had been muted until 2022 and has now risen to a level not seen in four decades. Four machine learning models are applied to a large set of predictors alongside two benchmark models. For 2023, the two penalized regression models systematically outperform the benchmark models, with LASSO providing the most accurate forecast. Useful predictors of inflation post-2022 include household inflation expectations, inbound tourism, exchange rates, and the output gap.",1,forecasting inflation has become a major challenge for central banks since due to supply chain disruptions and economic uncertainty postpandemic machine learning models can improve forecasting performance by incorporating a wider range of variables allowing for nonlinear relationships and focusing on outofsample performance in this paper we apply machine learning ml models to forecast nearterm core inflation in japan postpandemic japan is a challenging case because inflation had been muted until and has now risen to a level not seen in four decades four machine learning models are applied to a large set of predictors alongside two benchmark models for the two penalized regression models systematically outperform the benchmark models with lasso providing the most accurate forecast useful predictors of inflation post include household inflation expectations inbound tourism exchange rates and the output gap
10.2307/1937907,"The forecast performances of three groups of models of the inflation process are evalu-ated in this paper: ra tional expectations models with instantaneous market clearing, monetarist models , and expectations-augmented Phillips curves. The dynamic simulations performed for the intervals between 1977 and 1984 are somewhat discouraging for all three theories. The variation in forecasting performance within model groups often exc eeded the variation in performance across model groups. Nevertheless, the Philli ps curve formulation rarely performed worse than the other two models, and in th e 1981 to 1984 period it performed substantially better than the alternative mod els of inflation. Copyright 1987 by MIT Press.",1,the forecast performances of three groups of models of the inflation process are evaluated in this paper ra tional expectations models with instantaneous market clearing monetarist models and expectationsaugmented phillips curves the dynamic simulations performed for the intervals between and are somewhat discouraging for all three theories the variation in forecasting performance within model groups often exc eeded the variation in performance across model groups nevertheless the philli ps curve formulation rarely performed worse than the other two models and in th e to period it performed substantially better than the alternative mod els of inflation copyright by mit press
10.1080/00036840210138446,"This paper considers various models emerging from the Fisher effect and/or the term structure of interest rates for inflation forecasting. This paper, it is believed, makes a contribution to the literature on estimation of the models by using a procedure that is robust for non-normal errors, improving the efficiency of the estimates considerably. The Consumer Price Index series, 90 days and 180 days Australian bank-accepted bill rates, covering the sample period 1968Q1 to 1998Q4 were used in this study. Contrary to earlier findings, strong evidence was documented supporting the Fisher effect in the presence of a structural break with the break-point being at 1980Q1. The overall results suggest that the error correction model of the Fisher effect, the term structure of interest rates and short-run dynamics produce superior forecasts, in particular when the models were estimated using the robust method. These findings have important implications for economic policy analysis.",1,this paper considers various models emerging from the fisher effect andor the term structure of interest rates for inflation forecasting this paper it is believed makes a contribution to the literature on estimation of the models by using a procedure that is robust for nonnormal errors improving the efficiency of the estimates considerably the consumer price index series days and days australian bankaccepted bill rates covering the sample period q to q were used in this study contrary to earlier findings strong evidence was documented supporting the fisher effect in the presence of a structural break with the breakpoint being at q the overall results suggest that the error correction model of the fisher effect the term structure of interest rates and shortrun dynamics produce superior forecasts in particular when the models were estimated using the robust method these findings have important implications for economic policy analysis
10.1002/for.2563,"Abstract We use real‐time macroeconomic variables and combination forecasts with both time‐varying weights and equal weights to forecast inflation in the USA. The combination forecasts compare three sets of commonly used time‐varying coefficient autoregressive models: Gaussian distributed errors, errors with stochastic volatility, and errors with moving average stochastic volatility. Both point forecasts and density forecasts suggest that models combined by equal weights do not produce worse forecasts than those with time‐varying weights. We also find that variable selection, the allowance of time‐varying lag length choice, and the stochastic volatility specification significantly improve forecast performance over standard benchmarks. Finally, when compared with the Survey of Professional Forecasters, the results of the best combination model are found to be highly competitive during the 2007/08 financial crisis.",1,abstract we use real‐time macroeconomic variables and combination forecasts with both time‐varying weights and equal weights to forecast inflation in the usa the combination forecasts compare three sets of commonly used time‐varying coefficient autoregressive models gaussian distributed errors errors with stochastic volatility and errors with moving average stochastic volatility both point forecasts and density forecasts suggest that models combined by equal weights do not produce worse forecasts than those with time‐varying weights we also find that variable selection the allowance of time‐varying lag length choice and the stochastic volatility specification significantly improve forecast performance over standard benchmarks finally when compared with the survey of professional forecasters the results of the best combination model are found to be highly competitive during the financial crisis
10.1111/j.1540-6261.1988.tb03958.x,"ABSTRACT Univariate time‐series models for consumption, nominal interest rates, and prices each appear to have a single unit root before 1979. If nominal interest rates have a unit root but inflation and inflation forecast errors do not, then ex ante real interest rates have a unit root and are therefore nonstationary. This deduction does not depend on the properties of the unobservable ex post observed real return, which combines the ex ante real interest rate and inflation‐forecasting errors. The unit‐root characteristic of real interest rates is puzzling from at least two perspectives: many models imply that the growth rate of consumption and the real interest rate should have similar time‐series characteristics; also, nominal returns for other assets (e.g., stocks and bonds) appear to have different times‐series properties from those of treasury bills.",1,abstract univariate time‐series models for consumption nominal interest rates and prices each appear to have a single unit root before if nominal interest rates have a unit root but inflation and inflation forecast errors do not then ex ante real interest rates have a unit root and are therefore nonstationary this deduction does not depend on the properties of the unobservable ex post observed real return which combines the ex ante real interest rate and inflation‐forecasting errors the unit‐root characteristic of real interest rates is puzzling from at least two perspectives many models imply that the growth rate of consumption and the real interest rate should have similar time‐series characteristics also nominal returns for other assets eg stocks and bonds appear to have different times‐series properties from those of treasury bills
10.1017/psrm.2014.34,"Governments’ party identifications can indicate the types of economic policies they are likely to pursue. A common rule of thumb is that left-party governments are expected to pursue policies for lower unemployment, but which may cause inflation. Right-party governments are expected to pursue lower inflation policies. How do these expectations shape the inflation forecasts of monetary policy bureaucrats? If there is a mismatch between the policies, bureaucrats expect governments to implement, and those that they actually do, forecasts will be systematically biased. Using US Federal Reserve Staff’s forecasts we test for executive partisan biases. We find that irrespective of actual policy and economic conditions forecasters systematically overestimate future inflation during left-party presidencies and underestimate future inflation during right-party ones. Our findings suggest that partisan heuristics play an important part in monetary policy bureaucrats’ inflation expectations.",1,governments’ party identifications can indicate the types of economic policies they are likely to pursue a common rule of thumb is that leftparty governments are expected to pursue policies for lower unemployment but which may cause inflation rightparty governments are expected to pursue lower inflation policies how do these expectations shape the inflation forecasts of monetary policy bureaucrats if there is a mismatch between the policies bureaucrats expect governments to implement and those that they actually do forecasts will be systematically biased using us federal reserve staff’s forecasts we test for executive partisan biases we find that irrespective of actual policy and economic conditions forecasters systematically overestimate future inflation during leftparty presidencies and underestimate future inflation during rightparty ones our findings suggest that partisan heuristics play an important part in monetary policy bureaucrats’ inflation expectations
10.1109/72.935081,"We examine semiparametric nonlinear autoregressive models with exogenous variables (NLARX) via three classes of artificial neural networks: the first one uses smooth sigmoid activation functions; the second one uses radial basis activation functions; and the third one uses ridgelet activation functions. We provide root mean squared error convergence rates for these ANN estimators of the conditional mean and median functions with stationary beta-mixing data. As an empirical application, we compare the forecasting performance of linear and semiparametric NLARX models of US inflation. We find that all of our semiparametric models outperform a benchmark linear model based on various forecast performance measures. In addition, a semiparametric ridgelet NLARX model which includes various lags of historical inflation and the GDP gap is best in terms of both forecast mean squared error and forecast mean absolute deviation error.",1,we examine semiparametric nonlinear autoregressive models with exogenous variables nlarx via three classes of artificial neural networks the first one uses smooth sigmoid activation functions the second one uses radial basis activation functions and the third one uses ridgelet activation functions we provide root mean squared error convergence rates for these ann estimators of the conditional mean and median functions with stationary betamixing data as an empirical application we compare the forecasting performance of linear and semiparametric nlarx models of us inflation we find that all of our semiparametric models outperform a benchmark linear model based on various forecast performance measures in addition a semiparametric ridgelet nlarx model which includes various lags of historical inflation and the gdp gap is best in terms of both forecast mean squared error and forecast mean absolute deviation error
10.1787/598f4aa4-en,"Inflation forecast, measured in terms of the consumer price index (CPI) or harmonised index of consumer prices (HICP) is defined as the projected change in the prices of a basket of goods and services that are typically purchased by households.",1,inflation forecast measured in terms of the consumer price index cpi or harmonised index of consumer prices hicp is defined as the projected change in the prices of a basket of goods and services that are typically purchased by households
10.21272/mmi.2024.2-02,"Romania faced the highest inflation rate in the European Union at the beginning of 2024, but progress has been made compared to that in 2023 due to the increasing interest rate. This inflation stemmed from a combination of global and domestic factors (global factors such as the Russia-Ukraine war, supply chain disruptions caused by the COVID-19 pandemic and war, rising commodity prices, domestic factors such as wage and pension increases, tax and charge hikes, and a strategy of gradual increase in the monetary policy interest rate). The National Bank of Romania (NBR) uses a combination of monetary policy instruments to target inflation and provides quarterly forecasts. However, under uncertain conditions, numerical forecasts are less reliable, and the inclusion of sentiment analysis in forecasts might lead to innovation in the field by improving the prediction accuracy. Sentiment analysis has become increasingly important in the field of economics, offering valuable insights and potentially improving economic forecasting and decision-making due to rapid technological progress. Sentiment analysis can identify potential changes in consumer behaviour and business decisions before they are translated into actual economic data, providing an early warning system for economic trends and potential crises. The methodological background relies on natural language processing to extract sentiment indices for large amounts of texts in Inflation Reports provided by NBR. Moreover, the sentiment indices calculated by IntelliDocker are incorporated into autoregressive distributed lag (ARDL) models to provide quarterly inflation forecasts. This type of econometric model has the advantage of addressing endogeneity. Moreover, the unemployment rate is considered an inflation predictor since tensions in the labour market might impact inflation. This paper contributes to empirical forecasting by proposing sentiment forecasts that are more accurate than NBR numerical forecasts corresponding to the 2006: Q1-2023: Q4 horizon. The new forecasting method might be used to make inflation predictions for the next quarters. More accurate forecasts would be valuable for businesses, the central bank, policymakers, and the general public. However, while sentiment analysis offers valuable insights, it is important to remember that human judgment and expertise remain essential for interpreting the data and making informed economic decisions.",1,romania faced the highest inflation rate in the european union at the beginning of but progress has been made compared to that in due to the increasing interest rate this inflation stemmed from a combination of global and domestic factors global factors such as the russiaukraine war supply chain disruptions caused by the covid pandemic and war rising commodity prices domestic factors such as wage and pension increases tax and charge hikes and a strategy of gradual increase in the monetary policy interest rate the national bank of romania nbr uses a combination of monetary policy instruments to target inflation and provides quarterly forecasts however under uncertain conditions numerical forecasts are less reliable and the inclusion of sentiment analysis in forecasts might lead to innovation in the field by improving the prediction accuracy sentiment analysis has become increasingly important in the field of economics offering valuable insights and potentially improving economic forecasting and decisionmaking due to rapid technological progress sentiment analysis can identify potential changes in consumer behaviour and business decisions before they are translated into actual economic data providing an early warning system for economic trends and potential crises the methodological background relies on natural language processing to extract sentiment indices for large amounts of texts in inflation reports provided by nbr moreover the sentiment indices calculated by intellidocker are incorporated into autoregressive distributed lag ardl models to provide quarterly inflation forecasts this type of econometric model has the advantage of addressing endogeneity moreover the unemployment rate is considered an inflation predictor since tensions in the labour market might impact inflation this paper contributes to empirical forecasting by proposing sentiment forecasts that are more accurate than nbr numerical forecasts corresponding to the q q horizon the new forecasting method might be used to make inflation predictions for the next quarters more accurate forecasts would be valuable for businesses the central bank policymakers and the general public however while sentiment analysis offers valuable insights it is important to remember that human judgment and expertise remain essential for interpreting the data and making informed economic decisions
10.1080/02664763.2017.1322556,"We study the information content of South African inflation survey data by determining the directional accuracy of both short-term and long-term forecasts. We use relative operating characteristic (ROC) curves, which have been applied in a variety of fields including weather forecasting and radiology, to ascertain the directional accuracy of the forecasts. A ROC curve summarizes the directional accuracy of forecasts by comparing the rate of true signals (sensitivity) with the rate of false signals (one minus specifity). A ROC curve goes beyond market-timing tests widely studied in earlier research as this comparison is carried out for many alternative values of a decision criterion that discriminates between signals (of a rising inflation rate) and nonsignals (of an unchanged or a falling inflation rate). We find consistent evidence that forecasts contain information with respect to the subsequent direction of change of the inflation rate.",1,we study the information content of south african inflation survey data by determining the directional accuracy of both shortterm and longterm forecasts we use relative operating characteristic roc curves which have been applied in a variety of fields including weather forecasting and radiology to ascertain the directional accuracy of the forecasts a roc curve summarizes the directional accuracy of forecasts by comparing the rate of true signals sensitivity with the rate of false signals one minus specifity a roc curve goes beyond markettiming tests widely studied in earlier research as this comparison is carried out for many alternative values of a decision criterion that discriminates between signals of a rising inflation rate and nonsignals of an unchanged or a falling inflation rate we find consistent evidence that forecasts contain information with respect to the subsequent direction of change of the inflation rate
10.1080/00036846.2024.2322572,"Inflation forecasting stands as a central concern in macroeconomics. This paper focuses on predicting China’s inflation within a data-rich environment. Specifically, we compile a large panel of China’s monthly macroeconomic and financial variables, employing various machine learning models on this predictor panel to forecast China’s inflation, encompassing both CPI and PPI, across various forecasting horizons extending up to 24 months. Our findings indicate the following: First, the machine learning models, when coupled with a large dataset of macroeconomic and financial predictors, demonstrate a superior ability to forecast China’s inflation compared to benchmark time series models and principal component regression models. These advantages become even more notable at medium-to-long horizons and during periods of high inflation volatility, as well as CPI/PPI divergence periods. Second, our experiments reveal that penalized linear regression models, such as ridge and elastic net, consistently outperform the benchmarks and nonlinear machine learning methods in most cases. Lastly, variables related to price, stock, and money & credit are identified as the most crucial factors for forecasting inflation in China.",1,inflation forecasting stands as a central concern in macroeconomics this paper focuses on predicting china’s inflation within a datarich environment specifically we compile a large panel of china’s monthly macroeconomic and financial variables employing various machine learning models on this predictor panel to forecast china’s inflation encompassing both cpi and ppi across various forecasting horizons extending up to months our findings indicate the following first the machine learning models when coupled with a large dataset of macroeconomic and financial predictors demonstrate a superior ability to forecast china’s inflation compared to benchmark time series models and principal component regression models these advantages become even more notable at mediumtolong horizons and during periods of high inflation volatility as well as cpippi divergence periods second our experiments reveal that penalized linear regression models such as ridge and elastic net consistently outperform the benchmarks and nonlinear machine learning methods in most cases lastly variables related to price stock and money credit are identified as the most crucial factors for forecasting inflation in china
10.1016/j.ijforecast.2022.04.009,"We present a hierarchical architecture based on recurrent neural networks for predicting disaggregated inflation components of the Consumer Price Index (CPI). While the majority of existing research is focused on predicting headline inflation, many economic and financial institutions are interested in its partial disaggregated components. To this end, we developed the novel Hierarchical Recurrent Neural Network (HRNN) model, which utilizes information from higher levels in the CPI hierarchy to improve predictions at the more volatile lower levels. Based on a large dataset from the US CPI-U index, our evaluations indicate that the HRNN model significantly outperforms a vast array of well-known inflation prediction baselines. Our methodology and results provide additional forecasting measures and possibilities to policy and market makers on sectoral and component-specific price changes.",1,we present a hierarchical architecture based on recurrent neural networks for predicting disaggregated inflation components of the consumer price index cpi while the majority of existing research is focused on predicting headline inflation many economic and financial institutions are interested in its partial disaggregated components to this end we developed the novel hierarchical recurrent neural network hrnn model which utilizes information from higher levels in the cpi hierarchy to improve predictions at the more volatile lower levels based on a large dataset from the us cpiu index our evaluations indicate that the hrnn model significantly outperforms a vast array of wellknown inflation prediction baselines our methodology and results provide additional forecasting measures and possibilities to policy and market makers on sectoral and componentspecific price changes
10.1002/for.3059,"Abstract We examine the performance of rolling windows procedures in forecasting inflation. We implement rolling windows augmented Dickey–Fuller (ADF) tests and then conduct a set of Monte Carlo experiments under stylized forms of structural breaks. We find that as long as the nature of inflation is either stationary or non‐stationary, popular varying‐length window techniques provide little advantage in forecasting over a conventional fixed‐length window approach. However, we also find that varying‐length window techniques tend to outperform the fixed‐length window method under conditions involving a change in the inflation process from stationary to non‐stationary, and vice versa. Finally, we investigate methods that can provide early warnings of structural breaks, a situation for which the available rolling windows procedures are not well suited.",1,abstract we examine the performance of rolling windows procedures in forecasting inflation we implement rolling windows augmented dickey–fuller adf tests and then conduct a set of monte carlo experiments under stylized forms of structural breaks we find that as long as the nature of inflation is either stationary or non‐stationary popular varying‐length window techniques provide little advantage in forecasting over a conventional fixed‐length window approach however we also find that varying‐length window techniques tend to outperform the fixed‐length window method under conditions involving a change in the inflation process from stationary to non‐stationary and vice versa finally we investigate methods that can provide early warnings of structural breaks a situation for which the available rolling windows procedures are not well suited
10.1515/cer-2015-0033,"This article jointly analyzes inflation expectations of consumers and inflation forecasts. Its starting point is the predominant role of expectations in monetary policy. This is crucial market information in the decision-making process of the central bankers as it may show the actual future inflation. On the other hand, the central bank wants to influence expectations in order to facilitate achieving the main goals of monetary policy. Inflation forecasting is a tool for shaping public expectations. In the research, covering four central banks (the National Bank of Hungary, National Bank of Poland, the Czech National Bank, Sveriges Riksbank), the author analyzes the interdependencies of inflation forecasts and inflation expectations of consumers. Data on expectations are derived from the surveys and quantified. Then non-parametric measures of association are calculated. The results confirm the hypothesis on the existence of such relationships. The strength of this interdependence varies among countries, from weak to strong. The study opens the field for further discussions on strengthening this relationship.",1,this article jointly analyzes inflation expectations of consumers and inflation forecasts its starting point is the predominant role of expectations in monetary policy this is crucial market information in the decisionmaking process of the central bankers as it may show the actual future inflation on the other hand the central bank wants to influence expectations in order to facilitate achieving the main goals of monetary policy inflation forecasting is a tool for shaping public expectations in the research covering four central banks the national bank of hungary national bank of poland the czech national bank sveriges riksbank the author analyzes the interdependencies of inflation forecasts and inflation expectations of consumers data on expectations are derived from the surveys and quantified then nonparametric measures of association are calculated the results confirm the hypothesis on the existence of such relationships the strength of this interdependence varies among countries from weak to strong the study opens the field for further discussions on strengthening this relationship
10.5089/9781451850444.001,"This paper estimates an inflation function and forecasts one-year ahead inflation for Japan. It finds that (i) markup relationships, excess money and the output gap are particularly relevant long-run determinants for an equilibrium correction model (EqCM) of inflation; (ii) with intercept corrections, one-year ahead inflation forecast performance of the EqCM is good; and (iii) forecast accuracy can be improved by combining forecasts of the EqCM with those made by rival models. The EqCM obtained would serve for structural model-based inflation forecasting. It also highlights the importance of adjustment to a pure model-based forecast by utilizing information of alternative models. The methodology employed is applicable to a wider range of countries including some emerging market economies.",1,this paper estimates an inflation function and forecasts oneyear ahead inflation for japan it finds that i markup relationships excess money and the output gap are particularly relevant longrun determinants for an equilibrium correction model eqcm of inflation ii with intercept corrections oneyear ahead inflation forecast performance of the eqcm is good and iii forecast accuracy can be improved by combining forecasts of the eqcm with those made by rival models the eqcm obtained would serve for structural modelbased inflation forecasting it also highlights the importance of adjustment to a pure modelbased forecast by utilizing information of alternative models the methodology employed is applicable to a wider range of countries including some emerging market economies
10.26794/2220-6469-2018-12-4-20-31,"The article contains a review of inflation forecasting models, including the most popular class of models as one-factor models: random walk, direct autoregression, recursive autoregression, stochastic volatility with an unobserved component and of the integrated model of autoregression with moving average. Also, we discussed the possibilities of various modifications of models based on the Phillips curve (including the “triangle model”), vector autoregressive models (including the factor-extended model of B. Bernanke’s vector autoregression), dynamic general equilibrium models and neural networks. Further, we considered the comparative advantages of these classes of models. In particular, we revealed a new trend in inflation forecasting, which consists of the introduction of synthetic procedures for private forecasts accounting obtained by different models. An important conclusion of the study is the superiority of expert assessments in comparison with all available models. We have shown that in the conditions of a large number of alternative methods of inflation modelling, the choice of the adequate approach in specific conditions (for example, for the Russian economy of the current period) is a non-trivial procedure. Based on this conclusion, the authors substantiate the thesis that large prognostic possibilities are inherent in the mixed strategies of using different methodological approaches, when implementing different modelling tools at different stages of modelling, in particular, the multifactorial econometric model and the artificial neural network.",1,the article contains a review of inflation forecasting models including the most popular class of models as onefactor models random walk direct autoregression recursive autoregression stochastic volatility with an unobserved component and of the integrated model of autoregression with moving average also we discussed the possibilities of various modifications of models based on the phillips curve including the “triangle model” vector autoregressive models including the factorextended model of b bernanke’s vector autoregression dynamic general equilibrium models and neural networks further we considered the comparative advantages of these classes of models in particular we revealed a new trend in inflation forecasting which consists of the introduction of synthetic procedures for private forecasts accounting obtained by different models an important conclusion of the study is the superiority of expert assessments in comparison with all available models we have shown that in the conditions of a large number of alternative methods of inflation modelling the choice of the adequate approach in specific conditions for example for the russian economy of the current period is a nontrivial procedure based on this conclusion the authors substantiate the thesis that large prognostic possibilities are inherent in the mixed strategies of using different methodological approaches when implementing different modelling tools at different stages of modelling in particular the multifactorial econometric model and the artificial neural network
10.1111/1467-9442.00160,"Previous analyses of the implementation of inflation targeting are extended to monetary policy responses to different shocks, consequences of model uncertainty, and effects of interest rate smoothing and stabilization. Model uncertainty, output stabilization, and interest rate stabilization or smoothing all call for a more gradual adjustment of the conditional inflation forecast toward the inflation target. The conditional inflation forecast is the natural intermediate target during inflation targeting. The optimal way of reacting to shocks is hence to check how they affect the inflation forecast and then take the appropriate action. JEL classification : E 42; E 52; E 58",1,previous analyses of the implementation of inflation targeting are extended to monetary policy responses to different shocks consequences of model uncertainty and effects of interest rate smoothing and stabilization model uncertainty output stabilization and interest rate stabilization or smoothing all call for a more gradual adjustment of the conditional inflation forecast toward the inflation target the conditional inflation forecast is the natural intermediate target during inflation targeting the optimal way of reacting to shocks is hence to check how they affect the inflation forecast and then take the appropriate action jel classification e e e
10.1016/j.fiae.2016.03.005,"Inflation can be attributed to both microeconomic and macroeconomic factors which influence the stability of the economy of any nation. With the raising of recession at the end of the year 2008, world communities started paying much contemplation on inflation and put enormous hard work to predict it accurately. Prediction of inflation is not a simple task. Moreover, the behavior of inflation is so complex and uncertain that both economists and statisticians have been striving to model and forecast inflation in an accurate way. As a result, many researchers have proposed inflation forecasting models based on different methods; however the accuracy is always being a major constraint. In this paper, we have analyzed the historical monthly economic data of India between January 2000 and December 2012 and constructed an inflation forecasting model based on feed forward back propagation neural network. Initially some critical factors that can considerably influence the inflation of India have been identified, then an efficient artificial neural network (ANN) model has been proposed to forecast the inflation. Accuracy of the model is proved to be satisfactory when compared with the forecasting of some well-known agencies.",1,inflation can be attributed to both microeconomic and macroeconomic factors which influence the stability of the economy of any nation with the raising of recession at the end of the year world communities started paying much contemplation on inflation and put enormous hard work to predict it accurately prediction of inflation is not a simple task moreover the behavior of inflation is so complex and uncertain that both economists and statisticians have been striving to model and forecast inflation in an accurate way as a result many researchers have proposed inflation forecasting models based on different methods however the accuracy is always being a major constraint in this paper we have analyzed the historical monthly economic data of india between january and december and constructed an inflation forecasting model based on feed forward back propagation neural network initially some critical factors that can considerably influence the inflation of india have been identified then an efficient artificial neural network ann model has been proposed to forecast the inflation accuracy of the model is proved to be satisfactory when compared with the forecasting of some wellknown agencies
10.1080/13504850210148152,"Abstract Cross-section dispersion of expected inflation is often explained by differences in information sets across agents, but there is little empirical evidence attesting to that. This paper uses unique survey data from Bulgaria to show that consumers' perceptions of past movements and expectations of future movements in the general price level are influenced by their direct observations of the price dynamics of particular products.",1,abstract crosssection dispersion of expected inflation is often explained by differences in information sets across agents but there is little empirical evidence attesting to that this paper uses unique survey data from bulgaria to show that consumers perceptions of past movements and expectations of future movements in the general price level are influenced by their direct observations of the price dynamics of particular products
10.2307/1992374,"In a recent article in this Journal} Gramlich (1983) concluded that the mean inflation forecasts from the University of Michigan Survey Research Center (SRC) surveys of households were, in the years 1956-1980, more accurate and more rational than the mean inflation forecasts from Livingston's Philadelphia Inquirer surveys of professional economists. These paradoxical Elndings have proved robust with respect to improvements in testing procedures (Bryan and Gavin 1986a, 1 986b). The purpose of this note is not to cast doubt on the result themselves, but to urge caution in their interpretation. With respect to forecast accuracy, we show that while the average forecast from the SRC is indeed more accurate than the average forecast from the Livingston survey, the forecast of a typical household is much less accurate than that of a typical economist. The apparent superiority of the SRC survey is entirely due to its larger",1,in a recent article in this journal gramlich concluded that the mean inflation forecasts from the university of michigan survey research center src surveys of households were in the years more accurate and more rational than the mean inflation forecasts from livingstons philadelphia inquirer surveys of professional economists these paradoxical elndings have proved robust with respect to improvements in testing procedures bryan and gavin a b the purpose of this note is not to cast doubt on the result themselves but to urge caution in their interpretation with respect to forecast accuracy we show that while the average forecast from the src is indeed more accurate than the average forecast from the livingston survey the forecast of a typical household is much less accurate than that of a typical economist the apparent superiority of the src survey is entirely due to its larger
10.18267/j.pep.614,"The question on the inflation expectations management is one of the most important ones from the central bank's point of view. The inflation forecast can be a helpful tool of managing expectations. If it actually is, the interdependences of the inflation forecast and expectations can be observed. The existence of such interdependences opens the field for determining the preconditions that might support expectations formation. The hypothesis assumes that associations of inflation forecasts and inflation expectations depend on the central bank's credibility and consistency in inflation forecast targeting. The research covers the Czech National Bank, the National Bank of Hungary, the National Bank of Poland and Sveriges Riksbank. The research combines qualitative and quantitative methods. The research uses survey-based expectations quantified with probabilistic method. The main finding is that the relatively high level of credibility and consistency in inflation forecast targeting is not sufficient to achieve strong interdependences of inflation forecast and expectations.",1,the question on the inflation expectations management is one of the most important ones from the central banks point of view the inflation forecast can be a helpful tool of managing expectations if it actually is the interdependences of the inflation forecast and expectations can be observed the existence of such interdependences opens the field for determining the preconditions that might support expectations formation the hypothesis assumes that associations of inflation forecasts and inflation expectations depend on the central banks credibility and consistency in inflation forecast targeting the research covers the czech national bank the national bank of hungary the national bank of poland and sveriges riksbank the research combines qualitative and quantitative methods the research uses surveybased expectations quantified with probabilistic method the main finding is that the relatively high level of credibility and consistency in inflation forecast targeting is not sufficient to achieve strong interdependences of inflation forecast and expectations
10.12733/jics20101681,"Different from the RBF kernel and the polynomial kernel, the wavelet kernel can approach any curve in quadratic continuous integral space. Based on this advantage of wavelet kernel, we propose wavelet kernel -twin Support Vector Regression (-WTSVR) in this paper to predict inflation for US, Euro and Canada. Compared with forecasts generated from the Vector Autoregression (VAR) model, our -WTSVR derives the lower Root Mean Squared Error (RMSE), which indicates that our -WTSVR is an efficient method for the inflation forecasts.",1,different from the rbf kernel and the polynomial kernel the wavelet kernel can approach any curve in quadratic continuous integral space based on this advantage of wavelet kernel we propose wavelet kernel twin support vector regression wtsvr in this paper to predict inflation for us euro and canada compared with forecasts generated from the vector autoregression var model our wtsvr derives the lower root mean squared error rmse which indicates that our wtsvr is an efficient method for the inflation forecasts
10.1002/(sici)1099-131x(199803)17:2<147::aid-for674>3.0.co;2-q,"This article applies the Bayesian Vector Auto-Regressive (BVAR) model to key economic aggregates of the EU-7, consisting of the former narrow-band ERM members plus Austria, and the EU-14. This model appears to be useful as an additional forecasting tool besides structural macroeconomic models, as is shown both by absolute forecasting performance and by a comparison of ex-post BVAR forecasts with forecasts by the OECD. A comparison of the aggregate models to single-country models reveals that pooling has a strong impact on forecast errors. If forecast errors are interpreted as shocks, shocks appear to be—at least in part—asymmetric, or countries react differently to shocks. © 1998 John Wiley & Sons, Ltd.",1,this article applies the bayesian vector autoregressive bvar model to key economic aggregates of the eu consisting of the former narrowband erm members plus austria and the eu this model appears to be useful as an additional forecasting tool besides structural macroeconomic models as is shown both by absolute forecasting performance and by a comparison of expost bvar forecasts with forecasts by the oecd a comparison of the aggregate models to singlecountry models reveals that pooling has a strong impact on forecast errors if forecast errors are interpreted as shocks shocks appear to be—at least in part—asymmetric or countries react differently to shocks © john wiley sons ltd
10.3386/w6228,"Since 1968, the Survey of Professional Forecasters has asked respondents to provide a complete probability distribution of expected future inflation. We evaluate the adequacy of those density forecasts using the framework of Diebold, Gunther and Tay (1998). The analysis reveals several interesting features of the density forecasts in relation to realized inflation, including several deficiencies of the forecasts. The probability of a large negative inflation shock is generally overestimated, and in more recent years the probability of a large shock of either sign is overestimated. Inflation surprises are serially correlated, although agents eventually adapt. Expectations of low inflation are associated with reduced uncertainty. The results suggest several promising directions for future research.",1,since the survey of professional forecasters has asked respondents to provide a complete probability distribution of expected future inflation we evaluate the adequacy of those density forecasts using the framework of diebold gunther and tay the analysis reveals several interesting features of the density forecasts in relation to realized inflation including several deficiencies of the forecasts the probability of a large negative inflation shock is generally overestimated and in more recent years the probability of a large shock of either sign is overestimated inflation surprises are serially correlated although agents eventually adapt expectations of low inflation are associated with reduced uncertainty the results suggest several promising directions for future research
10.1257/aer.91.2.253,"In recent decades, asset booms and busts have been important factors in macroeconomic fluctuations in both industrial and developing countries. In light of this experience, how, if at all, should central bankers respond to asset price volatility? We have addressed this issue in previous work (Bernanke and Gertler, 1999). The context of our earlier study was the relatively new, but increasingly popular, monetary-policy framework known as inflation-targeting (see e.g., Bernanke and Frederic Mishkin, 1997). In an inflation-targeting framework, publicly announced medium-term inflation targets provide a nominal anchor for monetary policy, while allowing the central bank some flexibility to help stabilize the real economy in the short run. The inflation-targeting approach gives a specific answer to the question of how central bankers should respond to asset prices: Changes in asset prices should affect monetary policy only to the extent that they affect the central bank’s forecast of inflation. To a first approximation, once the predictive content of asset prices for inflation has been accounted for, there should be no additional response of monetary policy to assetprice fluctuations. In use now for about a decade, inflationtargeting has generally performed well in practice. However, so far this approach has not often been stress-tested by large swings in asset prices. Our earlier research employed simulations of a small, calibrated macroeconomic model to examine how an inflation-targeting policy (defined as one in which the central bank’s instrument interest rate responds primarily to changes in expected inflation) might fare in the face of a boom-and-bust cycle in asset prices. We found that an aggressive inflationtargeting policy rule (in our simulations, one in which the coefficient relating the instrument interest rate to expected inflation is 2.0) substantially stabilizes both output and inflation in scenarios in which a bubble in stock prices develops and then collapses, as well as in scenarios in which technology shocks drive stock prices. Intuitively, inflation-targeting central banks automatically accommodate productivity gains that lift stock prices, while offsetting purely speculative increases or decreases in stock values whose primary effects are through aggregate demand. Conditional on a strong policy response to expected inflation, we found little if any additional gains from allowing an independent response of central-bank policy to the level of asset prices. In our view, there are good reasons, outside of our formal model, to worry about attempts by central banks to influence asset prices, including the fact that (as history has shown) the effects of such attempts on market psychology are dangerously unpredictable. Hence, we concluded that inflationtargeting central banks need not respond to asset prices, except insofar as they affect the inflation forecast. In the spirit of recent work on robust control, the exercises in our earlier paper analyzed the performance of policy rules in worst-case † Discussants: Robert Shiller, Yale University; Glenn Rudebusch, Federal Reserve Bank of San Francisco; Kenneth Rogoff, Harvard University.",1,in recent decades asset booms and busts have been important factors in macroeconomic fluctuations in both industrial and developing countries in light of this experience how if at all should central bankers respond to asset price volatility we have addressed this issue in previous work bernanke and gertler the context of our earlier study was the relatively new but increasingly popular monetarypolicy framework known as inflationtargeting see eg bernanke and frederic mishkin in an inflationtargeting framework publicly announced mediumterm inflation targets provide a nominal anchor for monetary policy while allowing the central bank some flexibility to help stabilize the real economy in the short run the inflationtargeting approach gives a specific answer to the question of how central bankers should respond to asset prices changes in asset prices should affect monetary policy only to the extent that they affect the central bank’s forecast of inflation to a first approximation once the predictive content of asset prices for inflation has been accounted for there should be no additional response of monetary policy to assetprice fluctuations in use now for about a decade inflationtargeting has generally performed well in practice however so far this approach has not often been stresstested by large swings in asset prices our earlier research employed simulations of a small calibrated macroeconomic model to examine how an inflationtargeting policy defined as one in which the central bank’s instrument interest rate responds primarily to changes in expected inflation might fare in the face of a boomandbust cycle in asset prices we found that an aggressive inflationtargeting policy rule in our simulations one in which the coefficient relating the instrument interest rate to expected inflation is substantially stabilizes both output and inflation in scenarios in which a bubble in stock prices develops and then collapses as well as in scenarios in which technology shocks drive stock prices intuitively inflationtargeting central banks automatically accommodate productivity gains that lift stock prices while offsetting purely speculative increases or decreases in stock values whose primary effects are through aggregate demand conditional on a strong policy response to expected inflation we found little if any additional gains from allowing an independent response of centralbank policy to the level of asset prices in our view there are good reasons outside of our formal model to worry about attempts by central banks to influence asset prices including the fact that as history has shown the effects of such attempts on market psychology are dangerously unpredictable hence we concluded that inflationtargeting central banks need not respond to asset prices except insofar as they affect the inflation forecast in the spirit of recent work on robust control the exercises in our earlier paper analyzed the performance of policy rules in worstcase † discussants robert shiller yale university glenn rudebusch federal reserve bank of san francisco kenneth rogoff harvard university
10.21799/frbp.wp.2011.40,"The Phillips curve has long been used as a foundation for forecasting inflation.Yet numerous studies indicate that over the past 20 years or so, inflation forecasts based on the Phillips curve generally do not predict inflation any better than a univariate forecasting model.In this paper, we take a deeper look at the forecasting ability of Phillips curves from both an unconditional and conditional view.Namely, we use the test results developed by Giacomini and White (2006) to examine the forecasting ability of Phillips curve models.Our main results indicate that forecasts from our Phillips curve models are unconditionally inferior to those of our univariate forecasting models and sometimes the difference is statistically significant.However, we do find that conditioning on various measures of the state of the economy does at times improve the performance of the Phillips curve model in a statistically significant way.Of interest is that improvement is more likely to occur at longer forecasting horizons and over the sample period 1984Q1-2010Q3.Strikingly, the improvement is asymmetric -Phillips curve forecasts tend to be more accurate when the economy is weak and less accurate when the economy is strong.It, therefore, appears that forecasters should not fully discount the inflation forecasts of Phillips curve-based models when the economy is weak.",1,the phillips curve has long been used as a foundation for forecasting inflationyet numerous studies indicate that over the past years or so inflation forecasts based on the phillips curve generally do not predict inflation any better than a univariate forecasting modelin this paper we take a deeper look at the forecasting ability of phillips curves from both an unconditional and conditional viewnamely we use the test results developed by giacomini and white to examine the forecasting ability of phillips curve modelsour main results indicate that forecasts from our phillips curve models are unconditionally inferior to those of our univariate forecasting models and sometimes the difference is statistically significanthowever we do find that conditioning on various measures of the state of the economy does at times improve the performance of the phillips curve model in a statistically significant wayof interest is that improvement is more likely to occur at longer forecasting horizons and over the sample period q q strikingly the improvement is asymmetric phillips curve forecasts tend to be more accurate when the economy is weak and less accurate when the economy is strongit therefore appears that forecasters should not fully discount the inflation forecasts of phillips curvebased models when the economy is weak
10.1093/oep/gpab012,"Abstract This article explores professionals’ inflation forecasts, specifically the structure of their forecast error. Recent papers considering professionals’ inflation forecast have focused on the role of forecaster inattentiveness. We consider a new additional dimension of inattentiveness which is observed when forecasters form multi-period forecasts, and implicitly their perceived momentum of inflation. The present analysis introduces a novel model that is investigated empirically using survey-based data for the US. It establishes a new structure for the professionals’ forecast error accounting for both dimensions of inattentiveness, which relates respectively to forecast updating and multi-period forecasting in each period.",1,abstract this article explores professionals’ inflation forecasts specifically the structure of their forecast error recent papers considering professionals’ inflation forecast have focused on the role of forecaster inattentiveness we consider a new additional dimension of inattentiveness which is observed when forecasters form multiperiod forecasts and implicitly their perceived momentum of inflation the present analysis introduces a novel model that is investigated empirically using surveybased data for the us it establishes a new structure for the professionals’ forecast error accounting for both dimensions of inattentiveness which relates respectively to forecast updating and multiperiod forecasting in each period
10.3386/w6512,"Policy rules that are consistent with inflation targeting are examined in a small macro-econometric model of the US economy. We compare the properties and outcomes of explicit instrument rules as well as targeting rules. The latter, which imply implicit instrument rules, may be closer to actual operating procedures of inflation-targeting central banks. We find that inflation forecasts are central for good policy rules under inflation targeting. Some simple instrument and targeting rules do remarkably well relative to the optimal rule; others, including some that are often used as representing inflation targeting, do less well.",1,policy rules that are consistent with inflation targeting are examined in a small macroeconometric model of the us economy we compare the properties and outcomes of explicit instrument rules as well as targeting rules the latter which imply implicit instrument rules may be closer to actual operating procedures of inflationtargeting central banks we find that inflation forecasts are central for good policy rules under inflation targeting some simple instrument and targeting rules do remarkably well relative to the optimal rule others including some that are often used as representing inflation targeting do less well
10.1093/oep/gpl009,"This paper examines how the Bank of England conducts monetary policy in practice and assesses its policy preferences. Our empirical results using monthly ex post inflation forecast suggest that pursued policy can be characterized by a nonlinear policy reaction function with a deflation bias. We also find evidence of a target range as opposed to a point target for the 1992–5 period. These results are however, not robust to the use of the Bank's own forecast which suggests that pursued policy is consistent with a symmetric point target for inflation. In practice however, inflation has been consistently below the Bank's inflation target in recent years. We argue that a plausible explanation for this is that the MPC had systematically over predicted inflation, which in turn may have resulted in overly restrictive policy.",1,this paper examines how the bank of england conducts monetary policy in practice and assesses its policy preferences our empirical results using monthly ex post inflation forecast suggest that pursued policy can be characterized by a nonlinear policy reaction function with a deflation bias we also find evidence of a target range as opposed to a point target for the – period these results are however not robust to the use of the banks own forecast which suggests that pursued policy is consistent with a symmetric point target for inflation in practice however inflation has been consistently below the banks inflation target in recent years we argue that a plausible explanation for this is that the mpc had systematically over predicted inflation which in turn may have resulted in overly restrictive policy
10.17016/ifdp.2012.1062r,"We develop a parsimonious bivariate model of inflation and unemployment that allows for persistent variation in trend inflation and in the non-accelerating inflation rate of unemployment. The model, which consists of five unobserved components including the trends) with stochastic volatility, implies a time-varying vector autoregression model for changes in the rates of inflation and unemployment. The implied backwards-looking Phillips curve has a time-varying slope that is steeper in the 1970s than in the 1990s. Pseudo out-of-sample forecasting experiments indicate improvements upon univariate benchmarks. Since 2008, the implied Phillips curve has become steeper and the the non-accelerating inflation rate of unemployment has increased.",1,we develop a parsimonious bivariate model of inflation and unemployment that allows for persistent variation in trend inflation and in the nonaccelerating inflation rate of unemployment the model which consists of five unobserved components including the trends with stochastic volatility implies a timevarying vector autoregression model for changes in the rates of inflation and unemployment the implied backwardslooking phillips curve has a timevarying slope that is steeper in the s than in the s pseudo outofsample forecasting experiments indicate improvements upon univariate benchmarks since the implied phillips curve has become steeper and the the nonaccelerating inflation rate of unemployment has increased
10.1080/00128775.2018.1467781,"This article examines the relationship between consumer expectations and inflation forecasts by the central bank. We assume that the inflation forecast is one of the factors influencing expectations. The vector error correction model is employed to test our hypothesis. The research covers the Bank of England, the Bank of Sweden, and the Czech National Bank from 2001–2015. Our results confirm the interrelation of inflation forecasts and expectations. The research contributes to the literature on inflation expectations and on inflation forecast targeting.",1,this article examines the relationship between consumer expectations and inflation forecasts by the central bank we assume that the inflation forecast is one of the factors influencing expectations the vector error correction model is employed to test our hypothesis the research covers the bank of england the bank of sweden and the czech national bank from – our results confirm the interrelation of inflation forecasts and expectations the research contributes to the literature on inflation expectations and on inflation forecast targeting
10.4172/2162-6359.1000274,"Artificial Neural Network (ANN) is a modelling technique which is based on the way the human brain process information. ANNs have proved to be good forecasting models in several fields including economics and finance. The ANN methodology is used by some central banks to predict various macroeconomic indicators such as the inflation, money supply, GDP growth etc. The use of the ANN for prediction is common in the forecasting literature but rare in Ghana. This paper forecasts inflation with the ANN method using the Ghanaian data. The monthly y-o-y data between 1991:01 and 2010:12 are used to estimate and forecast for the period 2011:01 to 2011:12. The result of the ANNs are also compared with traditional time series models such as the AR (12) and VAR (14) which use the same set of variables. The basis of comparison is the out-of-sample forecast error (RMSFE). The results show that the RMSFE of the ANNs are lower than their econometric counterparts. That is, by this comparative criterion forecast based on ANN models are more accurate.",1,artificial neural network ann is a modelling technique which is based on the way the human brain process information anns have proved to be good forecasting models in several fields including economics and finance the ann methodology is used by some central banks to predict various macroeconomic indicators such as the inflation money supply gdp growth etc the use of the ann for prediction is common in the forecasting literature but rare in ghana this paper forecasts inflation with the ann method using the ghanaian data the monthly yoy data between and are used to estimate and forecast for the period to the result of the anns are also compared with traditional time series models such as the ar and var which use the same set of variables the basis of comparison is the outofsample forecast error rmsfe the results show that the rmsfe of the anns are lower than their econometric counterparts that is by this comparative criterion forecast based on ann models are more accurate
10.1080/02664763.2019.1652253,"We use Bayesian additive regression trees to reexamine the efficiency of growth and inflation forecasts for Germany. To this end, we use forecasts of four leading German economic research institutes for the sample period from 1970 to 2016. We reject the strong form of forecast efficiency and find evidence against the weak form of forecast efficiency for longer-term growth and longer-term inflation forecasts. We cannot reject weak efficiency of short-term growth and inflation forecasts and of forecasts disaggregated at the institute level. We find that Bayesian additive regression trees perform significantly better than a standard linear efficiency-regression model in terms of forecast accuracy.",1,we use bayesian additive regression trees to reexamine the efficiency of growth and inflation forecasts for germany to this end we use forecasts of four leading german economic research institutes for the sample period from to we reject the strong form of forecast efficiency and find evidence against the weak form of forecast efficiency for longerterm growth and longerterm inflation forecasts we cannot reject weak efficiency of shortterm growth and inflation forecasts and of forecasts disaggregated at the institute level we find that bayesian additive regression trees perform significantly better than a standard linear efficiencyregression model in terms of forecast accuracy
10.18288/1994-5124-2022-5-8-25,"This study using VECM methodology constructs a model of the Russian economy from 2010 through 2022 across four variables: consumer price index, ruble exchange rate against the US dollar, consumer demand, and the RUONIA interest rate. A short-term inflation forecast through the end of 2022, which predicts that annual inflation will drop to 10.1 % by December 2022, is arrived at based on this model. The model is then applied to determine the contribution to March inflation from the price shock that was not attributable to the dynamics of the fundamental variables. The point estimate of the shock came to 6.6% of the 7.4% seasonally adjusted March inflation, and this implies that about 89% of the inflation surge was due to one-off factors (logistics, switching to other suppliers, etc.). The accuracy of the VECM model forecast in the current economic situation (high inflation volatility) turns out to be higher than the accuracy of univariate benchmark models over a horizon of one to three months. Forecasts derived from the proposed VECM model applied to vintage data for the period from December 2021 to June 2022 turned out to be close to the consensus forecasts of analysts and the Bank of Russia, which had been based on a comparable information set. The forecasts constructed with the model project a significant slowdown in inflation based on data starting from April, an outcome which explains the rapid key rate cut by the Bank of Russia from 20% in early April to 8% by the end of July. Even when inflationary trends are rapidly changing, the proposed factor model facilitates prompt and relatively accurate short-term inflation forecasts, which can be used to inform monetary policy choices",1,this study using vecm methodology constructs a model of the russian economy from through across four variables consumer price index ruble exchange rate against the us dollar consumer demand and the ruonia interest rate a shortterm inflation forecast through the end of which predicts that annual inflation will drop to by december is arrived at based on this model the model is then applied to determine the contribution to march inflation from the price shock that was not attributable to the dynamics of the fundamental variables the point estimate of the shock came to of the seasonally adjusted march inflation and this implies that about of the inflation surge was due to oneoff factors logistics switching to other suppliers etc the accuracy of the vecm model forecast in the current economic situation high inflation volatility turns out to be higher than the accuracy of univariate benchmark models over a horizon of one to three months forecasts derived from the proposed vecm model applied to vintage data for the period from december to june turned out to be close to the consensus forecasts of analysts and the bank of russia which had been based on a comparable information set the forecasts constructed with the model project a significant slowdown in inflation based on data starting from april an outcome which explains the rapid key rate cut by the bank of russia from in early april to by the end of july even when inflationary trends are rapidly changing the proposed factor model facilitates prompt and relatively accurate shortterm inflation forecasts which can be used to inform monetary policy choices
10.1002/for.1059,"Abstract Predicting the future evolution of GDP growth and inflation is a central concern in economics. Forecasts are typically produced either from economic theory‐based models or from simple linear time series models. While a time series model can provide a reasonable benchmark to evaluate the value added of economic theory relative to the pure explanatory power of the past behavior of the variable, recent developments in time series analysis suggest that more sophisticated time series models could provide more serious benchmarks for economic models. In this paper we evaluate whether these complicated time series models can outperform standard linear models for forecasting GDP growth and inflation. We consider a large variety of models and evaluation criteria, using a bootstrap algorithm to evaluate the statistical significance of our results. Our main conclusion is that in general linear time series models can hardly be beaten if they are carefully specified. However, we also identify some important cases where the adoption of a more complicated benchmark can alter the conclusions of economic analyses about the driving forces of GDP growth and inflation. Copyright © 2008 John Wiley &amp; Sons, Ltd.",1,abstract predicting the future evolution of gdp growth and inflation is a central concern in economics forecasts are typically produced either from economic theory‐based models or from simple linear time series models while a time series model can provide a reasonable benchmark to evaluate the value added of economic theory relative to the pure explanatory power of the past behavior of the variable recent developments in time series analysis suggest that more sophisticated time series models could provide more serious benchmarks for economic models in this paper we evaluate whether these complicated time series models can outperform standard linear models for forecasting gdp growth and inflation we consider a large variety of models and evaluation criteria using a bootstrap algorithm to evaluate the statistical significance of our results our main conclusion is that in general linear time series models can hardly be beaten if they are carefully specified however we also identify some important cases where the adoption of a more complicated benchmark can alter the conclusions of economic analyses about the driving forces of gdp growth and inflation copyright © john wiley amp sons ltd
10.1080/00036846.2016.1210777,"We compare inflation forecasts of a vector autoregressive fractionally integrated moving average (VARFIMA) model against standard forecasting models. U.S. inflation forecasts improve when controlling for persistence and economic policy uncertainty (EPU). Importantly, the VARFIMA model, comprising of inflation and EPU, outperforms commonly used inflation forecast models.",1,we compare inflation forecasts of a vector autoregressive fractionally integrated moving average varfima model against standard forecasting models us inflation forecasts improve when controlling for persistence and economic policy uncertainty epu importantly the varfima model comprising of inflation and epu outperforms commonly used inflation forecast models
10.1162/rest_a_00235,We investigate inflation predictability in the United States across the monetary regimes of the twentieth century. The forecasts based on money growth and output growth were significantly more accurate than the forecasts based on past inflation only during the regimes associated with neither a clear nominal anchor nor a credible commitment to fight inflation. These include the years from the outbreak of World War II in 1939 to the implementation of the Bretton Woods Agreements in 1951 and from Nixon's closure of the gold window in 1971 to the end of Volcker's disinflation in 1983.,1,we investigate inflation predictability in the united states across the monetary regimes of the twentieth century the forecasts based on money growth and output growth were significantly more accurate than the forecasts based on past inflation only during the regimes associated with neither a clear nominal anchor nor a credible commitment to fight inflation these include the years from the outbreak of world war ii in to the implementation of the bretton woods agreements in and from nixons closure of the gold window in to the end of volckers disinflation in
10.1016/j.mlwa.2022.100355,"Bitcoin has grown in popularity and has now attracted the attention of individual and institutional investors. Accurate Bitcoin price direction forecasts are important for determining the trend in Bitcoin prices and asset allocation. This paper addresses several unanswered questions. How important are business cycle variables like interest rates, inflation, and market volatility for forecasting Bitcoin prices? Does the importance of these variables change across time? Are the most important macroeconomic variables for forecasting Bitcoin prices the same as those for gold prices? To answer these questions, we utilize tree-based machine learning classifiers, along with traditional logit econometric models. The analysis reveals several important findings. First, random forests predict Bitcoin and gold price directions with a higher degree of accuracy than logit models. Prediction accuracy for bagging and random forests is between 75% and 80% for a five-day prediction. For 10-day to 20-day forecasts bagging and random forests record accuracies greater than 85%. Second, technical indicators are the most important features for predicting Bitcoin and gold price direction, suggesting some degree of market inefficiency. Third, oil price volatility is important for predicting Bitcoin and gold prices indicating that Bitcoin is a substitute for gold in diversifying this type of volatility. By comparison, gold prices are more influenced by inflation than Bitcoin prices, indicating that gold can be used as a hedge or diversification asset against inflation.",1,bitcoin has grown in popularity and has now attracted the attention of individual and institutional investors accurate bitcoin price direction forecasts are important for determining the trend in bitcoin prices and asset allocation this paper addresses several unanswered questions how important are business cycle variables like interest rates inflation and market volatility for forecasting bitcoin prices does the importance of these variables change across time are the most important macroeconomic variables for forecasting bitcoin prices the same as those for gold prices to answer these questions we utilize treebased machine learning classifiers along with traditional logit econometric models the analysis reveals several important findings first random forests predict bitcoin and gold price directions with a higher degree of accuracy than logit models prediction accuracy for bagging and random forests is between and for a fiveday prediction for day to day forecasts bagging and random forests record accuracies greater than second technical indicators are the most important features for predicting bitcoin and gold price direction suggesting some degree of market inefficiency third oil price volatility is important for predicting bitcoin and gold prices indicating that bitcoin is a substitute for gold in diversifying this type of volatility by comparison gold prices are more influenced by inflation than bitcoin prices indicating that gold can be used as a hedge or diversification asset against inflation
10.34989/swp-2010-34,"We propose alternative single-equation semi-structural models for forecasting inflation in Canada, whereby structural New Keynesian models are combined with time-series features in the data. Several marginal cost measures are used, including one that in addition to unit labour cost also integrates relative price shocks known to play an important role in open-economies. Structural estimation and testing is conducted using identification-robust methods that are valid whatever the identification status of the econometric model. We find that our semi-structural models perform better than various strictly structural and conventional time series models. In the latter case, forecasting performance is significantly better, both in the short run and in the medium run.",1,we propose alternative singleequation semistructural models for forecasting inflation in canada whereby structural new keynesian models are combined with timeseries features in the data several marginal cost measures are used including one that in addition to unit labour cost also integrates relative price shocks known to play an important role in openeconomies structural estimation and testing is conducted using identificationrobust methods that are valid whatever the identification status of the econometric model we find that our semistructural models perform better than various strictly structural and conventional time series models in the latter case forecasting performance is significantly better both in the short run and in the medium run
10.17016/ifdp.2003.780,"Recent empirical work has considered the prediction of inflation by combining the information in a large number of time series. One such method that has been found to give consistently good results consists of simple equal weighted averaging of the forecasts over a large number of different models, each of which is a linear regression model that relates inflation to a single predictor and a lagged dependent variable. In this paper, I consider using Bayesian Model Averaging for pseudo out-of-sample prediction of US inflation, and find that it gives more accurate forecasts than simple equal weighted averaging. This superior performance is consistent across subsamples and inflation measures. Meanwhile, both methods substantially outperform a naive time series benchmark of predicting inflation by an autoregression.",1,recent empirical work has considered the prediction of inflation by combining the information in a large number of time series one such method that has been found to give consistently good results consists of simple equal weighted averaging of the forecasts over a large number of different models each of which is a linear regression model that relates inflation to a single predictor and a lagged dependent variable in this paper i consider using bayesian model averaging for pseudo outofsample prediction of us inflation and find that it gives more accurate forecasts than simple equal weighted averaging this superior performance is consistent across subsamples and inflation measures meanwhile both methods substantially outperform a naive time series benchmark of predicting inflation by an autoregression
10.1002/for.3063,"Abstract We provide an overview of the formulation of the forecasts of the European Central Bank, the Federal Reserve, and the Bank of England. We also provide statistical assessments of the performance of the forecasting process of those central banks. We find that the inflation forecasts have, by‐and‐large, been unbiased and efficient at the very short‐term forecast horizon. The performance deteriorates over longer horizons. This latter finding could be attributable, inter alia, to the approach applied in the integration in the forecasting process of the assumptions on the future market‐implied interest rate path.",1,abstract we provide an overview of the formulation of the forecasts of the european central bank the federal reserve and the bank of england we also provide statistical assessments of the performance of the forecasting process of those central banks we find that the inflation forecasts have by‐and‐large been unbiased and efficient at the very short‐term forecast horizon the performance deteriorates over longer horizons this latter finding could be attributable inter alia to the approach applied in the integration in the forecasting process of the assumptions on the future market‐implied interest rate path
10.12775/equil.2015.022,"Producing and revealing inflation forecast is believed to be the best way of implementing a forward-looking monetary policy. The article focuses on inflation forecast targeting (IFT) at the Czech National Bank (CNB) in terms of its efficiency in shaping consumers’ inflation expectations. The goal of the study is to verify the accuracy of the inflation forecasts, and their influence on inflation expectations. The research is divided into four stages. At the first stage, central bank credibility is examined. At the second stage – accuracy of the inflation forecasts. The next step of the research covers a qualitative analysis of IFT implementation. Finally, the existence of the interdependences of inflation forecast, optimal policy paths and inflation expectations is analyzed. Credibility of the central bank, accuracy of the forecast and decision-making procedures focused on the forecast are the premises for the existence of relationship between forecasts and expectations. The research covers the period from July 2002 – till the end of 2013. Its methodology includes qualitative analysis of decision-making of the CNB, quantitative methods (Kia and Patron formula, MAE forecasts errors, quantification of expectations, non-parametric statistics). The results confirm the existence of interdependences between inflation forecasts and expectations of moderate strength. The preconditions of such interdependences are partially fulfilled. The research opens the field for cross-country comparisons and for quantification of IFT implementation.",1,producing and revealing inflation forecast is believed to be the best way of implementing a forwardlooking monetary policy the article focuses on inflation forecast targeting ift at the czech national bank cnb in terms of its efficiency in shaping consumers’ inflation expectations the goal of the study is to verify the accuracy of the inflation forecasts and their influence on inflation expectations the research is divided into four stages at the first stage central bank credibility is examined at the second stage – accuracy of the inflation forecasts the next step of the research covers a qualitative analysis of ift implementation finally the existence of the interdependences of inflation forecast optimal policy paths and inflation expectations is analyzed credibility of the central bank accuracy of the forecast and decisionmaking procedures focused on the forecast are the premises for the existence of relationship between forecasts and expectations the research covers the period from july – till the end of its methodology includes qualitative analysis of decisionmaking of the cnb quantitative methods kia and patron formula mae forecasts errors quantification of expectations nonparametric statistics the results confirm the existence of interdependences between inflation forecasts and expectations of moderate strength the preconditions of such interdependences are partially fulfilled the research opens the field for crosscountry comparisons and for quantification of ift implementation
10.1002/for.1001,"Abstract In order to provide short‐run forecasts of headline and core HICP inflation for France, we assess the forecasting performance of a large set of economic indicators, individually and jointly, as well as using dynamic factor models. We run out‐of‐sample forecasts implementing the Stock and Watson (1999) methodology. We find that, according to usual statistical criteria, the combination of several indicators—in particular those derived from surveys—provides better results than factor models, even after pre‐selection of the variables included in the panel. However, factors included in VAR models exhibit more stable forecasting performance over time. Results for the HICP excluding unprocessed food and energy are very encouraging. Moreover, we show that the aggregation of forecasts on subcomponents exhibits the best performance for projecting total inflation and that it is robust to data snooping. Copyright © 2007 John Wiley &amp; Sons, Ltd.",1,abstract in order to provide short‐run forecasts of headline and core hicp inflation for france we assess the forecasting performance of a large set of economic indicators individually and jointly as well as using dynamic factor models we run out‐of‐sample forecasts implementing the stock and watson methodology we find that according to usual statistical criteria the combination of several indicators—in particular those derived from surveys—provides better results than factor models even after pre‐selection of the variables included in the panel however factors included in var models exhibit more stable forecasting performance over time results for the hicp excluding unprocessed food and energy are very encouraging moreover we show that the aggregation of forecasts on subcomponents exhibits the best performance for projecting total inflation and that it is robust to data snooping copyright © john wiley amp sons ltd
10.20955/wp.2009.030,"This paper provides the most fully comprehensive evidence to date on whether or not monetary aggregates are valuable for forecasting US inflation in the early to mid 2000s. We explore a wide range of different definitions of money, including different methods of aggregation and different collections of included monetary assets. In our forecasting experiment we use two non-linear techniques, namely, recurrent neural networks and kernel recursive least squares regression -techniques that are new to macroeconomics. Recurrent neural networks operate with potentially unbounded input memory, while the kernel regression technique is a finite memory predictor. The two methodologies compete to find the best fitting US inflation forecasting models and are then compared to forecasts from a naive random walk model. The best models were non-linear autoregressive models based on kernel methods. Our findings do not provide much support for the usefulness of monetary aggregates in forecasting inflation. Beyond its economic findings, our study is in the tradition of physicists' long-standing interest in the interconnections among statistical mechanics, neural networks, and related nonparametric statistical methods, and suggests potential avenues of extension for such studies.",1,this paper provides the most fully comprehensive evidence to date on whether or not monetary aggregates are valuable for forecasting us inflation in the early to mid s we explore a wide range of different definitions of money including different methods of aggregation and different collections of included monetary assets in our forecasting experiment we use two nonlinear techniques namely recurrent neural networks and kernel recursive least squares regression techniques that are new to macroeconomics recurrent neural networks operate with potentially unbounded input memory while the kernel regression technique is a finite memory predictor the two methodologies compete to find the best fitting us inflation forecasting models and are then compared to forecasts from a naive random walk model the best models were nonlinear autoregressive models based on kernel methods our findings do not provide much support for the usefulness of monetary aggregates in forecasting inflation beyond its economic findings our study is in the tradition of physicists longstanding interest in the interconnections among statistical mechanics neural networks and related nonparametric statistical methods and suggests potential avenues of extension for such studies
10.1080/07350015.2024.2347619,"We use economic narratives to forecast inflation with a large news corpus and machine learning algorithms. The economic narratives from the full text content of over 880,000 <i>Wall Street Journal</i> articles are decomposed into multiple time series representing interpretable news topics, which are then used to predict inflation. The results indicate that narrative-based forecasts are more accurate than the benchmarks, especially during recession periods. Narrative-based forecasts perform better in long-run forecasting and provide incremental predictive information even after controlling macroeconomic big data. In particular, information about inflation expectations and prices of specific goods embedded in narratives contributes to their predictive power. Overall, we provide a novel representation of economic narratives and document the important role of economic narratives in inflation forecasting.",1,we use economic narratives to forecast inflation with a large news corpus and machine learning algorithms the economic narratives from the full text content of over iwall street journali articles are decomposed into multiple time series representing interpretable news topics which are then used to predict inflation the results indicate that narrativebased forecasts are more accurate than the benchmarks especially during recession periods narrativebased forecasts perform better in longrun forecasting and provide incremental predictive information even after controlling macroeconomic big data in particular information about inflation expectations and prices of specific goods embedded in narratives contributes to their predictive power overall we provide a novel representation of economic narratives and document the important role of economic narratives in inflation forecasting
10.1016/j.econlet.2020.109602,"Using a decomposition of US monetary policy shocks and inflation forecasts from Consensus Economics, we find that information and monetary policy shocks move inflation expectations in opposite directions. Better performing forecasters appear less reliant on the informational content of announcements.",1,using a decomposition of us monetary policy shocks and inflation forecasts from consensus economics we find that information and monetary policy shocks move inflation expectations in opposite directions better performing forecasters appear less reliant on the informational content of announcements
10.1002/for.2453,"Abstract This paper investigates the impact of both asset and macroeconomic forecast errors on inflation forecast errors in the USA by making use of a two‐regime model. The findings document a significant contribution of both types of forecast errors to the explanation of inflation forecast errors, with the pass‐through being stronger when these errors move within the high‐volatility regime. Copyright © 2016 John Wiley &amp; Sons, Ltd.",1,abstract this paper investigates the impact of both asset and macroeconomic forecast errors on inflation forecast errors in the usa by making use of a two‐regime model the findings document a significant contribution of both types of forecast errors to the explanation of inflation forecast errors with the pass‐through being stronger when these errors move within the high‐volatility regime copyright © john wiley amp sons ltd
10.13140/rg.2.2.21347.25129,"In this study, we propose a supply-side augmented Phillips curve for the Nigerian economy, which significantly enhances its inflation forecasts. We argue for the role of oil price as a good proxy for the supply side of inflation given the structure of the Nigerian economy, which essentially relies on oil revenue. Thus, we compare the forecast results of the oil-based augmented Phillips curve with the traditional variant, as well as time series models such as ARIMA and ARFIMA. We also test for any probable asymmetric response of Nigeria inflation forecast to oil price changes. The forecast analyses are conducted for both in-sample and out-of-sample periods using alternative forecast measures. We also consider alternative estimators such as Lewellen (2004) [LW hereafter] and Westerlund and Narayan (2012, 2015) [WN hereafter] estimators which account for relevant statistical properties of the predictors and their results are compared with the standard OLS estimator. The results suggest that the choice of estimator does matter for accurate inflation forecast for Nigeria, whether for in-sample or out-of-sample forecast and the WN estimator is preferred particularly when compared with OLS estimator. Secondly, the augmented model outperforms its traditional version, as well as time series models for both forecast samples. However, oil price asymmetries become evident when large samples are used. Our results are robust to alternative oil price proxies and forecast measures.",1,in this study we propose a supplyside augmented phillips curve for the nigerian economy which significantly enhances its inflation forecasts we argue for the role of oil price as a good proxy for the supply side of inflation given the structure of the nigerian economy which essentially relies on oil revenue thus we compare the forecast results of the oilbased augmented phillips curve with the traditional variant as well as time series models such as arima and arfima we also test for any probable asymmetric response of nigeria inflation forecast to oil price changes the forecast analyses are conducted for both insample and outofsample periods using alternative forecast measures we also consider alternative estimators such as lewellen lw hereafter and westerlund and narayan wn hereafter estimators which account for relevant statistical properties of the predictors and their results are compared with the standard ols estimator the results suggest that the choice of estimator does matter for accurate inflation forecast for nigeria whether for insample or outofsample forecast and the wn estimator is preferred particularly when compared with ols estimator secondly the augmented model outperforms its traditional version as well as time series models for both forecast samples however oil price asymmetries become evident when large samples are used our results are robust to alternative oil price proxies and forecast measures
10.1108/02635579910291984,"Forecasting inflation is a major concern for economists and businessmen. Most researchers have relied upon statistical techniques with their stringent data assumptions and low accuracy rates to predict changes in inflation, but only a few have investigated how neural networks can improve forecasts. Here, we show the results of Consumer Price Index (CPI) forecasts from an artificial neural network using leading economic indicator data in the USA. Results show that the neural network predicts the level of the CPI with a high degree of accuracy.",1,forecasting inflation is a major concern for economists and businessmen most researchers have relied upon statistical techniques with their stringent data assumptions and low accuracy rates to predict changes in inflation but only a few have investigated how neural networks can improve forecasts here we show the results of consumer price index cpi forecasts from an artificial neural network using leading economic indicator data in the usa results show that the neural network predicts the level of the cpi with a high degree of accuracy
10.3982/qe980,"This paper studies the joint dynamics of U.S. inflation and a term structure of average inflation predictions taken from the Survey of Professional Forecasters (SPF). We estimate these joint dynamics by combining an unobserved components (UC) model of inflation and a sticky‐information forecast mechanism. The UC model decomposes inflation into trend and gap components, and innovations to trend and gap inflation are affected by stochastic volatility. A novelty of our model is to allow for time‐variation in inflation‐gap persistence as well as in the frequency of forecast updating under sticky information. The model is estimated with sequential Monte Carlo methods that include a particle learning filter and a Rao–Blackwellized particle smoother. Based on data from 1968 Q 4 to 2018 Q 3, estimates show that (i) longer horizon average SPF inflation predictions inform estimates of trend inflation; (ii) inflation gap persistence is countercyclical before the Volcker disinflation and acyclical afterwards; (iii) by 1990 sticky‐information inflation forecast updating is less frequent than it was earlier in the sample; and (iv) the drop in the frequency of the sticky‐information forecast updating occurs at the same time persistent shocks become less important for explaining movements in inflation. Our findings support the view that stickiness in survey forecasts is not invariant to the inflation process.",1,this paper studies the joint dynamics of us inflation and a term structure of average inflation predictions taken from the survey of professional forecasters spf we estimate these joint dynamics by combining an unobserved components uc model of inflation and a sticky‐information forecast mechanism the uc model decomposes inflation into trend and gap components and innovations to trend and gap inflation are affected by stochastic volatility a novelty of our model is to allow for time‐variation in inflation‐gap persistence as well as in the frequency of forecast updating under sticky information the model is estimated with sequential monte carlo methods that include a particle learning filter and a rao–blackwellized particle smoother based on data from q to q estimates show that i longer horizon average spf inflation predictions inform estimates of trend inflation ii inflation gap persistence is countercyclical before the volcker disinflation and acyclical afterwards iii by sticky‐information inflation forecast updating is less frequent than it was earlier in the sample and iv the drop in the frequency of the sticky‐information forecast updating occurs at the same time persistent shocks become less important for explaining movements in inflation our findings support the view that stickiness in survey forecasts is not invariant to the inflation process
10.1002/(sici)1099-131x(200004)19:3<201::aid-for753>3.3.co;2-w,"Artificial neural network modelling has recently attracted much attention as a new technique for estimation and forecasting in economics and finance. The chief advantages of this new approach are that such models can usually find a solution for very complex problems, and that they are free from the assumption of linearity that is often adopted to make the traditional methods tractable. In this paper we compare the performance of Back-Propagation Artificial Neural Network (BPN) models with the traditional econometric approaches to forecasting the inflation rate. Of the traditional econometric models we use a structural reduced-form model, an ARIMA model, a vector autoregressive model, and a Bayesian vector autoregression model. We compare each econometric model with a hybrid BPN model which uses the same set of variables. Dynamic forecasts are compared for three dierent horizons: one, three and twelve months ahead. Root mean squared errors and mean absolute errors are used to compare quality of forecasts. The results show the hybrid BPN models are able to forecast as well as all the traditional econometric methods, and to outperform them in some cases. Copyright # 2000 John Wiley &amp;amp; Sons, Ltd. KEY WORDS Forecasting; inflation; structural models; time series models; artificial neural network models",1,artificial neural network modelling has recently attracted much attention as a new technique for estimation and forecasting in economics and finance the chief advantages of this new approach are that such models can usually find a solution for very complex problems and that they are free from the assumption of linearity that is often adopted to make the traditional methods tractable in this paper we compare the performance of backpropagation artificial neural network bpn models with the traditional econometric approaches to forecasting the inflation rate of the traditional econometric models we use a structural reducedform model an arima model a vector autoregressive model and a bayesian vector autoregression model we compare each econometric model with a hybrid bpn model which uses the same set of variables dynamic forecasts are compared for three dierent horizons one three and twelve months ahead root mean squared errors and mean absolute errors are used to compare quality of forecasts the results show the hybrid bpn models are able to forecast as well as all the traditional econometric methods and to outperform them in some cases copyright john wiley ampamp sons ltd key words forecasting inflation structural models time series models artificial neural network models
10.34989/swp-2001-18,"This paper evaluates the forecasting performance of factor models for Canadian inflation. This type of model was introduced and examined by Stock and Watson (1999a), who have shown that it is quite promising for forecasting U.S. inflation. Using a dimension-reduction method similar to traditional principal-components analysis, we extract a small number of factors from a sample consisting of both Canadian and U.S. data and construct four different factor models. Using parametric and non-parametric tests, we compare the forecasting performance of the factor models to various benchmark forecasting models. We conclude that factor models are as good as more elaborate models in forecasting Canadian inflation. Moreover, we find evidence that a model estimated using only U.S. data is helpful in predicting changes in the Canadian inflation rate.",1,this paper evaluates the forecasting performance of factor models for canadian inflation this type of model was introduced and examined by stock and watson a who have shown that it is quite promising for forecasting us inflation using a dimensionreduction method similar to traditional principalcomponents analysis we extract a small number of factors from a sample consisting of both canadian and us data and construct four different factor models using parametric and nonparametric tests we compare the forecasting performance of the factor models to various benchmark forecasting models we conclude that factor models are as good as more elaborate models in forecasting canadian inflation moreover we find evidence that a model estimated using only us data is helpful in predicting changes in the canadian inflation rate
10.1177/21582440211033826,"This study attempts to evaluate the monetary policy of the Reserve Bank of India (RBI) based on an investigation of the policy statements. The analysis based on text mining of the central bank’s monetary policy statements seeks to unravel the information considered by the central bank and the processes followed in making its inflation forecasts. The findings indicate that although the RBI examined high-frequency economic indicators, its inflation forecasts have generally been off the mark. Specifically, the monetary policy committee failed to foresee the sharp disinflation that followed the demonetization announced on November 8, 2016. This failure resulted in a high real interest rate regime that dealt a blow to the economy staggering under the effects of demonetization. Our research findings show that the monetary policy governance practices need to be refined and better aligned to economic realities, particularly under the RBI’s new monetary policy framework.",1,this study attempts to evaluate the monetary policy of the reserve bank of india rbi based on an investigation of the policy statements the analysis based on text mining of the central bank’s monetary policy statements seeks to unravel the information considered by the central bank and the processes followed in making its inflation forecasts the findings indicate that although the rbi examined highfrequency economic indicators its inflation forecasts have generally been off the mark specifically the monetary policy committee failed to foresee the sharp disinflation that followed the demonetization announced on november this failure resulted in a high real interest rate regime that dealt a blow to the economy staggering under the effects of demonetization our research findings show that the monetary policy governance practices need to be refined and better aligned to economic realities particularly under the rbi’s new monetary policy framework
10.2307/1992473,"Michael F. Bryan, William T. Gavin, Models of Inflation Expectations Formation: A Comparison of Household and Economist Forecasts: Comment, Journal of Money, Credit and Banking, Vol. 18, No. 4 (Nov., 1986), pp. 539-544",1,michael f bryan william t gavin models of inflation expectations formation a comparison of household and economist forecasts comment journal of money credit and banking vol no nov pp
10.4102/sajems.v12i2.274,"This paper examines the implications of the expectations theory of the term structure of interest rates for the implementation of inflation targeting. We show that the responsiveness of the central bank’s instrument to the underlying state of the economy is increasing in the duration of the long-term bond. On the other hand, an increase in duration will make long-term inflationary expectations - and therefore also the long-term nominal interest rate - less responsive to the state of the economy. The extent to which the central bank is concerned with output stabilisation will exert a moderating influence on the central bank’s response to leading indicators of future inflation. However, the effect of an increase in this parameter on the long-term nominal interest rate turns out to be ambiguous. Next, we show that both the sensitivity of the nominal term spread to economic fundamentals and the extent to which the spread predicts future output, are increasing in the duration of the long bond and the degree of structural output persistence. However, if the central bank becomes relatively less concerned about inflation stabilisation the term spread will be less successful in predicting real economic activity.",1,this paper examines the implications of the expectations theory of the term structure of interest rates for the implementation of inflation targeting we show that the responsiveness of the central bank’s instrument to the underlying state of the economy is increasing in the duration of the longterm bond on the other hand an increase in duration will make longterm inflationary expectations and therefore also the longterm nominal interest rate less responsive to the state of the economy the extent to which the central bank is concerned with output stabilisation will exert a moderating influence on the central bank’s response to leading indicators of future inflation however the effect of an increase in this parameter on the longterm nominal interest rate turns out to be ambiguous next we show that both the sensitivity of the nominal term spread to economic fundamentals and the extent to which the spread predicts future output are increasing in the duration of the long bond and the degree of structural output persistence however if the central bank becomes relatively less concerned about inflation stabilisation the term spread will be less successful in predicting real economic activity
10.1002/for.2361,"In this paper a nonparametric approach for estimating mixed‐frequency forecast equations is proposed. In contrast to the popular MIDAS approach that employs an (exponential) Almon or Beta lag distribution, we adopt a penalized least‐squares estimator that imposes some degree of smoothness to the lag distribution. This estimator is related to nonparametric estimation procedures based on cubic splines and resembles the popular Hodrick–Prescott filtering technique for estimating a smooth trend function. Monte Carlo experiments suggest that the nonparametric estimator may provide more reliable and flexible approximations to the actual lag distribution than the conventional parametric MIDAS approach based on exponential lag polynomials. Parametric and nonparametric methods are applied to assess the predictive power of various daily indicators for forecasting monthly inflation rates. It turns out that the commodity price index is a useful predictor for inflations rates 20–30 days ahead with a hump‐shaped lag distribution. Copyright © 2015 John Wiley &amp; Sons, Ltd.",1,in this paper a nonparametric approach for estimating mixed‐frequency forecast equations is proposed in contrast to the popular midas approach that employs an exponential almon or beta lag distribution we adopt a penalized least‐squares estimator that imposes some degree of smoothness to the lag distribution this estimator is related to nonparametric estimation procedures based on cubic splines and resembles the popular hodrick–prescott filtering technique for estimating a smooth trend function monte carlo experiments suggest that the nonparametric estimator may provide more reliable and flexible approximations to the actual lag distribution than the conventional parametric midas approach based on exponential lag polynomials parametric and nonparametric methods are applied to assess the predictive power of various daily indicators for forecasting monthly inflation rates it turns out that the commodity price index is a useful predictor for inflations rates – days ahead with a hump‐shaped lag distribution copyright © john wiley amp sons ltd
10.1002/jae.1208,"SUMMARY We apply a global vector autoregressive (GVAR) model to the analysis of inflation, output growth and global imbalances among a group of 33 countries (26 regions). We account for structural instability by use of country‐specific intercept shifts, the timings of which are identified taking into account both statistical evidence and our knowledge of historic economic conditions and events. Using this model, we compute both central forecasts and scenario‐based probabilistic forecasts for a range of events of interest, including the sign and trajectory of the balance of trade, the achievement of a short‐term inflation target, and the incidence of recession and slow growth. The forecasting performance of the GVAR model in relation to the ongoing financial crisis is quite remarkable. It correctly identifies a pronounced and widespread economic contraction accompanied by a marked shift in the net trade balance of the Eurozone and Japan. Moreover, this promising out‐of‐sample forecasting performance is substantiated by a raft of statistical tests which indicate that the predictive accuracy of the GVAR model is broadly comparable to that of standard benchmark models over short horizons and superior over longer horizons. Hence we conclude that GVAR models may be a useful forecasting tool for institutions operating at both the national and supra‐national levels. Copyright © 2010 John Wiley &amp; Sons, Ltd.",1,summary we apply a global vector autoregressive gvar model to the analysis of inflation output growth and global imbalances among a group of countries regions we account for structural instability by use of country‐specific intercept shifts the timings of which are identified taking into account both statistical evidence and our knowledge of historic economic conditions and events using this model we compute both central forecasts and scenario‐based probabilistic forecasts for a range of events of interest including the sign and trajectory of the balance of trade the achievement of a short‐term inflation target and the incidence of recession and slow growth the forecasting performance of the gvar model in relation to the ongoing financial crisis is quite remarkable it correctly identifies a pronounced and widespread economic contraction accompanied by a marked shift in the net trade balance of the eurozone and japan moreover this promising out‐of‐sample forecasting performance is substantiated by a raft of statistical tests which indicate that the predictive accuracy of the gvar model is broadly comparable to that of standard benchmark models over short horizons and superior over longer horizons hence we conclude that gvar models may be a useful forecasting tool for institutions operating at both the national and supra‐national levels copyright © john wiley amp sons ltd
10.2202/1558-3708.1218,"Turnkey institutional repository software featuring professional-grade publishing and faculty profiles tools to openly publish, manage and showcase the full spectrum of your institution’s research, scholarship and expertise",1,turnkey institutional repository software featuring professionalgrade publishing and faculty profiles tools to openly publish manage and showcase the full spectrum of your institution’s research scholarship and expertise
10.20955/r.91.507-518,"This article presents an empirical strategy that bridges the gap between event studies and macroeconomic forecasts based on common-factor models. Event studies examine the response of financial variables to a market-sensitive ""surprise"" component using a narrow event window.",1,this article presents an empirical strategy that bridges the gap between event studies and macroeconomic forecasts based on commonfactor models event studies examine the response of financial variables to a marketsensitive surprise component using a narrow event window
10.1093/ajae/aar122,"Developing countries that employ inflation‐targeting monetary policy regimes require accurate short‐run food inflation forecasts. We develop a systematic approach to improve food inflation forecasts, apply it to Colombian monthly data from December 1989 to April 2006, and show its relevance for inflation targeting regimes. Forecast accuracy can be improved by: disaggregating food products into away‐from‐home, processed and fresh foods; employing econometric methods to combine forecasts from individual models; and using flexible least squares methods in the presence of structural changes. We also show the importance of accurate food inflation forecasts in models simulating monetary policy transmission.",1,developing countries that employ inflation‐targeting monetary policy regimes require accurate short‐run food inflation forecasts we develop a systematic approach to improve food inflation forecasts apply it to colombian monthly data from december to april and show its relevance for inflation targeting regimes forecast accuracy can be improved by disaggregating food products into away‐from‐home processed and fresh foods employing econometric methods to combine forecasts from individual models and using flexible least squares methods in the presence of structural changes we also show the importance of accurate food inflation forecasts in models simulating monetary policy transmission
10.4028/www.scientific.net/amr.989-994.5536,"This paper analyzes inflation forecast based on BP neural network model. Firstly, it reviews some references about BP neural network and finds that it is a nonlinear adaptive data-driven model with induction ability and a wide range of function approximation ability so that BP neural network could be applied into forecast research. Secondly, it builds up the BP neural network model to predict CPI, selecting the four indicators, which are excess liquidity, exchange rates, inflation expectation and macro-economic leading index. Then it carries out empirical experiment and takes advantage of the monthly data of the above four indicators from March 2005 to December 2012 to forecast CPI. The results show that when prediction period is 3 months, the maximum absolute error between forecast value and real value is 0.0139, and the minimum absolute error is 0.0005. When prediction period is 6 months, the maximum absolute error is not more than 0.02. It proves that BP neural network model can predict coming CPI trend at least 6 months according to the existing data and it means it is suitable for the study of inflation forecast.",1,this paper analyzes inflation forecast based on bp neural network model firstly it reviews some references about bp neural network and finds that it is a nonlinear adaptive datadriven model with induction ability and a wide range of function approximation ability so that bp neural network could be applied into forecast research secondly it builds up the bp neural network model to predict cpi selecting the four indicators which are excess liquidity exchange rates inflation expectation and macroeconomic leading index then it carries out empirical experiment and takes advantage of the monthly data of the above four indicators from march to december to forecast cpi the results show that when prediction period is months the maximum absolute error between forecast value and real value is and the minimum absolute error is when prediction period is months the maximum absolute error is not more than it proves that bp neural network model can predict coming cpi trend at least months according to the existing data and it means it is suitable for the study of inflation forecast
10.1080/1540496x.2004.11052566,"The aim of this paper is to investigate the performance of the Phillips curve to forecast inflation in a high inflation emerging market country by taking Turkey as a case. For this purpose, we compare the forecasting performance of the Phillips curve with alternative time series models, namely, the univariate ARIMA model, vector autoregression and vector error correction model, and a naive no-change model. The data pertains to the quarterly inflation rate in Turkey for the 1987-2001 period. The results show that inflation forecasts obtained from the Phillips curve are found to be more accurate than forecasts based on other macroeconomic variables. The remaining models outperform the ""no-change model"" in most of the cases.",1,the aim of this paper is to investigate the performance of the phillips curve to forecast inflation in a high inflation emerging market country by taking turkey as a case for this purpose we compare the forecasting performance of the phillips curve with alternative time series models namely the univariate arima model vector autoregression and vector error correction model and a naive nochange model the data pertains to the quarterly inflation rate in turkey for the period the results show that inflation forecasts obtained from the phillips curve are found to be more accurate than forecasts based on other macroeconomic variables the remaining models outperform the nochange model in most of the cases
10.1080/1540496x.2017.1297933,"We evaluate the directional accuracy of inflation forecasts based on the survey data of urban savings account holders in China. By using a new market-timing test, we show that the urban consumers’ expectations of inflation are not a useful predictor of the overall consumer price index (CPI) and the urban household CPI (U-CPI) in China. However, after our in-depth analysis using the inflation rate of each category in the U-CPI basket, we find that the consumers’ forecasts are useful in predicting the movement of the residence component in the U-CPI basket since the third quarter of 2009.",1,we evaluate the directional accuracy of inflation forecasts based on the survey data of urban savings account holders in china by using a new markettiming test we show that the urban consumers’ expectations of inflation are not a useful predictor of the overall consumer price index cpi and the urban household cpi ucpi in china however after our indepth analysis using the inflation rate of each category in the ucpi basket we find that the consumers’ forecasts are useful in predicting the movement of the residence component in the ucpi basket since the third quarter of
10.1016/j.latcb.2020.100012,"We present a first assessment of the predictive ability of machine learning methods for inflation forecasting in Costa Rica. We compute forecasts using two variants of k-nearest neighbors, random forests, extreme gradient boosting and a long short-term memory (LSTM) network. We evaluate their properties according to criteria from the optimal forecast literature, and we compare their performance with that of an average of univariate inflation forecasts currently used by the Central Bank of Costa Rica. We find that the best-performing forecasts are those of LSTM, univariate KNN and, to a lesser extent, random forests. Furthermore, a combination performs better than the individual forecasts included in it and the average of the univariate forecasts. This combination not biased; its forecast errors show appropriate properties, and it improves the forecast accuracy at all horizons, both for the level of inflation and for the direction of its changes.",1,we present a first assessment of the predictive ability of machine learning methods for inflation forecasting in costa rica we compute forecasts using two variants of knearest neighbors random forests extreme gradient boosting and a long shortterm memory lstm network we evaluate their properties according to criteria from the optimal forecast literature and we compare their performance with that of an average of univariate inflation forecasts currently used by the central bank of costa rica we find that the bestperforming forecasts are those of lstm univariate knn and to a lesser extent random forests furthermore a combination performs better than the individual forecasts included in it and the average of the univariate forecasts this combination not biased its forecast errors show appropriate properties and it improves the forecast accuracy at all horizons both for the level of inflation and for the direction of its changes
10.1111/j.1538-4616.2009.00209.x,"Disagreement in inflation expectations observed from survey data varies systematically over time in a way that reflects the level and variance of current inflation. This paper offers a simple explanation for these facts based on asymmetries in the forecasters' costs of over‐ and underpredicting inflation. Our model implies (i) biased forecasts, (ii) positive serial correlation in forecast errors, (iii) a cross‐sectional dispersion that rises with the level and the variance of the inflation rate, and (iv) predictability of forecast errors at different horizons by means of the spread between the short‐ and long‐term variance of inflation. We find empirically that these patterns are present in inflation forecasts from the Survey of Professional Forecasters. A constant bias component, not explained by asymmetric loss and rational expectations, is required to explain the shift in the sign of the bias observed for a substantial portion of forecasters around 1982.",1,disagreement in inflation expectations observed from survey data varies systematically over time in a way that reflects the level and variance of current inflation this paper offers a simple explanation for these facts based on asymmetries in the forecasters costs of over‐ and underpredicting inflation our model implies i biased forecasts ii positive serial correlation in forecast errors iii a cross‐sectional dispersion that rises with the level and the variance of the inflation rate and iv predictability of forecast errors at different horizons by means of the spread between the short‐ and long‐term variance of inflation we find empirically that these patterns are present in inflation forecasts from the survey of professional forecasters a constant bias component not explained by asymmetric loss and rational expectations is required to explain the shift in the sign of the bias observed for a substantial portion of forecasters around
10.11648/j.ijebo.20231102.13,"Elevated inflation again has been a key macroeconomic problem that impacts negatively on economic activities in recent times. Inflation is widely used as a short run monetary policy tool that has impact on redistribution of resources through price transmission mechanism in economies. Forecasting is also a challenging task with high volatilities of the price index that use to measure inflation. However, inflation forecasts are essential in setting monetary policy targets and the decision-making process in the short run. In Sri Lanka inflation recorded at its highest level ever in the year 2022 reversing its single digit inflation maintained in a decade. The aim of this paper is to estimate an inflation forecasting model using Automatic ARIMA technique in Sri Lanka employing data from 2014M01 to 2023M01 towards forecasting end point to end 2024, using secondary sourced monthly data. Accordingly, Colombo Consumer Price Index shows a further upward trend forecasting range given in CCPIC index point from 224 to 260 during the period for inflation measured using year on year base is in declining trend, below 10 per cent, but not par equal to the mid-single level as per the data, CCPI 2013=100. Given the demand full inflation factors, policies to encourage supply and production are recommended in the medium term.",1,elevated inflation again has been a key macroeconomic problem that impacts negatively on economic activities in recent times inflation is widely used as a short run monetary policy tool that has impact on redistribution of resources through price transmission mechanism in economies forecasting is also a challenging task with high volatilities of the price index that use to measure inflation however inflation forecasts are essential in setting monetary policy targets and the decisionmaking process in the short run in sri lanka inflation recorded at its highest level ever in the year reversing its single digit inflation maintained in a decade the aim of this paper is to estimate an inflation forecasting model using automatic arima technique in sri lanka employing data from m to m towards forecasting end point to end using secondary sourced monthly data accordingly colombo consumer price index shows a further upward trend forecasting range given in ccpic index point from to during the period for inflation measured using year on year base is in declining trend below per cent but not par equal to the midsingle level as per the data ccpi given the demand full inflation factors policies to encourage supply and production are recommended in the medium term
10.1016/j.rdf.2017.09.002,"This paper provides a full characterization of inflation rate forecasts using the mean values from Consensus Economics for a sample of 14 Latin American countries between 1989 and 2014. It also assesses the performance of inflation rate forecasts around business cycles’ turning points. Results show that inflation forecasts in the region display the standard property that as the forecast horizon shortens accuracy improves. On average, forecasters underpredict inflation, but this masks very different country experiences. We find evidence point to biasedness of inflation forecasts for year-ahead forecasts but not for current year. Tests’ results point to forecast inefficiency which is also evidenced by a tendency to smooth them between revisions. Focusing on business cycle turning points, forecasters tend to slightly underpredict the inflation rate and the extent of underprediction increases during recessions. The hypothesis of forecast efficiency is overwhelmingly rejected both during recessions and recoveries.",1,this paper provides a full characterization of inflation rate forecasts using the mean values from consensus economics for a sample of latin american countries between and it also assesses the performance of inflation rate forecasts around business cycles’ turning points results show that inflation forecasts in the region display the standard property that as the forecast horizon shortens accuracy improves on average forecasters underpredict inflation but this masks very different country experiences we find evidence point to biasedness of inflation forecasts for yearahead forecasts but not for current year tests’ results point to forecast inefficiency which is also evidenced by a tendency to smooth them between revisions focusing on business cycle turning points forecasters tend to slightly underpredict the inflation rate and the extent of underprediction increases during recessions the hypothesis of forecast efficiency is overwhelmingly rejected both during recessions and recoveries
10.31477/rjmf.202001.57,"Forecasting Russian inflation is an important practical task. This paper applies two benchmark machine learning models to this task. Although machine learning in general has been an active area of research for the past 20 years, those methods began gaining popularity in the literature on inflation forecasting only recently. In this paper, I employ neural networks and support-vector machines to forecast inflation in Russia. I also apply Shapley decomposition to obtain economic interpretation of inflation forecasts. The performance of these two models is then compared with the performance of more conventional approaches that serve as benchmark forecasts. These are an autoregression and a linear regression with regularisation (a.k.a. ridge regression). My empirical findings suggest that both machine learning models forecast inflation no worse than the conventional benchmarks and that the Shapley decomposition is a suitable framework that yields a meaningful interpretation to the neural network forecast. I conclude that machine learning methods offer a promising tool of inflation forecasting.",1,forecasting russian inflation is an important practical task this paper applies two benchmark machine learning models to this task although machine learning in general has been an active area of research for the past years those methods began gaining popularity in the literature on inflation forecasting only recently in this paper i employ neural networks and supportvector machines to forecast inflation in russia i also apply shapley decomposition to obtain economic interpretation of inflation forecasts the performance of these two models is then compared with the performance of more conventional approaches that serve as benchmark forecasts these are an autoregression and a linear regression with regularisation aka ridge regression my empirical findings suggest that both machine learning models forecast inflation no worse than the conventional benchmarks and that the shapley decomposition is a suitable framework that yields a meaningful interpretation to the neural network forecast i conclude that machine learning methods offer a promising tool of inflation forecasting
10.1177/0972652713512913,"This article assesses the predictive ability of asset prices relative to other variables in forecasting inflation and real GDP growth in South Africa. A total of 42 asset and non-asset predictor variables are considered. Forecasts of inflation and real GDP growth are computed using both individual predictor autoregressive distributed lag (ARDL) models, forecast combination approaches, as well as large scale models. The large scale data models considered include Bayesian vector autoregressive models and classical and Bayesian univariate and multivariate factor augmented vector autoregressive models. The models are estimated for an in-sample of 1980:Q2 to 1999:Q4, and then one- to eight-step-ahead forecasts for inflation and real GDP growth are evaluated over the 2000:Q1 to 2010:Q2 out-of-sample period. Principle Component forecast combination models are found to produce the most accurate out-of-sample forecasts of inflation and real GDP growth relative to the other combination and more sophisticated models considered. Asset prices are found to contain particularly useful information for forecasting inflation and real GDP growth at certain horizons. Asset prices are however found to be stronger predictors of inflation, particularly in the long run. JEL Classification: C11, C32, R53",1,this article assesses the predictive ability of asset prices relative to other variables in forecasting inflation and real gdp growth in south africa a total of asset and nonasset predictor variables are considered forecasts of inflation and real gdp growth are computed using both individual predictor autoregressive distributed lag ardl models forecast combination approaches as well as large scale models the large scale data models considered include bayesian vector autoregressive models and classical and bayesian univariate and multivariate factor augmented vector autoregressive models the models are estimated for an insample of q to q and then one to eightstepahead forecasts for inflation and real gdp growth are evaluated over the q to q outofsample period principle component forecast combination models are found to produce the most accurate outofsample forecasts of inflation and real gdp growth relative to the other combination and more sophisticated models considered asset prices are found to contain particularly useful information for forecasting inflation and real gdp growth at certain horizons asset prices are however found to be stronger predictors of inflation particularly in the long run jel classification c c r
10.1109/ijcnn.1990.137535,"A discussion is presented of a buying- and selling-time prediction system for stocks on the Tokyo Stock Exchange and the analysis of internal representation. The system is based on modular neural networks. The authors developed a number of learning algorithms and prediction methods for the TOPIX (Tokyo Stock Exchange Prices Indexes) prediction system. The prediction system achieved accurate predictions, and the simulation on stocks trading showed an excellent profit",0,a discussion is presented of a buying and sellingtime prediction system for stocks on the tokyo stock exchange and the analysis of internal representation the system is based on modular neural networks the authors developed a number of learning algorithms and prediction methods for the topix tokyo stock exchange prices indexes prediction system the prediction system achieved accurate predictions and the simulation on stocks trading showed an excellent profit
10.1145/1462198.1462204,"Our research examines a predictive machine learning approach for financial news articles analysis using several different textual representations: bag of words, noun phrases, and named entities. Through this approach, we investigated 9,211 financial news articles and 10,259,042 stock quotes covering the S&amp;P 500 stocks during a five week period. We applied our analysis to estimate a discrete stock price twenty minutes after a news article was released. Using a support vector machine (SVM) derivative specially tailored for discrete numeric prediction and models containing different stock-specific variables, we show that the model containing both article terms and stock price at the time of article release had the best performance in closeness to the actual future stock price (MSE 0.04261), the same direction of price movement as the future price (57.1% directional accuracy) and the highest return using a simulated trading engine (2.06% return). We further investigated the different textual representations and found that a Proper Noun scheme performs better than the de facto standard of Bag of Words in all three metrics.",0,our research examines a predictive machine learning approach for financial news articles analysis using several different textual representations bag of words noun phrases and named entities through this approach we investigated financial news articles and stock quotes covering the sampp stocks during a five week period we applied our analysis to estimate a discrete stock price twenty minutes after a news article was released using a support vector machine svm derivative specially tailored for discrete numeric prediction and models containing different stockspecific variables we show that the model containing both article terms and stock price at the time of article release had the best performance in closeness to the actual future stock price mse the same direction of price movement as the future price directional accuracy and the highest return using a simulated trading engine return we further investigated the different textual representations and found that a proper noun scheme performs better than the de facto standard of bag of words in all three metrics
10.1016/j.procs.2018.05.050,"The neural network, one of the intelligent data mining technique that has been used by researchers in various areas for the past 10 years. Prediction and analysis of stock market data have got an important role in today’s economy. The various algorithms used for forecasting can be categorized into linear (AR, MA, ARIMA, ARMA) and non-linear models (ARCH, GARCH, Neural Network). In this paper, we are using four types of deep learning architectures i.e Multilayer Perceptron (MLP), Recurrent Neural Networks (RNN), Long Short-Term Memory (LSTM) and Convolutional Neural Network (CNN) for predicting the stock price of a company based on the historical prices available. Here we are using day-wise closing price of two different stock markets, National Stock Exchange (NSE) of India and New York Stock Exchange (NYSE). The network was trained with the stock price of a single company from NSE and predicted for five different companies from both NSE and NYSE. It has been observed that CNN is outperforming the other models. The network was able to predict for NYSE even though it was trained with NSE data. This was possible because both the stock markets share some common inner dynamics. The results obtained were com- pared with ARIMA model and it has been observed that the neural networks are outperforming the existing linear model (ARIMA).",0,the neural network one of the intelligent data mining technique that has been used by researchers in various areas for the past years prediction and analysis of stock market data have got an important role in today’s economy the various algorithms used for forecasting can be categorized into linear ar ma arima arma and nonlinear models arch garch neural network in this paper we are using four types of deep learning architectures ie multilayer perceptron mlp recurrent neural networks rnn long shortterm memory lstm and convolutional neural network cnn for predicting the stock price of a company based on the historical prices available here we are using daywise closing price of two different stock markets national stock exchange nse of india and new york stock exchange nyse the network was trained with the stock price of a single company from nse and predicted for five different companies from both nse and nyse it has been observed that cnn is outperforming the other models the network was able to predict for nyse even though it was trained with nse data this was possible because both the stock markets share some common inner dynamics the results obtained were com pared with arima model and it has been observed that the neural networks are outperforming the existing linear model arima
10.3390/e22080840,"The prediction of stock groups values has always been attractive and challenging for shareholders due to its inherent dynamics, non-linearity, and complex nature. This paper concentrates on the future prediction of stock market groups. Four groups named diversified financials, petroleum, non-metallic minerals, and basic metals from Tehran stock exchange were chosen for experimental evaluations. Data were collected for the groups based on 10 years of historical records. The value predictions are created for 1, 2, 5, 10, 15, 20, and 30 days in advance. Various machine learning algorithms were utilized for prediction of future values of stock market groups. We employed decision tree, bagging, random forest, adaptive boosting (Adaboost), gradient boosting, and eXtreme gradient boosting (XGBoost), and artificial neural networks (ANN), recurrent neural network (RNN) and long short-term memory (LSTM). Ten technical indicators were selected as the inputs into each of the prediction models. Finally, the results of the predictions were presented for each technique based on four metrics. Among all algorithms used in this paper, LSTM shows more accurate results with the highest model fitting ability. In addition, for tree-based models, there is often an intense competition between Adaboost, Gradient Boosting, and XGBoost.",0,the prediction of stock groups values has always been attractive and challenging for shareholders due to its inherent dynamics nonlinearity and complex nature this paper concentrates on the future prediction of stock market groups four groups named diversified financials petroleum nonmetallic minerals and basic metals from tehran stock exchange were chosen for experimental evaluations data were collected for the groups based on years of historical records the value predictions are created for and days in advance various machine learning algorithms were utilized for prediction of future values of stock market groups we employed decision tree bagging random forest adaptive boosting adaboost gradient boosting and extreme gradient boosting xgboost and artificial neural networks ann recurrent neural network rnn and long shortterm memory lstm ten technical indicators were selected as the inputs into each of the prediction models finally the results of the predictions were presented for each technique based on four metrics among all algorithms used in this paper lstm shows more accurate results with the highest model fitting ability in addition for treebased models there is often an intense competition between adaboost gradient boosting and xgboost
10.1016/j.procs.2020.03.049,"It has never been easy to invest in a set of assets, the abnormally of financial market does not allow simple models to predict future asset values with higher accuracy. Machine learning, which consist of making computers perform tasks that normally requiring human intelligence is currently the dominant trend in scientific research. This article aims to build a model using Recurrent Neural Networks (RNN) and especially Long-Short Term Memory model (LSTM) to predict future stock market values. The main objective of this paper is to see in which precision a Machine learning algorithm can predict and how much the epochs can improve our model.",0,it has never been easy to invest in a set of assets the abnormally of financial market does not allow simple models to predict future asset values with higher accuracy machine learning which consist of making computers perform tasks that normally requiring human intelligence is currently the dominant trend in scientific research this article aims to build a model using recurrent neural networks rnn and especially longshort term memory model lstm to predict future stock market values the main objective of this paper is to see in which precision a machine learning algorithm can predict and how much the epochs can improve our model
10.1186/s40537-020-00299-5,"Abstract Stock-market prediction using machine-learning technique aims at developing effective and efficient models that can provide a better and higher rate of prediction accuracy. Numerous ensemble regressors and classifiers have been applied in stock market predictions, using different combination techniques. However, three precarious issues come in mind when constructing ensemble classifiers and regressors. The first concerns with the choice of base regressor or classifier technique adopted. The second concerns the combination techniques used to assemble multiple regressors or classifiers and the third concerns with the quantum of regressors or classifiers to be ensembled. Subsequently, the number of relevant studies scrutinising these previously mentioned concerns are limited. In this study, we performed an extensive comparative analysis of ensemble techniques such as boosting, bagging, blending and super learners (stacking). Using Decision Trees (DT), Support Vector Machine (SVM) and Neural Network (NN), we constructed twenty-five (25) different ensembled regressors and classifiers. We compared their execution times, accuracy, and error metrics over stock-data from Ghana Stock Exchange (GSE), Johannesburg Stock Exchange (JSE), Bombay Stock Exchange (BSE-SENSEX) and New York Stock Exchange (NYSE), from January 2012 to December 2018. The study outcome shows that stacking and blending ensemble techniques offer higher prediction accuracies (90–100%) and (85.7–100%) respectively, compared with that of bagging (53–97.78%) and boosting (52.7–96.32%). Furthermore, the root means square error (RMSE) recorded by stacking (0.0001–0.001) and blending (0.002–0.01) shows a better fit of ensemble classifiers and regressors based on these two techniques in market analyses compared with bagging (0.01–0.11) and boosting (0.01–0.443). Finally, the results undoubtedly suggest that an innovative study in the domain of stock market direction prediction ought to include ensemble techniques in their sets of algorithms.",0,abstract stockmarket prediction using machinelearning technique aims at developing effective and efficient models that can provide a better and higher rate of prediction accuracy numerous ensemble regressors and classifiers have been applied in stock market predictions using different combination techniques however three precarious issues come in mind when constructing ensemble classifiers and regressors the first concerns with the choice of base regressor or classifier technique adopted the second concerns the combination techniques used to assemble multiple regressors or classifiers and the third concerns with the quantum of regressors or classifiers to be ensembled subsequently the number of relevant studies scrutinising these previously mentioned concerns are limited in this study we performed an extensive comparative analysis of ensemble techniques such as boosting bagging blending and super learners stacking using decision trees dt support vector machine svm and neural network nn we constructed twentyfive different ensembled regressors and classifiers we compared their execution times accuracy and error metrics over stockdata from ghana stock exchange gse johannesburg stock exchange jse bombay stock exchange bsesensex and new york stock exchange nyse from january to december the study outcome shows that stacking and blending ensemble techniques offer higher prediction accuracies – and – respectively compared with that of bagging – and boosting – furthermore the root means square error rmse recorded by stacking – and blending – shows a better fit of ensemble classifiers and regressors based on these two techniques in market analyses compared with bagging – and boosting – finally the results undoubtedly suggest that an innovative study in the domain of stock market direction prediction ought to include ensemble techniques in their sets of algorithms
10.1016/j.procs.2019.01.256,"Deep learning has recently achieved great success in many areas due to its strong capacity in data process. For instance, it has been widely used in financial areas such as stock market prediction, portfolio optimization, financial information processing and trade execution strategies. Stock market prediction is one of the most popular and valuable area in finance. In this paper, we propose a novel architecture of Generative Adversarial Network (GAN) with the Multi-Layer Perceptron (MLP) as the discriminator and the Long Short-Term Memory (LSTM) as the generator for forecasting the closing price of stocks. The generator is built by LSTM to mine the data distributions of stocks from given data in stock market and generate data in the same distributions, whereas the discriminator designed by MLP aims to discriminate the real stock data and generated data. We choose the daily data on S&P 500 Index and several stocks in a wide range of trading days and try to predict the daily closing price. Experimental results show that our novel GAN can get a promising performance in the closing price prediction on the real data compared with other models in machine learning and deep learning.",0,deep learning has recently achieved great success in many areas due to its strong capacity in data process for instance it has been widely used in financial areas such as stock market prediction portfolio optimization financial information processing and trade execution strategies stock market prediction is one of the most popular and valuable area in finance in this paper we propose a novel architecture of generative adversarial network gan with the multilayer perceptron mlp as the discriminator and the long shortterm memory lstm as the generator for forecasting the closing price of stocks the generator is built by lstm to mine the data distributions of stocks from given data in stock market and generate data in the same distributions whereas the discriminator designed by mlp aims to discriminate the real stock data and generated data we choose the daily data on sp index and several stocks in a wide range of trading days and try to predict the daily closing price experimental results show that our novel gan can get a promising performance in the closing price prediction on the real data compared with other models in machine learning and deep learning
10.3390/su10103765,"With recent advances in computing technology, massive amounts of data and information are being constantly accumulated. Especially in the field of finance, we have great opportunities to create useful insights by analyzing that information, because the financial market produces a tremendous amount of real-time data, including transaction records. Accordingly, this study intends to develop a novel stock market prediction model using the available financial data. We adopt deep learning technique because of its excellent learning ability from the massive dataset. In this study, we propose a hybrid approach integrating long short-term memory (LSTM) network and genetic algorithm (GA). Heretofore, trial and error based on heuristics is commonly used to estimate the time window size and architectural factors of LSTM network. This research investigates the temporal property of stock market data by suggesting a systematic method to determine the time window size and topology for the LSTM network using GA. To evaluate the proposed hybrid approach, we have chosen daily Korea Stock Price Index (KOSPI) data. The experimental result demonstrates that the hybrid model of LSTM network and GA outperforms the benchmark model.",0,with recent advances in computing technology massive amounts of data and information are being constantly accumulated especially in the field of finance we have great opportunities to create useful insights by analyzing that information because the financial market produces a tremendous amount of realtime data including transaction records accordingly this study intends to develop a novel stock market prediction model using the available financial data we adopt deep learning technique because of its excellent learning ability from the massive dataset in this study we propose a hybrid approach integrating long shortterm memory lstm network and genetic algorithm ga heretofore trial and error based on heuristics is commonly used to estimate the time window size and architectural factors of lstm network this research investigates the temporal property of stock market data by suggesting a systematic method to determine the time window size and topology for the lstm network using ga to evaluate the proposed hybrid approach we have chosen daily korea stock price index kospi data the experimental result demonstrates that the hybrid model of lstm network and ga outperforms the benchmark model
10.1186/s40854-019-0131-7,"Nowadays, the most significant challenges in the stock market is to predict the stock prices. The stock price data represents a financial time series data which becomes more difficult to predict due to its characteristics and dynamic nature. Support Vector Machines (SVM) and Artificial Neural Networks (ANN) are widely used for prediction of stock prices and its movements. Every algorithm has its way of learning patterns and then predicting. Artificial Neural Network (ANN) is a popular method which also incorporate technical analysis for making predictions in financial markets. Most common techniques used in the forecasting of financial time series are Support Vector Machine (SVM), Support Vector Regression (SVR) and Back Propagation Neural Network (BPNN). In this article, we use neural networks based on three different learning algorithms, i.e., Levenberg-Marquardt, Scaled Conjugate Gradient and Bayesian Regularization for stock market prediction based on tick data as well as 15-min data of an Indian company and their results compared. All three algorithms provide an accuracy of 99.9% using tick data. The accuracy over 15-min dataset drops to 96.2%, 97.0% and 98.9% for LM, SCG and Bayesian Regularization respectively which is significantly poor in comparison with that of results obtained using tick data.",0,nowadays the most significant challenges in the stock market is to predict the stock prices the stock price data represents a financial time series data which becomes more difficult to predict due to its characteristics and dynamic nature support vector machines svm and artificial neural networks ann are widely used for prediction of stock prices and its movements every algorithm has its way of learning patterns and then predicting artificial neural network ann is a popular method which also incorporate technical analysis for making predictions in financial markets most common techniques used in the forecasting of financial time series are support vector machine svm support vector regression svr and back propagation neural network bpnn in this article we use neural networks based on three different learning algorithms ie levenbergmarquardt scaled conjugate gradient and bayesian regularization for stock market prediction based on tick data as well as min data of an indian company and their results compared all three algorithms provide an accuracy of using tick data the accuracy over min dataset drops to and for lm scg and bayesian regularization respectively which is significantly poor in comparison with that of results obtained using tick data
10.1109/icsccc.2018.8703332,"In Stock Market Prediction, the aim is to predict the future value of the financial stocks of a company. The recent trend in stock market prediction technologies is the use of machine learning which makes predictions based on the values of current stock market indices by training on their previous values. Machine learning itself employs different models to make prediction easier and authentic. The paper focuses on the use of Regression and LSTM based Machine learning to predict stock values. Factors considered are open, close, low, high and volume.",0,in stock market prediction the aim is to predict the future value of the financial stocks of a company the recent trend in stock market prediction technologies is the use of machine learning which makes predictions based on the values of current stock market indices by training on their previous values machine learning itself employs different models to make prediction easier and authentic the paper focuses on the use of regression and lstm based machine learning to predict stock values factors considered are open close low high and volume
10.1155/2018/4907423,"Stock price prediction is an important issue in the financial world, as it contributes to the development of effective strategies for stock exchange transactions. In this paper, we propose a generic framework employing Long Short-Term Memory (LSTM) and convolutional neural network (CNN) for adversarial training to forecast high-frequency stock market. This model takes the publicly available index provided by trading software as input to avoid complex financial theory research and difficult technical analysis, which provides the convenience for the ordinary trader of nonfinancial specialty. Our study simulates the trading mode of the actual trader and uses the method of rolling partition training set and testing set to analyze the effect of the model update cycle on the prediction performance. Extensive experiments show that our proposed approach can effectively improve stock price direction prediction accuracy and reduce forecast error.",0,stock price prediction is an important issue in the financial world as it contributes to the development of effective strategies for stock exchange transactions in this paper we propose a generic framework employing long shortterm memory lstm and convolutional neural network cnn for adversarial training to forecast highfrequency stock market this model takes the publicly available index provided by trading software as input to avoid complex financial theory research and difficult technical analysis which provides the convenience for the ordinary trader of nonfinancial specialty our study simulates the trading mode of the actual trader and uses the method of rolling partition training set and testing set to analyze the effect of the model update cycle on the prediction performance extensive experiments show that our proposed approach can effectively improve stock price direction prediction accuracy and reduce forecast error
10.1186/s40854-022-00441-7,"In stock market forecasting, the identification of critical features that affect the performance of machine learning (ML) models is crucial to achieve accurate stock price predictions. Several review papers in the literature have focused on various ML, statistical, and deep learning-based methods used in stock market forecasting. However, no survey study has explored feature selection and extraction techniques for stock market forecasting. This survey presents a detailed analysis of 32 research works that use a combination of feature study and ML approaches in various stock market applications. We conduct a systematic search for articles in the Scopus and Web of Science databases for the years 2011-2022. We review a variety of feature selection and feature extraction approaches that have been successfully applied in the stock market analyses presented in the articles. We also describe the combination of feature analysis techniques and ML methods and evaluate their performance. Moreover, we present other survey articles, stock market input and output data, and analyses based on various factors. We find that correlation criteria, random forest, principal component analysis, and autoencoder are the most widely used feature selection and extraction techniques with the best prediction accuracy for various stock market applications.",0,in stock market forecasting the identification of critical features that affect the performance of machine learning ml models is crucial to achieve accurate stock price predictions several review papers in the literature have focused on various ml statistical and deep learningbased methods used in stock market forecasting however no survey study has explored feature selection and extraction techniques for stock market forecasting this survey presents a detailed analysis of research works that use a combination of feature study and ml approaches in various stock market applications we conduct a systematic search for articles in the scopus and web of science databases for the years we review a variety of feature selection and feature extraction approaches that have been successfully applied in the stock market analyses presented in the articles we also describe the combination of feature analysis techniques and ml methods and evaluate their performance moreover we present other survey articles stock market input and output data and analyses based on various factors we find that correlation criteria random forest principal component analysis and autoencoder are the most widely used feature selection and extraction techniques with the best prediction accuracy for various stock market applications
10.1109/iceca.2017.8212715,"Stock market is basically nonlinear in nature and the research on stock market is one of the most important issues in recent years. People invest in stock market based on some prediction. For predict, the stock market prices people search such methods and tools which will increase their profits, while minimize their risks. Prediction plays a very important role in stock market business which is very complicated and challenging process. Employing traditional methods like fundamental and technical analysis may not ensure the reliability of the prediction. To make predictions regression analysis is used mostly. In this paper we survey of well-known efficient regression approach to predict the stock market price from stock market data based. In future the results of multiple regression approach could be improved using more number of variables.",0,stock market is basically nonlinear in nature and the research on stock market is one of the most important issues in recent years people invest in stock market based on some prediction for predict the stock market prices people search such methods and tools which will increase their profits while minimize their risks prediction plays a very important role in stock market business which is very complicated and challenging process employing traditional methods like fundamental and technical analysis may not ensure the reliability of the prediction to make predictions regression analysis is used mostly in this paper we survey of wellknown efficient regression approach to predict the stock market price from stock market data based in future the results of multiple regression approach could be improved using more number of variables
10.1109/iacs.2018.8355458,"Recently, there has been a rapidly growing interest in deep learning research and their applications to real-world problems. In this paper, we aim at evaluating and comparing LSTM deep learning architectures for short-and long-term prediction of financial time series. This problem is often considered as one of the most challenging real-world applications for time-series prediction. Unlike traditional recurrent neural networks, LSTM supports time steps of arbitrary sizes and without the vanishing gradient problem. We consider both bidirectional and stacked LSTM predictive models in our experiments and also benchmark them with shallow neural networks and simple forms of LSTM networks. The evaluations are conducted using a publicly available dataset for stock market closing prices.",0,recently there has been a rapidly growing interest in deep learning research and their applications to realworld problems in this paper we aim at evaluating and comparing lstm deep learning architectures for shortand longterm prediction of financial time series this problem is often considered as one of the most challenging realworld applications for timeseries prediction unlike traditional recurrent neural networks lstm supports time steps of arbitrary sizes and without the vanishing gradient problem we consider both bidirectional and stacked lstm predictive models in our experiments and also benchmark them with shallow neural networks and simple forms of lstm networks the evaluations are conducted using a publicly available dataset for stock market closing prices
10.1016/j.eswa.2016.12.036,"In this paper, we propose a robust methodology to assess the value of microblogging data to forecast stock market variables: returns, volatility and trading volume of diverse indices and portfolios. The methodology uses sentiment and attention indicators extracted from microblogs (a large Twitter dataset is adopted) and survey indices (AAII and II, USMC and Sentix), diverse forms to daily aggregate these indicators, usage of a Kalman Filter to merge microblog and survey sources, a realistic rolling windows evaluation, several Machine Learning methods and the Diebold-Mariano test to validate if the sentiment and attention based predictions are valuable when compared with an autoregressive baseline. We found that Twitter sentiment and posting volume were relevant for the forecasting of returns of S&P 500 index, portfolios of lower market capitalization and some industries. Additionally, KF sentiment was informative for the forecasting of returns. Moreover, Twitter and KF sentiment indicators were useful for the prediction of some survey sentiment indicators. These results confirm the usefulness of microblogging data for financial expert systems, allowing to predict stock market behavior and providing a valuable alternative for existing survey measures with advantages (e.g., fast and cheap creation, daily frequency).",0,in this paper we propose a robust methodology to assess the value of microblogging data to forecast stock market variables returns volatility and trading volume of diverse indices and portfolios the methodology uses sentiment and attention indicators extracted from microblogs a large twitter dataset is adopted and survey indices aaii and ii usmc and sentix diverse forms to daily aggregate these indicators usage of a kalman filter to merge microblog and survey sources a realistic rolling windows evaluation several machine learning methods and the dieboldmariano test to validate if the sentiment and attention based predictions are valuable when compared with an autoregressive baseline we found that twitter sentiment and posting volume were relevant for the forecasting of returns of sp index portfolios of lower market capitalization and some industries additionally kf sentiment was informative for the forecasting of returns moreover twitter and kf sentiment indicators were useful for the prediction of some survey sentiment indicators these results confirm the usefulness of microblogging data for financial expert systems allowing to predict stock market behavior and providing a valuable alternative for existing survey measures with advantages eg fast and cheap creation daily frequency
10.1109/sces.2012.6199099,"Stock market prediction is a classic problem which has been analyzed extensively using tools and techniques of Machine Learning. Interesting properties which make this modeling non-trivial is the time dependence, volatility and other similar complex dependencies of this problem. To incorporate these, Hidden Markov Models (HMM's) have recently been applied to forecast and predict the stock market. We present the Maximum a Posteriori HMM approach for forecasting stock values for the next day given historical data. In our approach, we consider the fractional change in Stock value and the intra-day high and low values of the stock to train the continuous HMM. This HMM is then used to make a Maximum a Posteriori decision over all the possible stock values for the next day. We test our approach on several stocks, and compare the performance to some of the existing methods using HMMs and Artificial Neural Networks using Mean Absolute Percentage Error (MAPE).",0,stock market prediction is a classic problem which has been analyzed extensively using tools and techniques of machine learning interesting properties which make this modeling nontrivial is the time dependence volatility and other similar complex dependencies of this problem to incorporate these hidden markov models hmms have recently been applied to forecast and predict the stock market we present the maximum a posteriori hmm approach for forecasting stock values for the next day given historical data in our approach we consider the fractional change in stock value and the intraday high and low values of the stock to train the continuous hmm this hmm is then used to make a maximum a posteriori decision over all the possible stock values for the next day we test our approach on several stocks and compare the performance to some of the existing methods using hmms and artificial neural networks using mean absolute percentage error mape
10.1109/civemsa.2017.7995302,"This work uses deep learning methods for intraday directional movements prediction of Standard & Poor's 500 index using financial news titles and a set of technical indicators as input. Deep learning methods can detect and analyze complex patterns and interactions in the data automatically allowing speed up the trading process. This paper focus on architectures such as Convolutional Neural Networks (CNN) and Recurrent Neural Networks (RNN), which have had good results in traditional NLP tasks. Results has shown that CNN can be better than RNN on catching semantic from texts and RNN is better on catching the context information and modeling complex temporal characteristics for stock market forecasting. The proposed method shows some improvement when compared with similar previous studies.",0,this work uses deep learning methods for intraday directional movements prediction of standard poors index using financial news titles and a set of technical indicators as input deep learning methods can detect and analyze complex patterns and interactions in the data automatically allowing speed up the trading process this paper focus on architectures such as convolutional neural networks cnn and recurrent neural networks rnn which have had good results in traditional nlp tasks results has shown that cnn can be better than rnn on catching semantic from texts and rnn is better on catching the context information and modeling complex temporal characteristics for stock market forecasting the proposed method shows some improvement when compared with similar previous studies
10.3390/electronics10212717,"With the advent of technological marvels like global digitization, the prediction of the stock market has entered a technologically advanced era, revamping the old model of trading. With the ceaseless increase in market capitalization, stock trading has become a center of investment for many financial investors. Many analysts and researchers have developed tools and techniques that predict stock price movements and help investors in proper decision-making. Advanced trading models enable researchers to predict the market using non-traditional textual data from social platforms. The application of advanced machine learning approaches such as text data analytics and ensemble methods have greatly increased the prediction accuracies. Meanwhile, the analysis and prediction of stock markets continue to be one of the most challenging research areas due to dynamic, erratic, and chaotic data. This study explains the systematics of machine learning-based approaches for stock market prediction based on the deployment of a generic framework. Findings from the last decade (2011–2021) were critically analyzed, having been retrieved from online digital libraries and databases like ACM digital library and Scopus. Furthermore, an extensive comparative analysis was carried out to identify the direction of significance. The study would be helpful for emerging researchers to understand the basics and advancements of this emerging area, and thus carry-on further research in promising directions.",0,with the advent of technological marvels like global digitization the prediction of the stock market has entered a technologically advanced era revamping the old model of trading with the ceaseless increase in market capitalization stock trading has become a center of investment for many financial investors many analysts and researchers have developed tools and techniques that predict stock price movements and help investors in proper decisionmaking advanced trading models enable researchers to predict the market using nontraditional textual data from social platforms the application of advanced machine learning approaches such as text data analytics and ensemble methods have greatly increased the prediction accuracies meanwhile the analysis and prediction of stock markets continue to be one of the most challenging research areas due to dynamic erratic and chaotic data this study explains the systematics of machine learningbased approaches for stock market prediction based on the deployment of a generic framework findings from the last decade – were critically analyzed having been retrieved from online digital libraries and databases like acm digital library and scopus furthermore an extensive comparative analysis was carried out to identify the direction of significance the study would be helpful for emerging researchers to understand the basics and advancements of this emerging area and thus carryon further research in promising directions
10.1016/j.dajour.2021.100015,"The future is unknown and uncertain, but there are ways to predict future events and reap the rewards safely. One such opportunity is the application of machine learning and artificial intelligence for stock market prediction. The stock market is turbulent, yet using artificial intelligence to make calculated predictions is possible and advisable before investing. This study presents an overview of artificial intelligence and machine learning as predictive analytics tools in the stock market. We discuss the strengths and weaknesses of machine learning for stock market prediction and provide some insight into the opportunities and threats in applying advanced technologies for stock market prediction. We further study the applications of three machine learning technologies in the stock market prediction, including artificial neural networks, support vector machines, and long–short term memory.",0,the future is unknown and uncertain but there are ways to predict future events and reap the rewards safely one such opportunity is the application of machine learning and artificial intelligence for stock market prediction the stock market is turbulent yet using artificial intelligence to make calculated predictions is possible and advisable before investing this study presents an overview of artificial intelligence and machine learning as predictive analytics tools in the stock market we discuss the strengths and weaknesses of machine learning for stock market prediction and provide some insight into the opportunities and threats in applying advanced technologies for stock market prediction we further study the applications of three machine learning technologies in the stock market prediction including artificial neural networks support vector machines and long–short term memory
10.1016/j.procs.2022.12.115,"Predicting the stock market has been done for a long time using traditional methods by analyzing fundamental and technical aspects. With machine learning, stock market predictions are made more accessible and more accurate. Various machine learn- ing approaches have been applied in stock market prediction. This study aims to review relevant works about machine learning approaches in stock market prediction. To achieve this aim, we did a systematic literature review. This study review 30 studies regarding machine learning approaches/models in stock market prediction. Approaches that were used included neural networks and support vector machines. The result of this study is that neural networks are the most used model for stock market prediction. However, this does not mean that other models cannot be used for predicting the stock market.",0,predicting the stock market has been done for a long time using traditional methods by analyzing fundamental and technical aspects with machine learning stock market predictions are made more accessible and more accurate various machine learn ing approaches have been applied in stock market prediction this study aims to review relevant works about machine learning approaches in stock market prediction to achieve this aim we did a systematic literature review this study review studies regarding machine learning approachesmodels in stock market prediction approaches that were used included neural networks and support vector machines the result of this study is that neural networks are the most used model for stock market prediction however this does not mean that other models cannot be used for predicting the stock market
10.1109/iccoins.2016.7783235,"The main objective of this research is to predict the market performance of Karachi Stock Exchange (KSE) on day closing using different machine learning techniques. The prediction model uses different attributes as an input and predicts market as Positive & Negative. The attributes used in the model includes Oil rates, Gold & Silver rates, Interest rate, Foreign Exchange (FEX) rate, NEWS and social media feed. The old statistical techniques including Simple Moving Average (SMA) and Autoregressive Integrated Moving Average (ARIMA) are also used as input. The machine learning techniques including Single Layer Perceptron (SLP), Multi-Layer Perceptron (MLP), Radial Basis Function (RBF) and Support Vector Machine (SVM) are compared. All these attributes are studied separately also. The algorithm MLP performed best as compared to other techniques. The oil rate attribute was found to be most relevant to market performance. The results suggest that performance of KSE-100 index can be predicted with machine learning techniques.",0,the main objective of this research is to predict the market performance of karachi stock exchange kse on day closing using different machine learning techniques the prediction model uses different attributes as an input and predicts market as positive negative the attributes used in the model includes oil rates gold silver rates interest rate foreign exchange fex rate news and social media feed the old statistical techniques including simple moving average sma and autoregressive integrated moving average arima are also used as input the machine learning techniques including single layer perceptron slp multilayer perceptron mlp radial basis function rbf and support vector machine svm are compared all these attributes are studied separately also the algorithm mlp performed best as compared to other techniques the oil rate attribute was found to be most relevant to market performance the results suggest that performance of kse index can be predicted with machine learning techniques
10.48550/arxiv.1402.7351,Stock market prediction is the act of trying to determine the future value of a company stock or other financial instrument traded on a financial exchange.,0,stock market prediction is the act of trying to determine the future value of a company stock or other financial instrument traded on a financial exchange
10.3115/v1/p15-1131,"Thien Hai Nguyen, Kiyoaki Shirai. Proceedings of the 53rd Annual Meeting of the Association for Computational Linguistics and the 7th International Joint Conference on Natural Language Processing (Volume 1: Long Papers). 2015.",0,thien hai nguyen kiyoaki shirai proceedings of the rd annual meeting of the association for computational linguistics and the th international joint conference on natural language processing volume long papers
10.58729/1941-6679.1435,"Stock market investment strategies are complex and rely on an evaluation of vast amounts of data. In recent years, machine learning techniques have increasingly been examined to assess whether they can improve market forecasting when compared with traditional approaches. The objective for this study is to identify directions for future machine learning stock market prediction research based upon a review of current literature. A systematic literature review methodology is used to identify relevant peer-reviewed journal articles from the past twenty years and categorize studies that have similar methods and contexts. Four categories emerge: artificial neural network studies, support vector machine studies, studies using genetic algorithms combined with other techniques, and studies using hybrid or other artificial intelligence approaches. Studies in each category are reviewed to identify common findings, unique findings, limitations, and areas that need further investigation. The final section provides overall conclusions and directions for future research.",0,stock market investment strategies are complex and rely on an evaluation of vast amounts of data in recent years machine learning techniques have increasingly been examined to assess whether they can improve market forecasting when compared with traditional approaches the objective for this study is to identify directions for future machine learning stock market prediction research based upon a review of current literature a systematic literature review methodology is used to identify relevant peerreviewed journal articles from the past twenty years and categorize studies that have similar methods and contexts four categories emerge artificial neural network studies support vector machine studies studies using genetic algorithms combined with other techniques and studies using hybrid or other artificial intelligence approaches studies in each category are reviewed to identify common findings unique findings limitations and areas that need further investigation the final section provides overall conclusions and directions for future research
10.1049/cit2.12059,"Abstract The Stock Market is one of the most active research areas, and predicting its nature is an epic necessity nowadays. Predicting the Stock Market is quite challenging, and it requires intensive study of the pattern of data. Specific statistical models and artificially intelligent algorithms are needed to meet this challenge and arrive at an appropriate solution. Various machine learning and deep learning algorithms can make a firm prediction with minimised error possibilities. The Artificial Neural Network (ANN) or Deep Feed‐forward Neural Network and the Convolutional Neural Network (CNN) are the two network models that have been used extensively to predict the stock market prices. The models have been used to predict upcoming days' data values from the last few days' data values. This process keeps on repeating recursively as long as the dataset is valid. An endeavour has been taken to optimise this prediction using deep learning, and it has given substantial results. The ANN model achieved an accuracy of 97.66%, whereas the CNN model achieved an accuracy of 98.92%. The CNN model used 2‐D histograms generated out of the quantised dataset within a particular time frame, and prediction is made on that data. This approach has not been implemented earlier for the analysis of such datasets. As a case study, the model has been tested on the recent COVID‐19 pandemic, which caused a sudden downfall of the stock market. The results obtained from this study was decent enough as it produced an accuracy of 91%.",0,abstract the stock market is one of the most active research areas and predicting its nature is an epic necessity nowadays predicting the stock market is quite challenging and it requires intensive study of the pattern of data specific statistical models and artificially intelligent algorithms are needed to meet this challenge and arrive at an appropriate solution various machine learning and deep learning algorithms can make a firm prediction with minimised error possibilities the artificial neural network ann or deep feed‐forward neural network and the convolutional neural network cnn are the two network models that have been used extensively to predict the stock market prices the models have been used to predict upcoming days data values from the last few days data values this process keeps on repeating recursively as long as the dataset is valid an endeavour has been taken to optimise this prediction using deep learning and it has given substantial results the ann model achieved an accuracy of whereas the cnn model achieved an accuracy of the cnn model used ‐d histograms generated out of the quantised dataset within a particular time frame and prediction is made on that data this approach has not been implemented earlier for the analysis of such datasets as a case study the model has been tested on the recent covid‐ pandemic which caused a sudden downfall of the stock market the results obtained from this study was decent enough as it produced an accuracy of
10.1089/big.2018.0143,"Stock market prediction acts as a challenging area for the investors for obtaining the profits in the financial markets. A greater number of models used in stock market forecasting is not capable of providing an accurate prediction. This article proposes a stock market prediction system that effectively predicts the state of the stock market. The deep convolutional long short-term memory (Deep-ConvLSTM) model acts as the prediction module, which is trained by using the proposed Rider-based monarch butterfly optimization (Rider-MBO) algorithm. The proposed Rider-MBO algorithm is the integration of rider optimization algorithm (ROA) and MBO. Initially, the data from the live stock market are subjected to the computation of the technical indicators, representing the features from which the necessary features are obtained through clustering by using the Sparse-Fuzzy C-Means (Sparse-FCM) followed with feature selection. The robust features are given to the Deep-ConvLSTM model to perform an accurate prediction. The evaluation is based on the evaluation metrics, such as mean squared error (MSE) and root mean squared error (RMSE), by using six forms of live stock market data. The proposed stock market prediction model acquired a minimal MSE and RMSE of 7.2487 and 2.6923 that shows the effectiveness of the proposed method in stock market prediction.",0,stock market prediction acts as a challenging area for the investors for obtaining the profits in the financial markets a greater number of models used in stock market forecasting is not capable of providing an accurate prediction this article proposes a stock market prediction system that effectively predicts the state of the stock market the deep convolutional long shortterm memory deepconvlstm model acts as the prediction module which is trained by using the proposed riderbased monarch butterfly optimization ridermbo algorithm the proposed ridermbo algorithm is the integration of rider optimization algorithm roa and mbo initially the data from the live stock market are subjected to the computation of the technical indicators representing the features from which the necessary features are obtained through clustering by using the sparsefuzzy cmeans sparsefcm followed with feature selection the robust features are given to the deepconvlstm model to perform an accurate prediction the evaluation is based on the evaluation metrics such as mean squared error mse and root mean squared error rmse by using six forms of live stock market data the proposed stock market prediction model acquired a minimal mse and rmse of and that shows the effectiveness of the proposed method in stock market prediction
10.1155/2019/4324878,"Stock market prediction is a challenging issue for investors. In this paper, we propose a stock price prediction model based on convolutional neural network (CNN) to validate the applicability of new learning methods in stock markets. When applying CNN, 9 technical indicators were chosen as predictors of the forecasting model, and the technical indicators were converted to images of the time series graph. For verifying the usefulness of deep learning for image recognition in stock markets, the predictive accuracies of the proposed model were compared to typical artificial neural network (ANN) model and support vector machine (SVM) model. From the experimental results, we can see that CNN can be a desirable choice for building stock prediction models. To examine the performance of the proposed method, an empirical study was performed using the S&amp;P 500 index. This study addresses two critical issues regarding the use of CNN for stock price prediction: how to use CNN and how to optimize them.",0,stock market prediction is a challenging issue for investors in this paper we propose a stock price prediction model based on convolutional neural network cnn to validate the applicability of new learning methods in stock markets when applying cnn technical indicators were chosen as predictors of the forecasting model and the technical indicators were converted to images of the time series graph for verifying the usefulness of deep learning for image recognition in stock markets the predictive accuracies of the proposed model were compared to typical artificial neural network ann model and support vector machine svm model from the experimental results we can see that cnn can be a desirable choice for building stock prediction models to examine the performance of the proposed method an empirical study was performed using the sampp index this study addresses two critical issues regarding the use of cnn for stock price prediction how to use cnn and how to optimize them
10.1109/bigdata.2015.7364089,"The presented paper modeled and predicted China stock returns using LSTM. The historical data of China stock market were transformed into 30-days-long sequences with 10 learning features and 3-day earning rate labeling. The model was fitted by training on 900000 sequences and tested using the other 311361 sequences. Compared with random prediction method, our LSTM model improved the accuracy of stock returns prediction from 14.3% to 27.2%. The efforts demonstrated the power of LSTM in stock market prediction in China, which is mechanical yet much more unpredictable.",0,the presented paper modeled and predicted china stock returns using lstm the historical data of china stock market were transformed into dayslong sequences with learning features and day earning rate labeling the model was fitted by training on sequences and tested using the other sequences compared with random prediction method our lstm model improved the accuracy of stock returns prediction from to the efforts demonstrated the power of lstm in stock market prediction in china which is mechanical yet much more unpredictable
10.1109/icsssm.2017.7996306,"Stock market prediction has attracted much attention from academia as well as business. However, it is a challenging research topic, in which many advanced computational methods have been proposed, but not yet attained a desirable and reliable performance. This study proposes a new method for stock market prediction, which adopts the Long Short-Term Memory (LSTM) neural network and incorporates investor sentiment and market factors to improve forecasting performance. By extracting investor sentiment from forum posts using Naïve Bayes, this paper makes it possible to analyze the irrational component of stock price. Our empirical study on CSI300 index proves that our prediction method provides better prediction performance. It gives a prediction accuracy of 87.86%, outperforming other benchmark models by at least 6%. Furthermore, our empirical study reveals evidence that helps to better understand investor sentiment and stock behaviors. Finally, this work shows the potential of deep learning financial time series in the presence of strong noises.",0,stock market prediction has attracted much attention from academia as well as business however it is a challenging research topic in which many advanced computational methods have been proposed but not yet attained a desirable and reliable performance this study proposes a new method for stock market prediction which adopts the long shortterm memory lstm neural network and incorporates investor sentiment and market factors to improve forecasting performance by extracting investor sentiment from forum posts using naïve bayes this paper makes it possible to analyze the irrational component of stock price our empirical study on csi index proves that our prediction method provides better prediction performance it gives a prediction accuracy of outperforming other benchmark models by at least furthermore our empirical study reveals evidence that helps to better understand investor sentiment and stock behaviors finally this work shows the potential of deep learning financial time series in the presence of strong noises
10.4028/www.scientific.net/aef.6-7.1055,"In this study we apply back propagation Neural Network models to predict the daily Shanghai Stock Exchange Composite Index. The learning algorithm and gradient search technique are constructed in the models. We evaluate the prediction models and conclude that the Shanghai Stock Exchange Composite Index is predictable in the short term. Empirical study shows that the Neural Network models is successfully applied to predict the daily highest, lowest, and closing value of the Shanghai Stock Exchange Composite Index, but it can not predict the return rate of the Shanghai Stock Exchange Composite Index in short terms.",0,in this study we apply back propagation neural network models to predict the daily shanghai stock exchange composite index the learning algorithm and gradient search technique are constructed in the models we evaluate the prediction models and conclude that the shanghai stock exchange composite index is predictable in the short term empirical study shows that the neural network models is successfully applied to predict the daily highest lowest and closing value of the shanghai stock exchange composite index but it can not predict the return rate of the shanghai stock exchange composite index in short terms
10.1109/cimca.2005.1631572,"This paper surveys machine learning techniques for stock market prediction. The prediction of stock markets is regarded as a challenging task of financial time series prediction. In this paper, we present recent developments in stock market prediction models, and discuss their advantages and disadvantages. In addition, we investigate various global events and their issues on predicting stock markets. From this survey, we found that incorporating event information with prediction model plays very important roles for more accurate prediction. Hence, an accurate event weighting method and a stable automated event extraction system are required to provide better performance in financial time series prediction",0,this paper surveys machine learning techniques for stock market prediction the prediction of stock markets is regarded as a challenging task of financial time series prediction in this paper we present recent developments in stock market prediction models and discuss their advantages and disadvantages in addition we investigate various global events and their issues on predicting stock markets from this survey we found that incorporating event information with prediction model plays very important roles for more accurate prediction hence an accurate event weighting method and a stable automated event extraction system are required to provide better performance in financial time series prediction
10.1109/iccsce.2013.6720012,"Stock market is a promising financial investment that can generate great wealth. However, the volatile nature of the stock market makes it a very high risk investment. Thus, a lot of researchers have contributed their efforts to forecast the stock market pricing and average movement. Researchers have used various methods in computer science and economics in their quests to gain a piece of this volatile information and make great fortune out of the stock market investment. This paper investigates various techniques for the stock market prediction using artificial neural network (ANN). The aim of this paper is to provide a review of the applications of ANN in stock market prediction in order to determine what can be done in the future.",0,stock market is a promising financial investment that can generate great wealth however the volatile nature of the stock market makes it a very high risk investment thus a lot of researchers have contributed their efforts to forecast the stock market pricing and average movement researchers have used various methods in computer science and economics in their quests to gain a piece of this volatile information and make great fortune out of the stock market investment this paper investigates various techniques for the stock market prediction using artificial neural network ann the aim of this paper is to provide a review of the applications of ann in stock market prediction in order to determine what can be done in the future
10.1109/access.2018.2869735,"Forecasting the stock market movements is an important and challenging task. As the Web information grows, researchers begin to extract effective indicators (e.g., the events and sentiments) from the Web to facilitate the prediction. However, the indicators obtained in previous studies are usually based on only one data source and thus may not fully cover the factors that can affect the stock market movements. In this paper, to improve the prediction for stock market composite index movements, we exploit the consistencies among different data sources, and develop a multi-source multiple instance model that can effectively combine events, sentiments, as well as the quantitative data into a comprehensive framework. To effectively capture the news events, we successfully apply a novel event extraction and representation method. Evaluations on the data from the year 2015 and 2016 demonstrate the effectiveness of our model. In addition, our approach is able to automatically determine the importance of each data source and identify the crucial input information that is considered to drive the movements, making the predictions interpretable.",0,forecasting the stock market movements is an important and challenging task as the web information grows researchers begin to extract effective indicators eg the events and sentiments from the web to facilitate the prediction however the indicators obtained in previous studies are usually based on only one data source and thus may not fully cover the factors that can affect the stock market movements in this paper to improve the prediction for stock market composite index movements we exploit the consistencies among different data sources and develop a multisource multiple instance model that can effectively combine events sentiments as well as the quantitative data into a comprehensive framework to effectively capture the news events we successfully apply a novel event extraction and representation method evaluations on the data from the year and demonstrate the effectiveness of our model in addition our approach is able to automatically determine the importance of each data source and identify the crucial input information that is considered to drive the movements making the predictions interpretable
10.1109/iccae.2010.5451705,"Stock market prediction is an attractive research problem to be investigated. News contents are one of the most important factors that have influence on market. Considering the news impact in analyzing the stock market behavior, leads to more precise predictions and as a result more profitable trades. So far various prototypes have been developed which consider the impact of news in stock market prediction. In this paper, the main components of such forecasting systems have been introduced. In addition, different developed prototypes have been introduced and the way whereby the main components are implemented compared. Based on studied attempts, the potential future research activities have been suggested.",0,stock market prediction is an attractive research problem to be investigated news contents are one of the most important factors that have influence on market considering the news impact in analyzing the stock market behavior leads to more precise predictions and as a result more profitable trades so far various prototypes have been developed which consider the impact of news in stock market prediction in this paper the main components of such forecasting systems have been introduced in addition different developed prototypes have been introduced and the way whereby the main components are implemented compared based on studied attempts the potential future research activities have been suggested
10.1109/tencon.2015.7373006,"The Stock market process is full of uncertainty and is affected by many factors. Hence the Stock market prediction is one of the important exertions in finance and business. There are two types of analysis possible for prediction, technical and fundamental. In this paper both technical and fundamental analysis are considered. Technical analysis is done using historical data of stock prices by applying machine learning and fundamental analysis is done using social media data by applying sentiment analysis. Social media data has high impact today than ever, it can aide in predicting the trend of the stock market. The method involves collecting news and social media data and extracting sentiments expressed by individual. Then the correlation between the sentiments and the stock values is analyzed. The learned model can then be used to make future predictions about stock values. It can be shown that this method is able to predict the sentiment and the stock performance and its recent news and social data are also closely correlated.",0,the stock market process is full of uncertainty and is affected by many factors hence the stock market prediction is one of the important exertions in finance and business there are two types of analysis possible for prediction technical and fundamental in this paper both technical and fundamental analysis are considered technical analysis is done using historical data of stock prices by applying machine learning and fundamental analysis is done using social media data by applying sentiment analysis social media data has high impact today than ever it can aide in predicting the trend of the stock market the method involves collecting news and social media data and extracting sentiments expressed by individual then the correlation between the sentiments and the stock values is analyzed the learned model can then be used to make future predictions about stock values it can be shown that this method is able to predict the sentiment and the stock performance and its recent news and social data are also closely correlated
10.1109/access.2020.2976725,"Due to its dynamics, non-linearity and complexity nature, stock market is inherently difficult to predict. One of the attractive objectives is to predict stock market movement direction by using public sentiments analysis. However, there is an active debate about the usefulness of this approach and the strength of causality between stock market trends and sentiments. The opinions of researchers range from rejecting the relationship to confirming a clear causality between sentiments and trading in stock markets. Nevertheless, many advanced computational methods have adopted sentiment-based features, yet did not attain maturity and performance. In this paper, we are contributing constructively in this debate by empirically investigating the predictability of stock market movement direction using an enhanced method of sentiments analysis. Precisely, we experiment on stock prices history, sentiments polarity, subjectivity, N-grams, customized text-based features in addition to features lags that are used for a finer-grained analysis. Five research questions have been investigated towards answering issues associated with stock market movement prediction using sentiment analysis. We have collected and studied the stocks of ten influential companies belonging to different stock domains in NASDAQ. Our analysis approach is complemented by a sophisticated causality analysis, an algorithmic feature selection and a variety of machine learning techniques including regularized models stacking. A comparison of our approach with other sentiment-based stock market prediction approaches including Deep learning, establishes that our proposed model is performing adequately and predicting stock movements with a higher accuracy of 60%.",0,due to its dynamics nonlinearity and complexity nature stock market is inherently difficult to predict one of the attractive objectives is to predict stock market movement direction by using public sentiments analysis however there is an active debate about the usefulness of this approach and the strength of causality between stock market trends and sentiments the opinions of researchers range from rejecting the relationship to confirming a clear causality between sentiments and trading in stock markets nevertheless many advanced computational methods have adopted sentimentbased features yet did not attain maturity and performance in this paper we are contributing constructively in this debate by empirically investigating the predictability of stock market movement direction using an enhanced method of sentiments analysis precisely we experiment on stock prices history sentiments polarity subjectivity ngrams customized textbased features in addition to features lags that are used for a finergrained analysis five research questions have been investigated towards answering issues associated with stock market movement prediction using sentiment analysis we have collected and studied the stocks of ten influential companies belonging to different stock domains in nasdaq our analysis approach is complemented by a sophisticated causality analysis an algorithmic feature selection and a variety of machine learning techniques including regularized models stacking a comparison of our approach with other sentimentbased stock market prediction approaches including deep learning establishes that our proposed model is performing adequately and predicting stock movements with a higher accuracy of
10.22266/ijies2017.0630.16,"The Stock market forecasters focus on developing a successful approach to predict stock prices. The vital idea to successful stock market prediction is not only achieving best results but also to minimize the inaccurate forecast of stock prices. This paper attempts to design and implement a predictive system for guiding stock market investment. The novelty of our approach is the combination of both sensex points and Really Simple Syndication (RSS) feeds for effective prediction. Our claim is that the sentiment analysis of RSS news feeds has an impact on stock market values. Hence RSS news feed data are collected along with the stock market investment data for a period of time. Using our algorithm for sentiment analysis, the correlation between the stock market values and sentiments in RSS news feeds are established. This trained model is used for prediction of stock market rates. In our experimental study the stock market prices and RSS news feeds are collected for the company ARBK from Amman Stock Exchange (ASE). Our experimental study has shown an improvement of 14.43% accuracy prediction, when compared with the standard algorithm of ID3, C4.5 and moving average stock level indicator.",0,the stock market forecasters focus on developing a successful approach to predict stock prices the vital idea to successful stock market prediction is not only achieving best results but also to minimize the inaccurate forecast of stock prices this paper attempts to design and implement a predictive system for guiding stock market investment the novelty of our approach is the combination of both sensex points and really simple syndication rss feeds for effective prediction our claim is that the sentiment analysis of rss news feeds has an impact on stock market values hence rss news feed data are collected along with the stock market investment data for a period of time using our algorithm for sentiment analysis the correlation between the stock market values and sentiments in rss news feeds are established this trained model is used for prediction of stock market rates in our experimental study the stock market prices and rss news feeds are collected for the company arbk from amman stock exchange ase our experimental study has shown an improvement of accuracy prediction when compared with the standard algorithm of id c and moving average stock level indicator
10.1109/wac.2014.6936118,"A neural networks based model have been used in predicting of the stock market. One of the methods, as an intelligent data mining, is artificial neural network (ANN). In this paper represents how to predict a NASDAQ's stock value using ANNs with a given input parameters of share market. We used real exchange rate value of NASDAQ Stock Market index. This paper makes use generalized feed forward networks. The network was trained using input data of stock market price in between 2012 and 2013. It shows a good performance for NASDAQ stock market prediction.",0,a neural networks based model have been used in predicting of the stock market one of the methods as an intelligent data mining is artificial neural network ann in this paper represents how to predict a nasdaqs stock value using anns with a given input parameters of share market we used real exchange rate value of nasdaq stock market index this paper makes use generalized feed forward networks the network was trained using input data of stock market price in between and it shows a good performance for nasdaq stock market prediction
10.3390/ijfs7020026,"Stock market prediction has always caught the attention of many analysts and researchers. Popular theories suggest that stock markets are essentially a random walk and it is a fool’s game to try and predict them. Predicting stock prices is a challenging problem in itself because of the number of variables which are involved. In the short term, the market behaves like a voting machine but in the longer term, it acts like a weighing machine and hence there is scope for predicting the market movements for a longer timeframe. Application of machine learning techniques and other algorithms for stock price analysis and forecasting is an area that shows great promise. In this paper, we first provide a concise review of stock markets and taxonomy of stock market prediction methods. We then focus on some of the research achievements in stock analysis and prediction. We discuss technical, fundamental, short- and long-term approaches used for stock analysis. Finally, we present some challenges and research opportunities in this field.",0,stock market prediction has always caught the attention of many analysts and researchers popular theories suggest that stock markets are essentially a random walk and it is a fool’s game to try and predict them predicting stock prices is a challenging problem in itself because of the number of variables which are involved in the short term the market behaves like a voting machine but in the longer term it acts like a weighing machine and hence there is scope for predicting the market movements for a longer timeframe application of machine learning techniques and other algorithms for stock price analysis and forecasting is an area that shows great promise in this paper we first provide a concise review of stock markets and taxonomy of stock market prediction methods we then focus on some of the research achievements in stock analysis and prediction we discuss technical fundamental short and longterm approaches used for stock analysis finally we present some challenges and research opportunities in this field
10.9735/0975-2927.2.2.14-17,"The prevailing Nation in society is that wealth brings comfort and luxury , so it is a challenging and daunting task to find out which is more effective and accurate method for stock rate prediction so that a buy or sell signal can be generated for given stocks. Predicting stock index with traditional time series analysis has proven to be difficult an Artificial Neural network may be suitable for the task. A Neural Network has the ability to extract useful information from large set of data. This paper presents a review of literature application of Artificial Neural Network for stock market predictions and from this literature found that Artificial Neural Network is very useful for predicting world stock markets.",0,the prevailing nation in society is that wealth brings comfort and luxury so it is a challenging and daunting task to find out which is more effective and accurate method for stock rate prediction so that a buy or sell signal can be generated for given stocks predicting stock index with traditional time series analysis has proven to be difficult an artificial neural network may be suitable for the task a neural network has the ability to extract useful information from large set of data this paper presents a review of literature application of artificial neural network for stock market predictions and from this literature found that artificial neural network is very useful for predicting world stock markets
10.1016/j.procs.2015.10.043,"From the last twenty years, the application of Internet based technologies had brought a significant impact on the Indian stock market. Use of the Internet has eliminated the barriers of brokers and geographical location because now investors can buy and sell their shares by accessing the stock market status from anywhere at any time. Before investing money, it is very important for investors to predict the stock market. In today's digital world Internet based technologies such as Cloud Computing, Big Data analytics, and Sentiment analysis have changed the way we do business. Sentiment analysis or opinion mining makes use of text mining, natural language processing (NLP), in order to identify and extract the subjective content by analyzing user's opinion, evaluation, sentiments, attitudes and emotions. In this research work importance of sentiment analysis for stock market indicators such as Sensex and Nifty has been done to predict the price of stock. Finally, we draw conclusions and provide suggestions for future work.",0,from the last twenty years the application of internet based technologies had brought a significant impact on the indian stock market use of the internet has eliminated the barriers of brokers and geographical location because now investors can buy and sell their shares by accessing the stock market status from anywhere at any time before investing money it is very important for investors to predict the stock market in todays digital world internet based technologies such as cloud computing big data analytics and sentiment analysis have changed the way we do business sentiment analysis or opinion mining makes use of text mining natural language processing nlp in order to identify and extract the subjective content by analyzing users opinion evaluation sentiments attitudes and emotions in this research work importance of sentiment analysis for stock market indicators such as sensex and nifty has been done to predict the price of stock finally we draw conclusions and provide suggestions for future work
10.1109/access.2019.2953542,"We applied Deep Q-Network with a Convolutional Neural Network function approximator, which takes stock chart images as input for making global stock market predictions. Our model not only yields profit in the stock market of the country whose data was used for training our model but also generally yields profit in global stock markets. We trained our model only on US stock market data and tested it on the stock market data of 31 different countries over 12 years. The portfolios constructed based on our model's output generally yield about 0.1 to 1.0 percent return per transaction prior to transaction costs in the stock markets of 31 countries. The results show that some patterns in stock chart images indicate the same stock price movements across global stock markets. Moreover, the results show that future stock prices can be predicted even if the model is trained and tested on data from different countries. The model can be trained on the data of relatively large and liquid markets (e.g., US) and tested on the data of small markets. The results demonstrate that artificial intelligence based stock price forecasting models can be used in relatively small markets (emerging countries) even though small markets do not have a sufficient amount of data for training.",0,we applied deep qnetwork with a convolutional neural network function approximator which takes stock chart images as input for making global stock market predictions our model not only yields profit in the stock market of the country whose data was used for training our model but also generally yields profit in global stock markets we trained our model only on us stock market data and tested it on the stock market data of different countries over years the portfolios constructed based on our models output generally yield about to percent return per transaction prior to transaction costs in the stock markets of countries the results show that some patterns in stock chart images indicate the same stock price movements across global stock markets moreover the results show that future stock prices can be predicted even if the model is trained and tested on data from different countries the model can be trained on the data of relatively large and liquid markets eg us and tested on the data of small markets the results demonstrate that artificial intelligence based stock price forecasting models can be used in relatively small markets emerging countries even though small markets do not have a sufficient amount of data for training
10.7717/peerj-cs.476,"Information gathering has become an integral part of assessing people's behaviors and actions. The Internet is used as an online learning site for sharing and exchanging ideas. People can actively give their reviews and recommendations for variety of products and services using popular social sites and personal blogs. Social networking sites, including Twitter, Facebook, and Google+, are examples of the sites used to share opinion. The stock market (SM) is an essential area of the economy and plays a significant role in trade and industry development. Predicting SM movements is a well-known and area of interest to researchers. Social networking perfectly reflects the public's views of current affairs. Financial news stories are thought to have an impact on the return of stock trend prices and many data mining techniques are used address fluctuations in the SM. Machine learning can provide a more accurate and robust approach to handle SM-related predictions. We sought to identify how movements in a company's stock prices correlate with the expressed opinions (sentiments) of the public about that company. We designed and implemented a stock price prediction accuracy tool considering public sentiment apart from other parameters. The proposed algorithm considers public sentiment, opinions, news and historical stock prices to forecast future stock prices. Our experiments were performed using machine-learning and deep-learning methods including Support Vector Machine, MNB classifier, linear regression, Naïve Bayes and Long Short-Term Memory. Our results validate the success of the proposed methodology.",0,information gathering has become an integral part of assessing peoples behaviors and actions the internet is used as an online learning site for sharing and exchanging ideas people can actively give their reviews and recommendations for variety of products and services using popular social sites and personal blogs social networking sites including twitter facebook and google are examples of the sites used to share opinion the stock market sm is an essential area of the economy and plays a significant role in trade and industry development predicting sm movements is a wellknown and area of interest to researchers social networking perfectly reflects the publics views of current affairs financial news stories are thought to have an impact on the return of stock trend prices and many data mining techniques are used address fluctuations in the sm machine learning can provide a more accurate and robust approach to handle smrelated predictions we sought to identify how movements in a companys stock prices correlate with the expressed opinions sentiments of the public about that company we designed and implemented a stock price prediction accuracy tool considering public sentiment apart from other parameters the proposed algorithm considers public sentiment opinions news and historical stock prices to forecast future stock prices our experiments were performed using machinelearning and deeplearning methods including support vector machine mnb classifier linear regression naïve bayes and long shortterm memory our results validate the success of the proposed methodology
10.32604/cmc.2021.014253,"Big data is the collection of large datasets from traditional and digital sources to identify trends and patterns. The quantity and variety of computer data are growing exponentially for many reasons. For example, retailers are building vast databases of customer sales activity. Organizations are working on logistics financial services, and public social media are sharing a vast quantity of sentiments related to sales price and products. Challenges of big data include volume and variety in both structured and unstructured data. In this paper, we implemented several machine learning models through Spark MLlib using PySpark, which is scalable, fast, easily integrated with other tools, and has better performance than the traditional models. We studied the stocks of 10 top companies, whose data include historical stock prices, with MLlib models such as linear regression, generalized linear regression, random forest, and decision tree. We implemented naive Bayes and logistic regression classification models. Experimental results suggest that linear regression, random forest, and generalized linear regression provide an accuracy of 80%–98%. The experimental results of the decision tree did not well predict share price movements in the stock market.",0,big data is the collection of large datasets from traditional and digital sources to identify trends and patterns the quantity and variety of computer data are growing exponentially for many reasons for example retailers are building vast databases of customer sales activity organizations are working on logistics financial services and public social media are sharing a vast quantity of sentiments related to sales price and products challenges of big data include volume and variety in both structured and unstructured data in this paper we implemented several machine learning models through spark mllib using pyspark which is scalable fast easily integrated with other tools and has better performance than the traditional models we studied the stocks of top companies whose data include historical stock prices with mllib models such as linear regression generalized linear regression random forest and decision tree we implemented naive bayes and logistic regression classification models experimental results suggest that linear regression random forest and generalized linear regression provide an accuracy of – the experimental results of the decision tree did not well predict share price movements in the stock market
10.14201/adcaij20198497116,"Stocks are possibly the most popular financial instrument invented for building wealth and are the centerpiece of any investment portfolio. The advances in trading technology has opened up the markets so that nowadays nearly anybody can own stocks. From last few decades, there seen explosive increase in the average person’s interest for stock market. In a financially explosive market, as the stock market, it is important to have a very accurate prediction of a future trend. Because of the financial crisis and recording profits, it is compulsory to have a secure prediction of the values of the stocks. Predicting a non-linear signal requires progressive algorithms of machine learning with help of Artificial Intelligence (AI).In our research, we are going to use Machine Learning Algorithm specially focus on Linear Regression (LR), Three month Moving Average(3MMA), Exponential Smoothing (ES) and Time Series Forecasting using MS Excel as best statistical tool for graph and tabular representation of prediction results. We obtained data from Yahoo Finance for Amazon (AMZN) stock, AAPL stock and GOOGLE stock after implementation LR we successfully predicted stock market trend for next month and also measured accuracy according to measurements.",0,stocks are possibly the most popular financial instrument invented for building wealth and are the centerpiece of any investment portfolio the advances in trading technology has opened up the markets so that nowadays nearly anybody can own stocks from last few decades there seen explosive increase in the average person’s interest for stock market in a financially explosive market as the stock market it is important to have a very accurate prediction of a future trend because of the financial crisis and recording profits it is compulsory to have a secure prediction of the values of the stocks predicting a nonlinear signal requires progressive algorithms of machine learning with help of artificial intelligence aiin our research we are going to use machine learning algorithm specially focus on linear regression lr three month moving average mma exponential smoothing es and time series forecasting using ms excel as best statistical tool for graph and tabular representation of prediction results we obtained data from yahoo finance for amazon amzn stock aapl stock and google stock after implementation lr we successfully predicted stock market trend for next month and also measured accuracy according to measurements
10.1016/j.procs.2021.10.071,"Due to the complex nature of stock market prediction, it has been a trending area of interest. This paper presents a comparison of the prediction by inputting different classifiers. Furthermore, the results of the comparison are done on an accuracy basis. Each machine learning algorithm is tested against the National Association of Securities Dealers Automated Quotations System (NASDAQ), New York Stock Exchange (NYSE), Nikkei, and Financial Times Stock Exchange (FTSE). Furthermore, several machine learning algorithms are compared with a normal and a leaked data set.",0,due to the complex nature of stock market prediction it has been a trending area of interest this paper presents a comparison of the prediction by inputting different classifiers furthermore the results of the comparison are done on an accuracy basis each machine learning algorithm is tested against the national association of securities dealers automated quotations system nasdaq new york stock exchange nyse nikkei and financial times stock exchange ftse furthermore several machine learning algorithms are compared with a normal and a leaked data set
10.20944/preprints202003.0256.v1,"Prediction of stock groups values has always been attractive and challenging for shareholders. This paper concentrates on the future prediction of stock market groups. Four groups named diversified financials, petroleum, non-metallic minerals and basic metals from Tehran stock exchange are chosen for experimental evaluations. Data are collected for the groups based on ten years of historical records. The values predictions are created for 1, 2, 5, 10, 15, 20 and 30 days in advance. The machine learning algorithms utilized for prediction of future values of stock market groups. We employed Decision Tree, Bagging, Random Forest, Adaptive Boosting (Adaboost), Gradient Boosting and eXtreme Gradient Boosting (XGBoost), and Artificial neural network (ANN), Recurrent Neural Network (RNN) and Long short-term memory (LSTM). Ten technical indicators are selected as the inputs into each of the prediction models. Finally, the result of predictions is presented for each technique based on three metrics. Among all algorithms used in this paper, LSTM shows more accurate results with the highest model fitting ability. Also, for tree_based models, there is often an intense competition between Adaboost, Gradient Boosting and XGBoost.",0,prediction of stock groups values has always been attractive and challenging for shareholders this paper concentrates on the future prediction of stock market groups four groups named diversified financials petroleum nonmetallic minerals and basic metals from tehran stock exchange are chosen for experimental evaluations data are collected for the groups based on ten years of historical records the values predictions are created for and days in advance the machine learning algorithms utilized for prediction of future values of stock market groups we employed decision tree bagging random forest adaptive boosting adaboost gradient boosting and extreme gradient boosting xgboost and artificial neural network ann recurrent neural network rnn and long shortterm memory lstm ten technical indicators are selected as the inputs into each of the prediction models finally the result of predictions is presented for each technique based on three metrics among all algorithms used in this paper lstm shows more accurate results with the highest model fitting ability also for treebased models there is often an intense competition between adaboost gradient boosting and xgboost
10.1109/iciem54221.2022.9853162,This paper strives to evolve and innovate a stricter neural network reach to anticipate the stock market. This paper depicts a technical analysis of stock market prognosis through neural networks. The stock market prognosis could be analyzed utilizing numerous varieties of mechanisms of machine learning procedures. This paper examines purchasing and selling prices of stocks on (BSE) and dissects the enclosed representation. I pressed the in-depth Long-Short-Term Memory Neural Network (LSTM) with an entrenched layer and LSTM Neural Network to anticipate the stock market. The experimental arrangement designates better by applying deep LSTM with layers. The prediction system manifests accurate results which furnishes an extraordinary profit.,0,this paper strives to evolve and innovate a stricter neural network reach to anticipate the stock market this paper depicts a technical analysis of stock market prognosis through neural networks the stock market prognosis could be analyzed utilizing numerous varieties of mechanisms of machine learning procedures this paper examines purchasing and selling prices of stocks on bse and dissects the enclosed representation i pressed the indepth longshortterm memory neural network lstm with an entrenched layer and lstm neural network to anticipate the stock market the experimental arrangement designates better by applying deep lstm with layers the prediction system manifests accurate results which furnishes an extraordinary profit
10.1109/access.2018.2886367,"Stock market prediction is of great importance for financial analysis. Traditionally, many studies only use the news or numerical data for the stock market prediction. In the recent years, in order to explore their complementary, some studies have been conducted to equally treat dual sources of information. However, numerical data often play a much more important role compared with the news. In addition, the existing simple combination cannot exploit their complementarity. In this paper, we propose a numerical-based attention (NBA) method for dual sources stock market prediction. Our major contributions are summarized as follows. First, we propose an attention-based method to effectively exploit the complementarity between news and numerical data in predicting the stock prices. The stock trend information hidden in the news is transformed into the importance distribution of numerical data. Consequently, the news is encoded to guide the selection of numerical data. Our method can effectively filter the noise and make full use of the trend information in news. Then, in order to evaluate our NBA model, we collect news corpus and numerical data to build three datasets from two sources: the China Security Index 300 (CSI300) and the Standard & Poor’s 500 (S&P500). Extensive experiments are conducted, showing that our NBA is superior to previous models in dual sources stock price prediction.",0,stock market prediction is of great importance for financial analysis traditionally many studies only use the news or numerical data for the stock market prediction in the recent years in order to explore their complementary some studies have been conducted to equally treat dual sources of information however numerical data often play a much more important role compared with the news in addition the existing simple combination cannot exploit their complementarity in this paper we propose a numericalbased attention nba method for dual sources stock market prediction our major contributions are summarized as follows first we propose an attentionbased method to effectively exploit the complementarity between news and numerical data in predicting the stock prices the stock trend information hidden in the news is transformed into the importance distribution of numerical data consequently the news is encoded to guide the selection of numerical data our method can effectively filter the noise and make full use of the trend information in news then in order to evaluate our nba model we collect news corpus and numerical data to build three datasets from two sources the china security index csi and the standard poor’s sp extensive experiments are conducted showing that our nba is superior to previous models in dual sources stock price prediction
10.3390/telecom3020019,"The use of Machine Learning (ML) and Sentiment Analysis (SA) on data from microblogging sites has become a popular method for stock market prediction. In this work, we developed a model for predicting stock movement utilizing SA on Twitter and StockTwits data. Stock movement and sentiment data were used to evaluate this approach and validate it on Microsoft stock. We gathered tweets from Twitter and StockTwits, as well as financial data from Finance Yahoo. SA was applied to tweets, and seven ML classification models were implemented: K-Nearest Neighbors (KNN), Support Vector Machine (SVM), Logistic Regression (LR), Naïve Bayes (NB), Decision Tree (DT), Random Forest (RF) and Multilayer Perceptron (MLP). The main novelty of this work is that it integrates multiple SA and ML methods, emphasizing the retrieval of extra features from social media (i.e., public sentiment), for improving stock prediction accuracy. The best results were obtained when tweets were analyzed using Valence Aware Dictionary and sEntiment Reasoner (VADER) and SVM. The top F-score was 76.3%, while the top Area Under Curve (AUC) value was 67%.",0,the use of machine learning ml and sentiment analysis sa on data from microblogging sites has become a popular method for stock market prediction in this work we developed a model for predicting stock movement utilizing sa on twitter and stocktwits data stock movement and sentiment data were used to evaluate this approach and validate it on microsoft stock we gathered tweets from twitter and stocktwits as well as financial data from finance yahoo sa was applied to tweets and seven ml classification models were implemented knearest neighbors knn support vector machine svm logistic regression lr naïve bayes nb decision tree dt random forest rf and multilayer perceptron mlp the main novelty of this work is that it integrates multiple sa and ml methods emphasizing the retrieval of extra features from social media ie public sentiment for improving stock prediction accuracy the best results were obtained when tweets were analyzed using valence aware dictionary and sentiment reasoner vader and svm the top fscore was while the top area under curve auc value was
10.1016/j.procs.2022.12.028,"Stock market trading is a major and predominant activity when one talks about the financial markets. With the inevitable uncertainty and volatility in the prices of the stocks, an investor keeps looking for ways to predict the future trends in order to dodge the losses and make the maximum possible profits. However, it cannot be denied that as of yet there is no such technique to predict the upcoming trends in the markets with complete accuracy, while multiple methods are being explored to improve the predictive performance of models to an extent as large as possible. With the advancement in Machine Learning (ML) and Deep Learning (DL) over the past few years, many algorithms are being deployed for stock price prediction. This paper researches 5 algorithms namely K-Nearest Neighbors, Linear Regression, Support Vector Regression, Decision Tree Regression, and Long Short-Term Memory for predicting stock prices of 12 leading companies of the Indian stock market. After exhaustive research of the various aspects related to the application of ML in stock market, a data extensive implementation has been carried out as a part of this research work wherein the stock price dataset of 12 companies over the last 7 years was collected and used. The paper also highlights some more efficient and robust techniques that are used to forecast trends in the stock market. In detail, the methodology followed, to acquire the results, has been talked about step-wise. Furthermore, a detailed comparative analysis of the performances of the aforementioned algorithms for stock price prediction has been carried out with the results displayed in a legible tabulated and graphical form to analyze them better. The conclusions from this novel, data comprehensive research work have been presented and it has been inferred that the DL algorithm outperforms all the other algorithms for stock price or time series prediction and provides results with extensive accuracy.",0,stock market trading is a major and predominant activity when one talks about the financial markets with the inevitable uncertainty and volatility in the prices of the stocks an investor keeps looking for ways to predict the future trends in order to dodge the losses and make the maximum possible profits however it cannot be denied that as of yet there is no such technique to predict the upcoming trends in the markets with complete accuracy while multiple methods are being explored to improve the predictive performance of models to an extent as large as possible with the advancement in machine learning ml and deep learning dl over the past few years many algorithms are being deployed for stock price prediction this paper researches algorithms namely knearest neighbors linear regression support vector regression decision tree regression and long shortterm memory for predicting stock prices of leading companies of the indian stock market after exhaustive research of the various aspects related to the application of ml in stock market a data extensive implementation has been carried out as a part of this research work wherein the stock price dataset of companies over the last years was collected and used the paper also highlights some more efficient and robust techniques that are used to forecast trends in the stock market in detail the methodology followed to acquire the results has been talked about stepwise furthermore a detailed comparative analysis of the performances of the aforementioned algorithms for stock price prediction has been carried out with the results displayed in a legible tabulated and graphical form to analyze them better the conclusions from this novel data comprehensive research work have been presented and it has been inferred that the dl algorithm outperforms all the other algorithms for stock price or time series prediction and provides results with extensive accuracy
10.1515/comp-2020-0199,"Abstract Predicting stock-price remains an important subject of discussion among financial analysts and researchers. However, the advancement in technologies such as artificial intelligence and machine learning techniques has paved the way for better and accurate prediction of stock-price in recent years. Of late, Support Vector Machines (SVM) have earned popularity among Machine Learning (ML) algorithms used for predicting stock price. However, a high percentage of studies in algorithmic investments based on SVM overlooked the overfitting nature of SVM when the input dataset is of high-noise and high-dimension. Therefore, this study proposes a novel homogeneous ensemble classifier called GASVM based on support vector machine enhanced with Genetic Algorithm (GA) for feature-selection and SVM kernel parameter optimisation for predicting the stock market. The GA was introduced in this study to achieve a simultaneous optimal of the diverse design factors of the SVM. Experiments carried out with over eleven (11) years’ stock data from the Ghana Stock Exchange (GSE) yielded compelling results. The outcome shows that the proposed model (named GASVM) outperformed other classical ML algorithms (Decision Tree (DT), Random Forest (RF) and Neural Network (NN)) in predicting a 10-day-ahead stock price movement. The proposed (GASVM) showed a better prediction accuracy of 93.7% compared with 82.3% (RF), 75.3% (DT), and 80.1% (NN). It can, therefore, be deduced from the fallouts that the proposed (GASVM) technique puts-up a practical approach feature-selection and parameter optimisation of the different design features of the SVM and thus remove the need for the labour-intensive parameter optimisation.",0,abstract predicting stockprice remains an important subject of discussion among financial analysts and researchers however the advancement in technologies such as artificial intelligence and machine learning techniques has paved the way for better and accurate prediction of stockprice in recent years of late support vector machines svm have earned popularity among machine learning ml algorithms used for predicting stock price however a high percentage of studies in algorithmic investments based on svm overlooked the overfitting nature of svm when the input dataset is of highnoise and highdimension therefore this study proposes a novel homogeneous ensemble classifier called gasvm based on support vector machine enhanced with genetic algorithm ga for featureselection and svm kernel parameter optimisation for predicting the stock market the ga was introduced in this study to achieve a simultaneous optimal of the diverse design factors of the svm experiments carried out with over eleven years’ stock data from the ghana stock exchange gse yielded compelling results the outcome shows that the proposed model named gasvm outperformed other classical ml algorithms decision tree dt random forest rf and neural network nn in predicting a dayahead stock price movement the proposed gasvm showed a better prediction accuracy of compared with rf dt and nn it can therefore be deduced from the fallouts that the proposed gasvm technique putsup a practical approach featureselection and parameter optimisation of the different design features of the svm and thus remove the need for the labourintensive parameter optimisation
10.1080/08839514.2022.2111134,"The stock market is viewed as an unpredictable, volatile, and competitive market. The prediction of stock prices has been a challenging task for many years. In fact, many analysts are highly interested in the research area of stock price prediction. Various forecasting methods can be categorized into linear and non-linear algorithms. In this paper, we offer an overview of the use of deep learning networks for the Indian National Stock Exchange time series analysis and prediction. The networks used are Recurrent Neural Network, Long Short-Term Memory Network, and Convolutional Neural Network to predict future trends of NIFTY 50 stock prices. Comparative analysis is done using different evaluation metrics. These analysis led us to identify the impact of feature selection process and hyper-parameter optimization on prediction quality and metrics used in the prediction of stock market performance and prices. The performance of the models was quantified using MSE metric. These errors in the LSTM model are found to be lower compared to RNN and CNN models.",0,the stock market is viewed as an unpredictable volatile and competitive market the prediction of stock prices has been a challenging task for many years in fact many analysts are highly interested in the research area of stock price prediction various forecasting methods can be categorized into linear and nonlinear algorithms in this paper we offer an overview of the use of deep learning networks for the indian national stock exchange time series analysis and prediction the networks used are recurrent neural network long shortterm memory network and convolutional neural network to predict future trends of nifty stock prices comparative analysis is done using different evaluation metrics these analysis led us to identify the impact of feature selection process and hyperparameter optimization on prediction quality and metrics used in the prediction of stock market performance and prices the performance of the models was quantified using mse metric these errors in the lstm model are found to be lower compared to rnn and cnn models
10.1109/icaicta.2018.8541310,"Recently, ability to handle tremendous amounts of information using increased computational capabilities has improved prediction of stock market behavior. Complex machine learning algorithms such as deep learning methods can analyze and detect complex data patterns. The recent prediction models use two types of inputs as (i) numerical information such as historical prices and technical indicators, and (ii) textual information including news contents or headlines. However, the use of textual data involves text representation construction. Traditional methods like word embedding may not be suitable for representing the semantics of financial news due to problems of word sparsity in datasets. In this paper, we aim to improve stock market predictions using a deep learning approach with event embedding vectors extracted from news headlines, historical price data, and a set of technical indicators as input. Our prediction model consists of Convolutional Neural Network (CNN) and Long Short-term Memory (LSTM) architectures. We use accuracy and annualized return based on trading simulation as performance metrics, and then perform experiments on three datasets obtained from different news sources namely Reuters, Reddit, and Intrinio. Results show that enhancing text representation vectors and considering both numerical and textual information as input to a deep neural network can improve prediction performance.",0,recently ability to handle tremendous amounts of information using increased computational capabilities has improved prediction of stock market behavior complex machine learning algorithms such as deep learning methods can analyze and detect complex data patterns the recent prediction models use two types of inputs as i numerical information such as historical prices and technical indicators and ii textual information including news contents or headlines however the use of textual data involves text representation construction traditional methods like word embedding may not be suitable for representing the semantics of financial news due to problems of word sparsity in datasets in this paper we aim to improve stock market predictions using a deep learning approach with event embedding vectors extracted from news headlines historical price data and a set of technical indicators as input our prediction model consists of convolutional neural network cnn and long shortterm memory lstm architectures we use accuracy and annualized return based on trading simulation as performance metrics and then perform experiments on three datasets obtained from different news sources namely reuters reddit and intrinio results show that enhancing text representation vectors and considering both numerical and textual information as input to a deep neural network can improve prediction performance
10.3390/asi6060106,"Stock value prediction and trading, a captivating and complex research domain, continues to draw heightened attention. Ensuring profitable returns in stock market investments demands precise and timely decision-making. The evolution of technology has introduced advanced predictive algorithms, reshaping investment strategies. Essential to this transformation is the profound reliance on historical data analysis, driving the automation of decisions, particularly in individual stock contexts. Recent strides in deep reinforcement learning algorithms have emerged as a focal point for researchers, offering promising avenues in stock market predictions. In contrast to prevailing models rooted in artificial neural network (ANN) and long short-term memory (LSTM) algorithms, this study introduces a pioneering approach. By integrating ANN, LSTM, and natural language processing (NLP) techniques with the deep Q network (DQN), this research crafts a novel architecture tailored specifically for stock market prediction. At its core, this innovative framework harnesses the wealth of historical stock data, with a keen focus on gold stocks. Augmented by the insightful analysis of social media data, including platforms such as S&amp;P, Yahoo, NASDAQ, and various gold market-related channels, this study gains depth and comprehensiveness. The predictive prowess of the developed model is exemplified in its ability to forecast the opening stock value for the subsequent day, a feat validated across exhaustive datasets. Through rigorous comparative analysis against benchmark algorithms, the research spotlights the unparalleled accuracy and efficacy of the proposed combined algorithmic architecture. This study not only presents a compelling demonstration of predictive analytics but also engages in critical analysis, illuminating the intricate dynamics of the stock market. Ultimately, this research contributes valuable insights and sets new horizons in the realm of stock market predictions.",0,stock value prediction and trading a captivating and complex research domain continues to draw heightened attention ensuring profitable returns in stock market investments demands precise and timely decisionmaking the evolution of technology has introduced advanced predictive algorithms reshaping investment strategies essential to this transformation is the profound reliance on historical data analysis driving the automation of decisions particularly in individual stock contexts recent strides in deep reinforcement learning algorithms have emerged as a focal point for researchers offering promising avenues in stock market predictions in contrast to prevailing models rooted in artificial neural network ann and long shortterm memory lstm algorithms this study introduces a pioneering approach by integrating ann lstm and natural language processing nlp techniques with the deep q network dqn this research crafts a novel architecture tailored specifically for stock market prediction at its core this innovative framework harnesses the wealth of historical stock data with a keen focus on gold stocks augmented by the insightful analysis of social media data including platforms such as sampp yahoo nasdaq and various gold marketrelated channels this study gains depth and comprehensiveness the predictive prowess of the developed model is exemplified in its ability to forecast the opening stock value for the subsequent day a feat validated across exhaustive datasets through rigorous comparative analysis against benchmark algorithms the research spotlights the unparalleled accuracy and efficacy of the proposed combined algorithmic architecture this study not only presents a compelling demonstration of predictive analytics but also engages in critical analysis illuminating the intricate dynamics of the stock market ultimately this research contributes valuable insights and sets new horizons in the realm of stock market predictions
10.1109/ijcnn.2018.8489208,"This work uses deep learning models for daily directional movements prediction of a stock price using financial news titles and technical indicators as input. A comparison is made between two different sets of technical indicators, set 1: Stochastic %K, Stochastic %D, Momentum, Rate of change, William's %R, Accumulation/Distribution (A/D) oscillator and Disparity 5; set 2: Exponential Moving Average, Moving Average Convergence-Divergence, Relative Strength Index, On Balance Volume and Bollinger Bands. Deep learning methods can detect and analyze complex patterns and interactions in the data allowing a more precise trading process. Experiments has shown that Convolutional Neural Network (CNN) can be better than Recurrent Neural Networks (RNN) on catching semantic from texts and RNN is better on catching the context information and modeling complex temporal characteristics for stock market forecasting. So, there are two models compared in this paper: a hybrid model composed by a CNN for the financial news and a Long Short-Term Memory (LSTM) for technical indicators, named as SI-RCNN; and a LSTM network only for technical indicators, named as I-RNN. The output of each model is used as input for a trading agent that buys stocks on the current day and sells the next day when the model predicts that the price is going up, otherwise the agent sells stocks on the current day and buys the next day. The proposed method shows a major role of financial news in stabilizing the results and almost no improvement when comparing different sets of technical indicators.",0,this work uses deep learning models for daily directional movements prediction of a stock price using financial news titles and technical indicators as input a comparison is made between two different sets of technical indicators set stochastic k stochastic d momentum rate of change williams r accumulationdistribution ad oscillator and disparity set exponential moving average moving average convergencedivergence relative strength index on balance volume and bollinger bands deep learning methods can detect and analyze complex patterns and interactions in the data allowing a more precise trading process experiments has shown that convolutional neural network cnn can be better than recurrent neural networks rnn on catching semantic from texts and rnn is better on catching the context information and modeling complex temporal characteristics for stock market forecasting so there are two models compared in this paper a hybrid model composed by a cnn for the financial news and a long shortterm memory lstm for technical indicators named as sircnn and a lstm network only for technical indicators named as irnn the output of each model is used as input for a trading agent that buys stocks on the current day and sells the next day when the model predicts that the price is going up otherwise the agent sells stocks on the current day and buys the next day the proposed method shows a major role of financial news in stabilizing the results and almost no improvement when comparing different sets of technical indicators
10.1109/cec.2005.1555027,"Traditional technical analysis for stock market prediction is error-prone, especially for multiyear trend prediction. Hence, computational intelligence provides an attractive alternative. Among the plethora of methods, statistics and artificial neural network are the most popular. However, they are black boxes that are not interpretable. Genetic complementary learning (GCL) fuzzy neural network is therefore proposed. GCL is a brain-inspired learning algorithm that is a confluence of genetic algorithm (GA) and hippocampal complementary learning. Since GA has the potential of finding optimal solution, and complementary learning is one of the mechanisms underlying human recognition, GCL may offer superior performance. The experimental results have demonstrated that GCL is a competent stock market prediction system.",0,traditional technical analysis for stock market prediction is errorprone especially for multiyear trend prediction hence computational intelligence provides an attractive alternative among the plethora of methods statistics and artificial neural network are the most popular however they are black boxes that are not interpretable genetic complementary learning gcl fuzzy neural network is therefore proposed gcl is a braininspired learning algorithm that is a confluence of genetic algorithm ga and hippocampal complementary learning since ga has the potential of finding optimal solution and complementary learning is one of the mechanisms underlying human recognition gcl may offer superior performance the experimental results have demonstrated that gcl is a competent stock market prediction system
10.5120/ijca2021921347,"This paper tries to address the problem of stock market prediction leveraging artificial intelligence (AI) strategies. The stock market prediction can be modeled based on two principal analyses called technical and fundamental. In the technical analysis approach, the regression machine learning (ML) algorithms are employed to predict the stock price trend at the end of a business day based on the historical price data. In contrast, in the fundamental analysis, the classification ML algorithms are applied to classify the public sentiment based on news and social media. In the technical analysis, the historical price data is exploited from Yahoo Finance, and in fundamental analysis, public tweets on Twitter associated with the stock market are investigated to assess the impact of sentiments on the stock market's forecast. The results show a median performance, implying that with the current technology of AI, it is too soon to claim AI can beat the stock markets.",0,this paper tries to address the problem of stock market prediction leveraging artificial intelligence ai strategies the stock market prediction can be modeled based on two principal analyses called technical and fundamental in the technical analysis approach the regression machine learning ml algorithms are employed to predict the stock price trend at the end of a business day based on the historical price data in contrast in the fundamental analysis the classification ml algorithms are applied to classify the public sentiment based on news and social media in the technical analysis the historical price data is exploited from yahoo finance and in fundamental analysis public tweets on twitter associated with the stock market are investigated to assess the impact of sentiments on the stock markets forecast the results show a median performance implying that with the current technology of ai it is too soon to claim ai can beat the stock markets
10.1109/icstcc.2015.7321293,"In a financially volatile market, as the stock market, it is important to have a very precise prediction of a future trend. Because of the financial crisis and scoring profits, it is mandatory to have a secure prediction of the values of the stocks. Predicting a non-linear signal requires advanced algorithms of machine learning. The literature contains studies with different machine learning algorithms such as ANN (artificial neural networks) with different feature selection. The results of this study will show that the algorithm of classification SVM (Support Vector Machines) with the help of feature selection PCA (Principal component analysis) will have the success of making a profit.",0,in a financially volatile market as the stock market it is important to have a very precise prediction of a future trend because of the financial crisis and scoring profits it is mandatory to have a secure prediction of the values of the stocks predicting a nonlinear signal requires advanced algorithms of machine learning the literature contains studies with different machine learning algorithms such as ann artificial neural networks with different feature selection the results of this study will show that the algorithm of classification svm support vector machines with the help of feature selection pca principal component analysis will have the success of making a profit
10.3844/ajassp.2019.200.212,"A firm's equity price on the stock-market is reported to be closely related to the Macroeconomic Variable (MVs) of the country in which the firm trades. For this reason, researchers, market traders, financial analysts and forecasters to examine the association between MVs and stock-price have carried out numerous studies, using time-series statistical analysis methods like Autoregressive Integrated Moving Average (ARIMA), Autoregressive Moving Average (ARMA) and Generalised Autoregressive Conditional Heteroscedasticity (GARCH). However, these techniques are reported to suffer from limited predictive power and restrictive assumptions. Besides, in pursuit of ways to remedy these paucities and limitations within these techniques, some researchers have examined uncountable machine learning techniques for measuring the stock-markets trends and making trading decisions using macroeconomic variables. On the other hand, a higher percentage of these studies paid attention to the stock index prediction and neglected the diversity of MVs that influence different sector indices. In addressing the issues above, this study seeks to examine the degree of significance between different sectors stock-price and MVs and predict a 30-day head stock-price using Random Forest (RF) with an improve leave-one-out cross-validation tactic and Long Short-Term Memory Recurrent Neural Network (LSTMRNN). An empirical analysis of the proposed model over the Ghana Stock Exchange (GSE) exhibits high prediction accuracy and better mean absolute error compared with other time-series techniques. It can, therefore, be inferred from the fallouts that the proposed stock-market prediction with MVs, provides an efficient approach to automatic identification and extraction of MVs that affect diverse sector stock and offer an accurate prediction of a stock's future price.",0,a firms equity price on the stockmarket is reported to be closely related to the macroeconomic variable mvs of the country in which the firm trades for this reason researchers market traders financial analysts and forecasters to examine the association between mvs and stockprice have carried out numerous studies using timeseries statistical analysis methods like autoregressive integrated moving average arima autoregressive moving average arma and generalised autoregressive conditional heteroscedasticity garch however these techniques are reported to suffer from limited predictive power and restrictive assumptions besides in pursuit of ways to remedy these paucities and limitations within these techniques some researchers have examined uncountable machine learning techniques for measuring the stockmarkets trends and making trading decisions using macroeconomic variables on the other hand a higher percentage of these studies paid attention to the stock index prediction and neglected the diversity of mvs that influence different sector indices in addressing the issues above this study seeks to examine the degree of significance between different sectors stockprice and mvs and predict a day head stockprice using random forest rf with an improve leaveoneout crossvalidation tactic and long shortterm memory recurrent neural network lstmrnn an empirical analysis of the proposed model over the ghana stock exchange gse exhibits high prediction accuracy and better mean absolute error compared with other timeseries techniques it can therefore be inferred from the fallouts that the proposed stockmarket prediction with mvs provides an efficient approach to automatic identification and extraction of mvs that affect diverse sector stock and offer an accurate prediction of a stocks future price
10.1016/j.procs.2011.08.038,"Stock market forecasting research offers many challenges and opportunities, with the forecasting of individual stocks or indexes focusing on forecasting either the level (value) of future market prices, or the direction of market price movement. A three-stage stock market prediction system is introduced in this article. In the first phase, Multiple Regression Analysis is applied to define the economic and financial variables which have a strong relationship with the output. In the second phase, Differential Evolution-based type-2 Fuzzy Clustering is implemented to create a prediction model. For the third phase, a Fuzzy type-2 Neural Network is used to perform the reasoning for future stock price prediction. The results of the network simulation show that the suggested model outperforms traditional models for forecasting stock market prices.",0,stock market forecasting research offers many challenges and opportunities with the forecasting of individual stocks or indexes focusing on forecasting either the level value of future market prices or the direction of market price movement a threestage stock market prediction system is introduced in this article in the first phase multiple regression analysis is applied to define the economic and financial variables which have a strong relationship with the output in the second phase differential evolutionbased type fuzzy clustering is implemented to create a prediction model for the third phase a fuzzy type neural network is used to perform the reasoning for future stock price prediction the results of the network simulation show that the suggested model outperforms traditional models for forecasting stock market prices
10.1016/j.jksus.2022.101940,"The main perfect of this composition is to discover the stylish version to prognosticate the cost of the inventory request. During the procedure of analyzing the colorful ways and variables to remember, we plant that approaches similar as Random woodland, machine help Vector were not absolutely exploited. On this composition, we will introduce and assessment a in addition practicable gadget to prognosticate the motion of shares with lesser delicacy. The first issue we looked at turned into the previous time's stock price dataset. The dataset has been preprocessed and refined for actual analysis. For this reason, our composition can even focus on preprocessing the raw data of the dataset. 2nd, after preprocessing the facts, we are able to observe the use of the arbitrary wood, we can aid the vector machine on the dataset and the results it generates. Similarly, the proposed composition examines the use of the soothsaying device in actual surrounds and the problems related to the delicacy of the overall values handed. The composition additionally provides a system literacy version for prognosticating the lifestyles of shares in a aggressive request. Predicting the success of shares might be a main asset for stock request institutions and could give actual effects to the troubles facing equity investors. By Using Stock Prediction algorithm overall accuracy is 80.3%.",0,the main perfect of this composition is to discover the stylish version to prognosticate the cost of the inventory request during the procedure of analyzing the colorful ways and variables to remember we plant that approaches similar as random woodland machine help vector were not absolutely exploited on this composition we will introduce and assessment a in addition practicable gadget to prognosticate the motion of shares with lesser delicacy the first issue we looked at turned into the previous times stock price dataset the dataset has been preprocessed and refined for actual analysis for this reason our composition can even focus on preprocessing the raw data of the dataset nd after preprocessing the facts we are able to observe the use of the arbitrary wood we can aid the vector machine on the dataset and the results it generates similarly the proposed composition examines the use of the soothsaying device in actual surrounds and the problems related to the delicacy of the overall values handed the composition additionally provides a system literacy version for prognosticating the lifestyles of shares in a aggressive request predicting the success of shares might be a main asset for stock request institutions and could give actual effects to the troubles facing equity investors by using stock prediction algorithm overall accuracy is
10.1186/s40537-020-00400-y,"Abstract The stock market is very unstable and volatile due to several factors such as public sentiments, economic factors and more. Several Petabytes volumes of data are generated every second from different sources, which affect the stock market. A fair and efficient fusion of these data sources (factors) into intelligence is expected to offer better prediction accuracy on the stock market. However, integrating these factors from different data sources as one dataset for market analysis is seen as challenging because they come in a different format (numerical or text). In this study, we propose a novel multi-source information-fusion stock price prediction framework based on a hybrid deep neural network architecture (Convolution Neural Networks (CNN) and Long Short-Term Memory (LSTM)) named IKN-ConvLSTM. Precisely, we design a predictive framework to integrate stock-related information from six (6) heterogeneous sources. Secondly, we construct a base model using CNN, and random search algorithm as a feature selector to optimise our initial training parameters. Finally, a stacked LSTM network is fine-tuned by using the tuned parameter (features) from the base-model to enhance prediction accuracy. Our approach's emperical evaluation was carried out with stock data (January 3, 2017, to January 31, 2020) from the Ghana Stock Exchange (GSE). The results show a good prediction accuracy of 98.31%, specificity (0.9975), sensitivity (0.8939%) and F-score (0.9672) of the amalgamated dataset compared with the distinct dataset. Based on the study outcome, it can be concluded that efficient information fusion of different stock price indicators as a single data source for market prediction offer high prediction accuracy than individual data sources.",0,abstract the stock market is very unstable and volatile due to several factors such as public sentiments economic factors and more several petabytes volumes of data are generated every second from different sources which affect the stock market a fair and efficient fusion of these data sources factors into intelligence is expected to offer better prediction accuracy on the stock market however integrating these factors from different data sources as one dataset for market analysis is seen as challenging because they come in a different format numerical or text in this study we propose a novel multisource informationfusion stock price prediction framework based on a hybrid deep neural network architecture convolution neural networks cnn and long shortterm memory lstm named iknconvlstm precisely we design a predictive framework to integrate stockrelated information from six heterogeneous sources secondly we construct a base model using cnn and random search algorithm as a feature selector to optimise our initial training parameters finally a stacked lstm network is finetuned by using the tuned parameter features from the basemodel to enhance prediction accuracy our approachs emperical evaluation was carried out with stock data january to january from the ghana stock exchange gse the results show a good prediction accuracy of specificity sensitivity and fscore of the amalgamated dataset compared with the distinct dataset based on the study outcome it can be concluded that efficient information fusion of different stock price indicators as a single data source for market prediction offer high prediction accuracy than individual data sources
10.1109/icecte.2016.7879611,"Predicting closing stock price accurately is an challenging task. Computer aided systems have been proved to be helpful tool for stock prediction such as Artificial Neural Net-work(ANN), Adaptive Neuro Fuzzy Inference System (ANFIS) etc. Latest research works prove that Adaptive Neuro Fuzzy Inference System shows better results than Neural Network for stock prediction. In this paper, an improved Levenberg Marquardt(LM) training algorithm of artificial neural network has been proposed. Improved Levenberg Marquardt algorithm of neural network can predict the possible day-end closing stock price with less memory and time needed, provided previous historical stock market data of Dhaka Stock Exchange such as opening price, highest price, lowest price, total share traded. Morever, improved LM algorithm can predict day-end stock price with 53% less error than ANFIS and traditional LM algorithm. It also requires 30% less time, 54% less memory than traditional LM and 47% less time, 59% less memory than ANFIS.",0,predicting closing stock price accurately is an challenging task computer aided systems have been proved to be helpful tool for stock prediction such as artificial neural networkann adaptive neuro fuzzy inference system anfis etc latest research works prove that adaptive neuro fuzzy inference system shows better results than neural network for stock prediction in this paper an improved levenberg marquardtlm training algorithm of artificial neural network has been proposed improved levenberg marquardt algorithm of neural network can predict the possible dayend closing stock price with less memory and time needed provided previous historical stock market data of dhaka stock exchange such as opening price highest price lowest price total share traded morever improved lm algorithm can predict dayend stock price with less error than anfis and traditional lm algorithm it also requires less time less memory than traditional lm and less time less memory than anfis
10.1007/s00521-023-09179-4,"Abstract As the economy has grown rapidly in recent years, more and more people have begun putting their money into the stock market. Thus, predicting trends in the stock market is regarded as a crucial endeavor, and one that has proven to be more fruitful than others. Profitable investments will result in rising stock prices. Investors face significant difficulties making stock market-related predictions due to the lack of movement and noise in the data. In this paper, a new system for predicting stock market prices is introduced, namely stock market prediction based on deep leaning (SMP-DL). SMP-DL splits into two stages, which are (i) data preprocessing (DP) and (ii) stock price’s prediction (SP 2 ). In the first stage, data are preprocessed to obtain cleaned ones through several stages which are detect and reject missing value, feature selection, and data normalization. Then, in the second stage (e.g., SP 2 ), the cleaned data will pass through the used predicted model. In SP 2 , long short-term memory (LSTM) combined with bidirectional gated recurrent unit (BiGRU) to predict the closing price of stock market. The obtained results showed that the proposed system perform well when compared to other existing methods. As RMSE, MSE, MAE, and R 2 values are 0.2883, 0.0831, 0.2099, and 0.9948. Moreover, the proposed method was applied using different datasets and it performs well.",0,abstract as the economy has grown rapidly in recent years more and more people have begun putting their money into the stock market thus predicting trends in the stock market is regarded as a crucial endeavor and one that has proven to be more fruitful than others profitable investments will result in rising stock prices investors face significant difficulties making stock marketrelated predictions due to the lack of movement and noise in the data in this paper a new system for predicting stock market prices is introduced namely stock market prediction based on deep leaning smpdl smpdl splits into two stages which are i data preprocessing dp and ii stock price’s prediction sp in the first stage data are preprocessed to obtain cleaned ones through several stages which are detect and reject missing value feature selection and data normalization then in the second stage eg sp the cleaned data will pass through the used predicted model in sp long shortterm memory lstm combined with bidirectional gated recurrent unit bigru to predict the closing price of stock market the obtained results showed that the proposed system perform well when compared to other existing methods as rmse mse mae and r values are and moreover the proposed method was applied using different datasets and it performs well
10.35940/ijrte.b1052.0782s419,"The purpose of this work is to predict the stock price fluctuation and find the best usable algorithm for predicting stock price by comparing the outcomes of various algorithms of machine learning considering various factors. The algorithms we are proposing to use are linear regression, logical regression, LSTM, random forest algorithm, SVM and naive Bayes' algorithm. We are aiming to apply various algorithms and predict the one with best outcome. The factor which we have used as an attribute in our model is news that we assume will affect the price of the stock market. We have taken the top 25 news of the day and each news will be evaluated as if it’s positive or negative and then the positive new is assigned with +1 value and so as negative with -1. For the particular day the sum of the news values are taken if the sum is positive then the predicted price will increase as compare to previous price but if the sum is negative the value should decrease base on these facts evaluation is done between predicted and occurred value and so the algorithms are used to generate the prediction and hence used to calculate the accuracy provided by the algorithm .Using news as the factor may help us in the more chance of increase in the detecting the fluctuation in the values as the news is one of the greatest factor effecting the change in stock prize as news contain the brief every possible event happened in the previous day and also contain about the company that is their release of product , status , bonds , funds , investments.",0,the purpose of this work is to predict the stock price fluctuation and find the best usable algorithm for predicting stock price by comparing the outcomes of various algorithms of machine learning considering various factors the algorithms we are proposing to use are linear regression logical regression lstm random forest algorithm svm and naive bayes algorithm we are aiming to apply various algorithms and predict the one with best outcome the factor which we have used as an attribute in our model is news that we assume will affect the price of the stock market we have taken the top news of the day and each news will be evaluated as if it’s positive or negative and then the positive new is assigned with value and so as negative with for the particular day the sum of the news values are taken if the sum is positive then the predicted price will increase as compare to previous price but if the sum is negative the value should decrease base on these facts evaluation is done between predicted and occurred value and so the algorithms are used to generate the prediction and hence used to calculate the accuracy provided by the algorithm using news as the factor may help us in the more chance of increase in the detecting the fluctuation in the values as the news is one of the greatest factor effecting the change in stock prize as news contain the brief every possible event happened in the previous day and also contain about the company that is their release of product status bonds funds investments
10.1109/icacite51222.2021.9404733,"In Stock Market is the financial epitome of financial business and trading since it came into existence it has shown the impact of hits low and similarly when it is high. The stock market crash in 2008 showed the world that the business hit the low when the Dow Jones Industrial Average fell 777.68%. Several machine learning algorithms have shown that these stock prices can be predicted and these algorithms can be implemented using the approach of supervised learning. In Supervised Learning, we have test data using this we train the models. Although the results obtained after training the model may differ from the actual but it has been observed that in many cases accuracy is satisfactory. In this paper, the first task is to use web scrapping to collect datasets from stock data. Then we plot the data on the graph, from the graph we can analyze the stock prices going high or low. After this, we will predict stock prices using SVM and Linear Regression, that Linear Regression for stock market analysis is better than the SVM for the same.",0,in stock market is the financial epitome of financial business and trading since it came into existence it has shown the impact of hits low and similarly when it is high the stock market crash in showed the world that the business hit the low when the dow jones industrial average fell several machine learning algorithms have shown that these stock prices can be predicted and these algorithms can be implemented using the approach of supervised learning in supervised learning we have test data using this we train the models although the results obtained after training the model may differ from the actual but it has been observed that in many cases accuracy is satisfactory in this paper the first task is to use web scrapping to collect datasets from stock data then we plot the data on the graph from the graph we can analyze the stock prices going high or low after this we will predict stock prices using svm and linear regression that linear regression for stock market analysis is better than the svm for the same
10.1109/access.2022.3195942,"Stock market prediction based on machine or deep learning is an essential topic in the financial community. Typically, models with different structures or initializations provide different forecasts of the same response variable. In such cases, better prediction is often achieved by combining forecasts from multiple models rather than using a single model in isolation. This combination of forecasts from the base learners is known as decision fusion. Furthermore, although decision fusion is typical and essential for making the best possible use of multiple forecasts, few studies have systematically summarized the studies that apply this technique. Therefore, there is an urgent need for a literature review reflecting the application of decision fusion in this field. To this end, this study systematically reviewed research related to decision fusion for stock market prediction, focusing on the characteristics of base learners and decision fusion methods. Specifically, the research trend on this topic, which has shifted over the past two decades, is discussed. This review also presents future directions in applying decision fusion to stock market prediction, such as the fusion of forecasts with different data types, using new algorithms as base learners, and integrating sentiment analysis with decision fusion techniques.",0,stock market prediction based on machine or deep learning is an essential topic in the financial community typically models with different structures or initializations provide different forecasts of the same response variable in such cases better prediction is often achieved by combining forecasts from multiple models rather than using a single model in isolation this combination of forecasts from the base learners is known as decision fusion furthermore although decision fusion is typical and essential for making the best possible use of multiple forecasts few studies have systematically summarized the studies that apply this technique therefore there is an urgent need for a literature review reflecting the application of decision fusion in this field to this end this study systematically reviewed research related to decision fusion for stock market prediction focusing on the characteristics of base learners and decision fusion methods specifically the research trend on this topic which has shifted over the past two decades is discussed this review also presents future directions in applying decision fusion to stock market prediction such as the fusion of forecasts with different data types using new algorithms as base learners and integrating sentiment analysis with decision fusion techniques
10.31449/inf.v45i2.3407,"The stock market is one of the key sectors of a country’s economy. It provides investors with an opportunity to invest and gain returns on their investment. Predicting the stock market is a very challenging task and has attracted serious interest from researchers from many fields such as statistics, artificial intelligence, economics, and finance. An accurate prediction of the stock market reduces investment risk in the market. Different approaches have been used to predict the stock market. The performances of Machine learning (ML) models are typically superior to those of statistical and econometric models. The ability of Gaussian Naïve Bayes ML algorithm to predict stock price movement has not been addressed properly in the existing literature, hence this work attempt to fill that gap by evaluating the performance of GNB algorithm when combined with different feature scaling and feature extraction techniques in stock price movement prediction. The performance of the GNB models set up were ranked using the Kendall’s test of concordance for the various evaluation metrics used. The results indicated that, the predictive model based on integration of GNB algorithm and Linear Discriminant Analysis (GNB_LDA) outperformed all the other models of GNB considered in three of the four evaluation metrics (i.e., accuracy, F1-score, and AUC). Similarly, the predictive model based on integration of GNB algorithm, Min-Max scaling, and PCA produced the best rank using the specificity results. In addition, GNB produced better performance with Min-Max scaling technique than it does with standardization scaling techniques",0,the stock market is one of the key sectors of a country’s economy it provides investors with an opportunity to invest and gain returns on their investment predicting the stock market is a very challenging task and has attracted serious interest from researchers from many fields such as statistics artificial intelligence economics and finance an accurate prediction of the stock market reduces investment risk in the market different approaches have been used to predict the stock market the performances of machine learning ml models are typically superior to those of statistical and econometric models the ability of gaussian naïve bayes ml algorithm to predict stock price movement has not been addressed properly in the existing literature hence this work attempt to fill that gap by evaluating the performance of gnb algorithm when combined with different feature scaling and feature extraction techniques in stock price movement prediction the performance of the gnb models set up were ranked using the kendall’s test of concordance for the various evaluation metrics used the results indicated that the predictive model based on integration of gnb algorithm and linear discriminant analysis gnblda outperformed all the other models of gnb considered in three of the four evaluation metrics ie accuracy f score and auc similarly the predictive model based on integration of gnb algorithm minmax scaling and pca produced the best rank using the specificity results in addition gnb produced better performance with minmax scaling technique than it does with standardization scaling techniques
10.17148/ijarcce.2019.8107,"The stock market has always been a promising avenue for lucrative investing, but most of the profit making depends on the analysis of the current and past market scenario followed by subsequent predictive actions. The currently overblown market economy has given rise to numerous variables which need to be considered before making a beneficial transaction in the stock market. Manually analysing all these variables and affecting factors is too cumbersome and error prone. Therefore, a Machine Learning approach is best suited for analysis of such a seemingly chaotic system. In this project we are using Machine learning, which give a prediction of various aspects of a particular stock or an index, such as future values of the opening price, closing price, index value etc. This will help investors and traders make better and faster decisions.",0,the stock market has always been a promising avenue for lucrative investing but most of the profit making depends on the analysis of the current and past market scenario followed by subsequent predictive actions the currently overblown market economy has given rise to numerous variables which need to be considered before making a beneficial transaction in the stock market manually analysing all these variables and affecting factors is too cumbersome and error prone therefore a machine learning approach is best suited for analysis of such a seemingly chaotic system in this project we are using machine learning which give a prediction of various aspects of a particular stock or an index such as future values of the opening price closing price index value etc this will help investors and traders make better and faster decisions
10.1111/joes.12102,"Abstract ‘A blindfolded chimpanzee throwing darts at The Wall Street Journal could select a portfolio that would do as well as the (stock market) experts’ [Malkiel (2003) The efficient market hypothesis and its critics. Journal of Economic Perspectives 17(1): 59–82)]. However, what if this chimpanzee could browse the Internet before throwing any darts? In this paper, we ask whether online news has any influence on the financial market, and we also investigate how much influence it has. We explore the burgeoning literature on the predictability of financial movements using online information and report its mixed findings. In addition, we collate the efforts of various disciplines, including economics, text mining, sentiment analysis and machine learning, and we offer suggestions for future research.",0,abstract ‘a blindfolded chimpanzee throwing darts at the wall street journal could select a portfolio that would do as well as the stock market experts’ malkiel the efficient market hypothesis and its critics journal of economic perspectives – however what if this chimpanzee could browse the internet before throwing any darts in this paper we ask whether online news has any influence on the financial market and we also investigate how much influence it has we explore the burgeoning literature on the predictability of financial movements using online information and report its mixed findings in addition we collate the efforts of various disciplines including economics text mining sentiment analysis and machine learning and we offer suggestions for future research
10.1109/icdmw.2018.00195,"The price of the stocks is an important indicator for a company and many factors can affect their values. Different events may affect public sentiments and emotions differently, which may have an effect on the trend of stock market prices. Because of dependency on various factors, the stock prices are not static, but are instead dynamic, highly noisy and nonlinear time series data. Due to its great learning capability for solving the nonlinear time series prediction problems, machine learning has been applied to this research area. Learning-based methods for stock price prediction are very popular and a lot of enhanced strategies have been used to improve the performance of the learning based predictors. However, performing successful stock market prediction is still a challenge. News articles and social media data are also very useful and important in financial prediction, but currently no good method exists that can take these social media into consideration to provide better analysis of the financial market. This paper aims to successfully predict stock price through analyzing the relationship between the stock price and the news sentiments. A novel enhanced learning-based method for stock price prediction is proposed that considers the effect of news sentiments. Compared with existing learning-based methods, the effectiveness of this new enhanced learning-based method is demonstrated by using the real stock price data set with an improvement of performance in terms of reducing the Mean Square Error (MSE). The research work and findings of this paper not only demonstrate the merits of the proposed method, but also points out the correct direction for future work in this area.",0,the price of the stocks is an important indicator for a company and many factors can affect their values different events may affect public sentiments and emotions differently which may have an effect on the trend of stock market prices because of dependency on various factors the stock prices are not static but are instead dynamic highly noisy and nonlinear time series data due to its great learning capability for solving the nonlinear time series prediction problems machine learning has been applied to this research area learningbased methods for stock price prediction are very popular and a lot of enhanced strategies have been used to improve the performance of the learning based predictors however performing successful stock market prediction is still a challenge news articles and social media data are also very useful and important in financial prediction but currently no good method exists that can take these social media into consideration to provide better analysis of the financial market this paper aims to successfully predict stock price through analyzing the relationship between the stock price and the news sentiments a novel enhanced learningbased method for stock price prediction is proposed that considers the effect of news sentiments compared with existing learningbased methods the effectiveness of this new enhanced learningbased method is demonstrated by using the real stock price data set with an improvement of performance in terms of reducing the mean square error mse the research work and findings of this paper not only demonstrate the merits of the proposed method but also points out the correct direction for future work in this area
10.1109/ijcnn.2014.6889969,"This paper improves stock market prediction based on genetic algorithms (GA) and wavelet neural networks (WNN) and reports significantly better accuracies compared to existing approaches to stock market prediction, including the hierarchical GA (HGA) WNN. Specifically, we added information such as trading volume as inputs and we used the Morlet wavelet function instead of Morlet-Gaussian wavelet function in our prediction model. We also employed a smaller number of hidden nodes in WNN compared to other research work. The prediction system is tested using Shenzhen Composite Index data.",0,this paper improves stock market prediction based on genetic algorithms ga and wavelet neural networks wnn and reports significantly better accuracies compared to existing approaches to stock market prediction including the hierarchical ga hga wnn specifically we added information such as trading volume as inputs and we used the morlet wavelet function instead of morletgaussian wavelet function in our prediction model we also employed a smaller number of hidden nodes in wnn compared to other research work the prediction system is tested using shenzhen composite index data
10.1109/comitcon.2019.8862265,"Stock Market trend prediction will always remain a challenging task due to stochastic nature. The enormous amount of data generated by the news, blogs, reviews, financial reports and social media are considered a treasure of knowledge for researchers and investors. The present work focuses to observe fluctuations in stock prices with respect to the relevant news articles of a company. In this paper, a daily prediction model is proposed using historical data and news articles to predict the Indian stock market movements. Classifier Naïve Bayes is used to categorize the news text having negative or positive sentiment. The count of the positive and negative sentiment of news articles for each day and variance of adjacent days close price along with historical data is used for prediction purpose and an accuracy ranging from 65.30 to 91.2 % achieved with various machine learning techniques.",0,stock market trend prediction will always remain a challenging task due to stochastic nature the enormous amount of data generated by the news blogs reviews financial reports and social media are considered a treasure of knowledge for researchers and investors the present work focuses to observe fluctuations in stock prices with respect to the relevant news articles of a company in this paper a daily prediction model is proposed using historical data and news articles to predict the indian stock market movements classifier naïve bayes is used to categorize the news text having negative or positive sentiment the count of the positive and negative sentiment of news articles for each day and variance of adjacent days close price along with historical data is used for prediction purpose and an accuracy ranging from to achieved with various machine learning techniques
10.1109/iss1.2017.8389253,"Stock market prediction has been an area of interest for investors as well as researchers for many years due to its volatile, complex and regularly changing in nature, making it difficult to make reliable predictions This paper proposes an approach towards prediction of stock market trends using machine learning models like Random Forest model and Support Vector Machine. The Random Forest model is an ensemble learning method that has been an exceedingly successful model for classification and regression. Support vector machine is a machine learning model for classification. However, this model is mostly used for classification. These techniques are used to forecast whether the price of a stock in the future will be higher than its price on a given day, based on historical data while providing an in-depth understanding of the models being used.",0,stock market prediction has been an area of interest for investors as well as researchers for many years due to its volatile complex and regularly changing in nature making it difficult to make reliable predictions this paper proposes an approach towards prediction of stock market trends using machine learning models like random forest model and support vector machine the random forest model is an ensemble learning method that has been an exceedingly successful model for classification and regression support vector machine is a machine learning model for classification however this model is mostly used for classification these techniques are used to forecast whether the price of a stock in the future will be higher than its price on a given day based on historical data while providing an indepth understanding of the models being used
10.1109/tcss.2022.3182375,"Financial news disclosures provide valuable information for traders and investors while making stock market investment decisions. Essential but challenging, the stock market prediction problem has attracted significant attention from both researchers and practitioners. Conventional machine learning models often fail to interpret the content of financial news due to the complexity and ambiguity of natural language used in the news. Inspired by the success of recurrent neural networks (RNNs) in sequential data processing, we propose an ensemble RNN approach (long short-term memory, gated recurrent unit, and SimpleRNN) to predict stock market movements. To avoid extracting tens of thousands of features using traditional natural language processing methods, we apply sentiment analysis and the sliding window method to extract only the most representative features. Our experimental results confirm the effectiveness of these two methods for feature extraction and show that the proposed ensemble approach is able to outperform other models under comparison.",0,financial news disclosures provide valuable information for traders and investors while making stock market investment decisions essential but challenging the stock market prediction problem has attracted significant attention from both researchers and practitioners conventional machine learning models often fail to interpret the content of financial news due to the complexity and ambiguity of natural language used in the news inspired by the success of recurrent neural networks rnns in sequential data processing we propose an ensemble rnn approach long shortterm memory gated recurrent unit and simplernn to predict stock market movements to avoid extracting tens of thousands of features using traditional natural language processing methods we apply sentiment analysis and the sliding window method to extract only the most representative features our experimental results confirm the effectiveness of these two methods for feature extraction and show that the proposed ensemble approach is able to outperform other models under comparison
10.1109/iciiecs.2015.7192906,"Nowadays stock market is the one of the major sources of raising resources for India and is act as a key driver for economic growth of a country. The stock market forecasting is a very difficult and highly complicated task because it is affected by many factors such as economic conditions, investor's sentiments and political events etc. The stock market series are generally dynamic, nonparametric, noisy and chaotic by nature. Although many soft computing techniques have been widely used, Support Vector Machine (SVM) has gained its popularity and it has outperformed Artificial Neural Network (ANN) also. Even though SVM is novel and performs best in many applications, the practicality of SVM is impacted due to the problems of choosing suitable parameters of SVM (C, σ and ε). The Cuckoo Search (CS) is based on the Swarm Intelligence optimization technique and is very simple to tune the parameters of SVM. The proposed hybrid CS-SVM technique has been proven to be able to generate better results when compared to ANN and SVM in the prediction of the stock price movement.",0,nowadays stock market is the one of the major sources of raising resources for india and is act as a key driver for economic growth of a country the stock market forecasting is a very difficult and highly complicated task because it is affected by many factors such as economic conditions investors sentiments and political events etc the stock market series are generally dynamic nonparametric noisy and chaotic by nature although many soft computing techniques have been widely used support vector machine svm has gained its popularity and it has outperformed artificial neural network ann also even though svm is novel and performs best in many applications the practicality of svm is impacted due to the problems of choosing suitable parameters of svm c σ and ε the cuckoo search cs is based on the swarm intelligence optimization technique and is very simple to tune the parameters of svm the proposed hybrid cssvm technique has been proven to be able to generate better results when compared to ann and svm in the prediction of the stock price movement
10.5121/ijsc.2012.3203,"Globalization has made the stock market prediction (SMP) accuracy more challenging and rewarding for the researchers and other participants in the stock market. Local and global economic situations along with the company's financial strength and prospects have to be taken into account to improve the prediction accuracy. Artificial Neural Networks (ANN) has been identified to be one of the dominant data mining techniques in stock market prediction area. In this paper, we survey different ANN models that have been experimented in SMP with the special enhancement techniques used with them to improve the accuracy. Also, we explore the possible research strategies in this accuracy driven ANN models.",0,globalization has made the stock market prediction smp accuracy more challenging and rewarding for the researchers and other participants in the stock market local and global economic situations along with the companys financial strength and prospects have to be taken into account to improve the prediction accuracy artificial neural networks ann has been identified to be one of the dominant data mining techniques in stock market prediction area in this paper we survey different ann models that have been experimented in smp with the special enhancement techniques used with them to improve the accuracy also we explore the possible research strategies in this accuracy driven ann models
10.35940/ijitee.c9733.0111322,"The paper focuses on predicting the Nifty 50 Index by using 8 Supervised Machine Learning Models. The techniques used for empirical study are Adaptive Boost (AdaBoost), k-Nearest Neighbors (kNN), Linear Regression (LR), Artificial Neural Network (ANN), Random Forest (RF), Stochastic Gradient Descent (SGD), Support Vector Machine (SVM) and Decision Trees (DT). Experiments are based on historical data of Nifty 50 Index of Indian Stock Market from 22nd April, 1996 to 16th April, 2021, which is time series data of around 25 years. During the period there were 6220 trading days excluding all the non trading days. The entire trading dataset was divided into 4 subsets of different size-25% of entire data, 50% of entire data, 75% of entire data and entire data. Each subset was further divided into 2 parts-training data and testing data. After applying 3 tests- Test on Training Data, Test on Testing Data and Cross Validation Test on each subset, the prediction performance of the used models were compared and after comparison, very interesting results were found. The evaluation results indicate that Adaptive Boost, k- Nearest Neighbors, Random Forest and Decision Trees under performed with increase in the size of data set. Linear Regression and Artificial Neural Network shown almost similar prediction results among all the models but Artificial Neural Network took more time in training and validating the model. Thereafter Support Vector Machine performed better among rest of the models but with increase in the size of data set, Stochastic Gradient Descent performed better than Support Vector Machine.",0,the paper focuses on predicting the nifty index by using supervised machine learning models the techniques used for empirical study are adaptive boost adaboost knearest neighbors knn linear regression lr artificial neural network ann random forest rf stochastic gradient descent sgd support vector machine svm and decision trees dt experiments are based on historical data of nifty index of indian stock market from nd april to th april which is time series data of around years during the period there were trading days excluding all the non trading days the entire trading dataset was divided into subsets of different size of entire data of entire data of entire data and entire data each subset was further divided into partstraining data and testing data after applying tests test on training data test on testing data and cross validation test on each subset the prediction performance of the used models were compared and after comparison very interesting results were found the evaluation results indicate that adaptive boost k nearest neighbors random forest and decision trees under performed with increase in the size of data set linear regression and artificial neural network shown almost similar prediction results among all the models but artificial neural network took more time in training and validating the model thereafter support vector machine performed better among rest of the models but with increase in the size of data set stochastic gradient descent performed better than support vector machine
10.48550/arxiv.2212.12717,"Existing surveys on stock market prediction often focus on traditional machine learning methods instead of deep learning methods. This motivates us to provide a structured and comprehensive overview of the research on stock market prediction. We present four elaborated subtasks of stock market prediction and propose a novel taxonomy to summarize the state-of-the-art models based on deep neural networks. In addition, we also provide detailed statistics on the datasets and evaluation metrics commonly used in the stock market. Finally, we point out several future directions by sharing some new perspectives on stock market prediction.",0,existing surveys on stock market prediction often focus on traditional machine learning methods instead of deep learning methods this motivates us to provide a structured and comprehensive overview of the research on stock market prediction we present four elaborated subtasks of stock market prediction and propose a novel taxonomy to summarize the stateoftheart models based on deep neural networks in addition we also provide detailed statistics on the datasets and evaluation metrics commonly used in the stock market finally we point out several future directions by sharing some new perspectives on stock market prediction
10.1109/itaic.2014.7065011,"Stock market is the most popular investment scheme promising high returns albeit some risks. An intelligent stock prediction model would thus be desirable. So, this paper aims at surveying recent literature in the area of Neural Network, Hidden Markov Model and Support Vector Machine used to predict the stock market fluctuation. Neural networks and SVM are identified to be the leading machine learning techniques in stock market prediction area. Also, a model for predicting stock market using HMM is presented. Traditional techniques lack in covering stock price fluctuations and so new approaches have been developed for analysis of stock price variations. Markov Model is one such recent approach promising better results. In this paper a predicting method using Hidden Markov Model is proposed to provide better accuracy and a comparison of the existing techniques is also done.",0,stock market is the most popular investment scheme promising high returns albeit some risks an intelligent stock prediction model would thus be desirable so this paper aims at surveying recent literature in the area of neural network hidden markov model and support vector machine used to predict the stock market fluctuation neural networks and svm are identified to be the leading machine learning techniques in stock market prediction area also a model for predicting stock market using hmm is presented traditional techniques lack in covering stock price fluctuations and so new approaches have been developed for analysis of stock price variations markov model is one such recent approach promising better results in this paper a predicting method using hidden markov model is proposed to provide better accuracy and a comparison of the existing techniques is also done
10.1142/s0218001402001861,"In this paper, a hybrid approach to stock market forecasting is presented. It entails utilizing a mixture of hybrid experts, each expert embedding a genetic classifier coupled with an artificial neural network. Information retrieved from technical analysis is supplied as input to genetic classifiers, while past stock market prices — together with other relevant data — are used as input to neural networks. In this way it is possible to implement a strategy that resembles the one used by human experts. In particular, genetic classifiers based on technical-analysis domain knowledge are used to identify quasi-stationary regimes within the financial data series, whereas neural networks are designed to perform context-dependent predictions. For this purpose, a novel kind of feedforward artificial neural network has been defined whereby effective stock market predictors can be implemented without the need for complex recurrent neural architectures. Experiments were performed on a major Italian stock market index, also taking into account trading commissions. The results point to the good forecasting capability of the proposed approach, which allowed outperforming the well known buy-and-hold strategy, as well as predictions obtained using recurrent neural networks.",0,in this paper a hybrid approach to stock market forecasting is presented it entails utilizing a mixture of hybrid experts each expert embedding a genetic classifier coupled with an artificial neural network information retrieved from technical analysis is supplied as input to genetic classifiers while past stock market prices — together with other relevant data — are used as input to neural networks in this way it is possible to implement a strategy that resembles the one used by human experts in particular genetic classifiers based on technicalanalysis domain knowledge are used to identify quasistationary regimes within the financial data series whereas neural networks are designed to perform contextdependent predictions for this purpose a novel kind of feedforward artificial neural network has been defined whereby effective stock market predictors can be implemented without the need for complex recurrent neural architectures experiments were performed on a major italian stock market index also taking into account trading commissions the results point to the good forecasting capability of the proposed approach which allowed outperforming the well known buyandhold strategy as well as predictions obtained using recurrent neural networks
10.1109/access.2023.3318478,"Stock market prediction (SMP) is a challenging task due to its uncertainty, nonlinearity, and volatility. Machine learning models, such as artificial neural networks (ANNs) and support vector regression (SVR), have been widely used for stock market prediction and achieved high performance in the sense of ""minimum errors."" In the context of SMP, however, it is more meaningful to measure the performance using ""minimum cost."" For example, a false positive error (FPE) could result in a big trading loss, while a false negative error (FNE) might just miss a chance. For a ""cautious"" investor, fewer FPEs are preferable. In fact, cost-sensitive learning has been used in areas such as fraud detection and medical diagnosis. In our earlier study, we proposed a false-sensitive method called focal-loss LightBGM (FL-LightGBM) for SMP by introducing a cost-aware loss in LightGBM, which is known to be a fast and efficient gradient-boosting learning algorithm for solving large-scale problems. FL-LightBGM, however, still assumes that all false negative errors (or false positive errors) contribute equally to the final cost. Such learned trading strategies might be useful only for an investor who is always ""aggressive"" or ""cautious."" In practice, some errors may result in irreversible loss, so it is important to measure the cost based on ""data"" rather than the investor’s character. In this paper, we propose a new method called cost-harmonization loss-based LightGBM (CHL-LightGBM), in which the cost for each datum can be calculated dynamically based on the difficulty of the datum. To verify the effectiveness of CHL-LightGBM, comparisons have been made among LightGBM, XGBoost, decision trees, FL-LightGBM, and CHL-LightGBM for stock predictions on data from Shanghai, Hong Kong, and NASDAQ Stock Exchanges. The simulation results show that although there is no significant difference between CHL-LightGBM and other models on the accuracy and winning rate, CHL-LightGBM obtained the highest annual return on all the test data.",0,stock market prediction smp is a challenging task due to its uncertainty nonlinearity and volatility machine learning models such as artificial neural networks anns and support vector regression svr have been widely used for stock market prediction and achieved high performance in the sense of minimum errors in the context of smp however it is more meaningful to measure the performance using minimum cost for example a false positive error fpe could result in a big trading loss while a false negative error fne might just miss a chance for a cautious investor fewer fpes are preferable in fact costsensitive learning has been used in areas such as fraud detection and medical diagnosis in our earlier study we proposed a falsesensitive method called focalloss lightbgm fllightgbm for smp by introducing a costaware loss in lightgbm which is known to be a fast and efficient gradientboosting learning algorithm for solving largescale problems fllightbgm however still assumes that all false negative errors or false positive errors contribute equally to the final cost such learned trading strategies might be useful only for an investor who is always aggressive or cautious in practice some errors may result in irreversible loss so it is important to measure the cost based on data rather than the investor’s character in this paper we propose a new method called costharmonization lossbased lightgbm chllightgbm in which the cost for each datum can be calculated dynamically based on the difficulty of the datum to verify the effectiveness of chllightgbm comparisons have been made among lightgbm xgboost decision trees fllightgbm and chllightgbm for stock predictions on data from shanghai hong kong and nasdaq stock exchanges the simulation results show that although there is no significant difference between chllightgbm and other models on the accuracy and winning rate chllightgbm obtained the highest annual return on all the test data
10.1109/csde50874.2020.9411609,"Stock price prediction is one of the most extensively studied and challenging glitches, which is acting so many academicians and industries experts from many fields comprising of economics, and business, arithmetic, and computational science. Predicting the stock market is not a simple task, mainly as a magnitude of the close to random-walk behavior of a stock time series. Millions of people across the globe are investing in stock market daily. A good stock price prediction model will help investors, management and decision makers in making correct and effective decisions. In this paper, we review studies on supervised machine learning models in stock market predictions. The study discussed how supervised machine learning techniques are applied to improve accuracy of stock market predictions. Support Vector Machine (SVM) was found to be the most frequently used technique for stock price prediction due to its good performance and accuracy. Other techniques like Artificial Neural Network (ANN), K-Nearest Neighbor (KNN), Naïve Bayes, Random Forest, Linear Regression and Support Vector Regression (SVR) also showed a promising prediction result.",0,stock price prediction is one of the most extensively studied and challenging glitches which is acting so many academicians and industries experts from many fields comprising of economics and business arithmetic and computational science predicting the stock market is not a simple task mainly as a magnitude of the close to randomwalk behavior of a stock time series millions of people across the globe are investing in stock market daily a good stock price prediction model will help investors management and decision makers in making correct and effective decisions in this paper we review studies on supervised machine learning models in stock market predictions the study discussed how supervised machine learning techniques are applied to improve accuracy of stock market predictions support vector machine svm was found to be the most frequently used technique for stock price prediction due to its good performance and accuracy other techniques like artificial neural network ann knearest neighbor knn naïve bayes random forest linear regression and support vector regression svr also showed a promising prediction result
10.1109/rmkmate59243.2023.10369559,"The use of deep learning to forecast stock market prices as well as trends has become increasingly common in the age of big data. Among the most complex challenges in machine learning is the prediction of share values, a task that is intricately tied to a multitude of influencing factors affecting supply and demand dynamics. This study introduces innovative hybrid methodologies for forecasting both stock market indices and stock prices. The initial approach involves the utilization of a Long Short-Term Memory (LSTM) Network. To enhance its predictive capabilities, the training process employs the backpropagation algorithm. Subsequently, the study incorporates an Autoregressive Integrated Moving Average (ARIMA) Model. This model not only unveils fundamental insights into prediction trends but also provides visual representations of projected outcomes. With an average prediction accuracy of 97.66%, the ARIMA model yields satisfactory results. However, it's worth noting that achieving this high accuracy demands the utilization of substantial training data and a considerable number of training epochs. To amplify predictive performance, the entire dataset is systematically divided into 15 distinct segments. Each segment is individually fed into the LSTM model, resulting in the attainment of maximum accuracy for each respective segment. This segmentation strategy has a profound impact on both the model's training time and prediction accuracy, underscoring the critical role of input volume in model performance.",0,the use of deep learning to forecast stock market prices as well as trends has become increasingly common in the age of big data among the most complex challenges in machine learning is the prediction of share values a task that is intricately tied to a multitude of influencing factors affecting supply and demand dynamics this study introduces innovative hybrid methodologies for forecasting both stock market indices and stock prices the initial approach involves the utilization of a long shortterm memory lstm network to enhance its predictive capabilities the training process employs the backpropagation algorithm subsequently the study incorporates an autoregressive integrated moving average arima model this model not only unveils fundamental insights into prediction trends but also provides visual representations of projected outcomes with an average prediction accuracy of the arima model yields satisfactory results however its worth noting that achieving this high accuracy demands the utilization of substantial training data and a considerable number of training epochs to amplify predictive performance the entire dataset is systematically divided into distinct segments each segment is individually fed into the lstm model resulting in the attainment of maximum accuracy for each respective segment this segmentation strategy has a profound impact on both the models training time and prediction accuracy underscoring the critical role of input volume in model performance
10.1109/isc2.2017.8090834,"Stock market prediction has attracted a lot of attention from both business and academia. In this paper, we implement a model based on Recurrent Neural Networks (RNN) with Gated Recurrent Units (GRU) to predict the stock volatility in the Chinese stock market. We also propose many price related features which are used as inputs for our model. Apart from that, we carefully select official accounts from Chinese largest online social networks - Sina Weibo and extract the content posted by these accounts to analyze the public moods. An influence feature is derived based on the public moods to further improve the prediction model. The experimental results show that our model outperforms the baseline method and can achieve a good prediction performance.",0,stock market prediction has attracted a lot of attention from both business and academia in this paper we implement a model based on recurrent neural networks rnn with gated recurrent units gru to predict the stock volatility in the chinese stock market we also propose many price related features which are used as inputs for our model apart from that we carefully select official accounts from chinese largest online social networks sina weibo and extract the content posted by these accounts to analyze the public moods an influence feature is derived based on the public moods to further improve the prediction model the experimental results show that our model outperforms the baseline method and can achieve a good prediction performance
10.1109/wi-iat.2014.91,"When the stock market has become more and more competitive, the stock market prediction has been a hot research topic. Traditional methods are based on historical stock data, which ignore the latest market information. Later although financial news is proposed to access market information, there are some disadvantages for news to predict the stock market. Recently when the micro-blogging service has grown to a popular social media and provides a number of real-time messages for a lot of users, social media is proposed for the stock market prediction. In that case, the high-dimension of textual feature poses a main challenge. In this study, we propose a novel kind of model, Factorization Machine (FM), to predict the trend of stock market. FM not only alleviates the impact of high dimensionality, but also captures some aspects of basic linguistics. Experiments on real-world data show that FM can achieve 81% accuracy and get significantly more profit than state-of-the-art models. In addition, we shed light on how textual representation influences the prediction and find that FM is stable, which is applicable to other social media or prediction application generally.",0,when the stock market has become more and more competitive the stock market prediction has been a hot research topic traditional methods are based on historical stock data which ignore the latest market information later although financial news is proposed to access market information there are some disadvantages for news to predict the stock market recently when the microblogging service has grown to a popular social media and provides a number of realtime messages for a lot of users social media is proposed for the stock market prediction in that case the highdimension of textual feature poses a main challenge in this study we propose a novel kind of model factorization machine fm to predict the trend of stock market fm not only alleviates the impact of high dimensionality but also captures some aspects of basic linguistics experiments on realworld data show that fm can achieve accuracy and get significantly more profit than stateoftheart models in addition we shed light on how textual representation influences the prediction and find that fm is stable which is applicable to other social media or prediction application generally
10.48550/arxiv.1909.10660,"Recently, there has been a surge of interest in the use of machine learning\nto help aid in the accurate predictions of financial markets. Despite the\nexciting advances in this cross-section of finance and AI, many of the current\napproaches are limited to using technical analysis to capture historical trends\nof each stock price and thus limited to certain experimental setups to obtain\ngood prediction results. On the other hand, professional investors additionally\nuse their rich knowledge of inter-market and inter-company relations to map the\nconnectivity of companies and events, and use this map to make better market\npredictions. For instance, they would predict the movement of a certain\ncompany's stock price based not only on its former stock price trends but also\non the performance of its suppliers or customers, the overall industry,\nmacroeconomic factors and trade policies. This paper investigates the\neffectiveness of work at the intersection of market predictions and graph\nneural networks, which hold the potential to mimic the ways in which investors\nmake decisions by incorporating company knowledge graphs directly into the\npredictive model. The main goal of this work is to test the validity of this\napproach across different markets and longer time horizons for backtesting\nusing rolling window analysis. In this work, we concentrate on the prediction\nof individual stock prices in the Japanese Nikkei 225 market over a period of\nroughly 20 years. For the knowledge graph, we use the Nikkei Value Search data,\nwhich is a rich dataset showing mainly supplier relations among Japanese and\nforeign companies. Our preliminary results show a 29.5% increase and a 2.2-fold\nincrease in the return ratio and Sharpe ratio, respectively, when compared to\nthe market benchmark, as well as a 6.32% increase and 1.3-fold increase,\nrespectively, compared to the baseline LSTM model.\n",0,recently there has been a surge of interest in the use of machine learningnto help aid in the accurate predictions of financial markets despite thenexciting advances in this crosssection of finance and ai many of the currentnapproaches are limited to using technical analysis to capture historical trendsnof each stock price and thus limited to certain experimental setups to obtainngood prediction results on the other hand professional investors additionallynuse their rich knowledge of intermarket and intercompany relations to map thenconnectivity of companies and events and use this map to make better marketnpredictions for instance they would predict the movement of a certainncompanys stock price based not only on its former stock price trends but alsonon the performance of its suppliers or customers the overall industrynmacroeconomic factors and trade policies this paper investigates theneffectiveness of work at the intersection of market predictions and graphnneural networks which hold the potential to mimic the ways in which investorsnmake decisions by incorporating company knowledge graphs directly into thenpredictive model the main goal of this work is to test the validity of thisnapproach across different markets and longer time horizons for backtestingnusing rolling window analysis in this work we concentrate on the predictionnof individual stock prices in the japanese nikkei market over a period ofnroughly years for the knowledge graph we use the nikkei value search datanwhich is a rich dataset showing mainly supplier relations among japanese andnforeign companies our preliminary results show a increase and a foldnincrease in the return ratio and sharpe ratio respectively when compared tonthe market benchmark as well as a increase and fold increasenrespectively compared to the baseline lstm modeln
10.1016/j.eswax.2019.100016,"Forecasting future trends of the stock market using the historical data is the exigent demand in the field of academia as well as business. This work has explored the feature optimization capacity of firefly with an evolutionary framework considering the biochemical and social aspects of Firefly algorithm, along with the selection procedure of objective value in evolutionary notion. The performance of the proposed model is evaluated using four different stock market datasets, such as BSE Sensex, NSE Sensex, S&P 500 index and FTSE index. The datasets are regenerated using the proper mathematical formulation of the fundamental part belonging to technical analysis, such as technical indicators and statistical measures. The feature reduction through transformation is carried out on the enhanced dataset before employing the experimented dataset to the prediction models such as Extreme Learning Machine (ELM), Online Sequential Extreme Learning Machine (OSELM) and Recurrent Back Propagation Neural Network (RBPNN). For feature reduction, both statistical and optimized based feature reduction strategies are considered, where Principal Component Analysis (PCA) and Factor Analysis (FA) are examined for statistical based feature reduction and Firefly Optimization (FO), Genetic Algorithm (GA) and Firefly algorithm with evolutionary framework are well thought out for optimized feature reduction techniques. An empirical comparison is established among the experimented prediction models considering all the feature reduction techniques for the time horizon of 1 day, 3 days, 5 days, 7 days, 5 days and 30 days in advance, applying on all the datasets used in this study. From the simulation result, it can be clearly figured out that firefly with evolutionary framework optimized feature reduction applying to OSELM prediction model outperformed over the rest experimented models.",0,forecasting future trends of the stock market using the historical data is the exigent demand in the field of academia as well as business this work has explored the feature optimization capacity of firefly with an evolutionary framework considering the biochemical and social aspects of firefly algorithm along with the selection procedure of objective value in evolutionary notion the performance of the proposed model is evaluated using four different stock market datasets such as bse sensex nse sensex sp index and ftse index the datasets are regenerated using the proper mathematical formulation of the fundamental part belonging to technical analysis such as technical indicators and statistical measures the feature reduction through transformation is carried out on the enhanced dataset before employing the experimented dataset to the prediction models such as extreme learning machine elm online sequential extreme learning machine oselm and recurrent back propagation neural network rbpnn for feature reduction both statistical and optimized based feature reduction strategies are considered where principal component analysis pca and factor analysis fa are examined for statistical based feature reduction and firefly optimization fo genetic algorithm ga and firefly algorithm with evolutionary framework are well thought out for optimized feature reduction techniques an empirical comparison is established among the experimented prediction models considering all the feature reduction techniques for the time horizon of day days days days days and days in advance applying on all the datasets used in this study from the simulation result it can be clearly figured out that firefly with evolutionary framework optimized feature reduction applying to oselm prediction model outperformed over the rest experimented models
10.1109/his.2009.248,"Aiming at the complexity of interior and variety of exterior structure of stock price system, this paper analyzes principles of stock prediction based on BP neural network, provides prediction model for stock market by utilizing three-layered feed forward neural networks, presents topology of network, principles of determining the number of hidden layers, selection and pretreatment of sample data and determination of preliminary parameters. In order to avoid local extremum and promote convergence speed, Levenberg-Marquardt BP algorithm has been adopted. Simulation experiment based on representative index from Shanghai stock exchange market, through training on selecting samples and prediction model, indicates that this algorithm can make efficient short-term prediction.",0,aiming at the complexity of interior and variety of exterior structure of stock price system this paper analyzes principles of stock prediction based on bp neural network provides prediction model for stock market by utilizing threelayered feed forward neural networks presents topology of network principles of determining the number of hidden layers selection and pretreatment of sample data and determination of preliminary parameters in order to avoid local extremum and promote convergence speed levenbergmarquardt bp algorithm has been adopted simulation experiment based on representative index from shanghai stock exchange market through training on selecting samples and prediction model indicates that this algorithm can make efficient shortterm prediction
10.5120/17399-7959,"This paper presents computational approach for stock market prediction. Artificial Neural Network (ANN) forms a useful tool in predicting price movement of a particular stock. In the short term, the pricing relationship between the elements of a sector holds firmly. An ANN can learn this pricing relationship to high degree of accuracy and be deployed to generate profits with sufficiently large amounts of data, preferably in times of low volatility and over a short time period. Experimental results are presented to demonstrate the performance of the proposed system. The paper also aims to suggest about training algorithms and training parameters that must be chosen in order to fit time series kind of complicated data to a neural network model. The proposed model succeeded in prediction of the trends of stock market with 100% prediction accuracy.",0,this paper presents computational approach for stock market prediction artificial neural network ann forms a useful tool in predicting price movement of a particular stock in the short term the pricing relationship between the elements of a sector holds firmly an ann can learn this pricing relationship to high degree of accuracy and be deployed to generate profits with sufficiently large amounts of data preferably in times of low volatility and over a short time period experimental results are presented to demonstrate the performance of the proposed system the paper also aims to suggest about training algorithms and training parameters that must be chosen in order to fit time series kind of complicated data to a neural network model the proposed model succeeded in prediction of the trends of stock market with prediction accuracy
10.1109/access.2024.3399548,"In an era dominated by digital communication, the vast amounts of data generated from social media and financial markets present unique opportunities and challenges for forecasting stock market prices. This paper proposes an innovative approach that harnesses the power of social media sentiment analysis combined with stock market data to predict stock prices, directly addressing the critical challenges in this domain. A major challenge in sentiment analysis is the uneven distribution of data across different sentiment categories. Traditional models struggle to accurately identify fewer common sentiments (minority class) due to the overwhelming presence of more common sentiments (majority class). To tackle this, we introduce the Off-policy Proximal Policy Optimization (PPO) algorithm, specifically designed to handle class imbalance by adjusting the reward mechanism in the training phase, thus favoring the correct classification of minority class instances. Another challenge is effectively integrating the temporal dynamics of stock prices with sentiment analysis results. Our solution is implementing a Transductive Long Short-Term Memory (TLSTM) model that incorporates sentiment analysis findings with historical stock data. This model excels at recognizing temporal patterns and gives precedence to data points that are temporally closer to the prediction point, enhancing the prediction accuracy. Ablation studies confirm the effectiveness of the Off-policy PPO and TLSTM components on the overall model performance. The proposed approach advances the field of financial analytics by providing a more nuanced understanding of market dynamics but also offers actionable insights for investors and policymakers seeking to navigate the complexities of the stock market with greater precision and confidence.",0,in an era dominated by digital communication the vast amounts of data generated from social media and financial markets present unique opportunities and challenges for forecasting stock market prices this paper proposes an innovative approach that harnesses the power of social media sentiment analysis combined with stock market data to predict stock prices directly addressing the critical challenges in this domain a major challenge in sentiment analysis is the uneven distribution of data across different sentiment categories traditional models struggle to accurately identify fewer common sentiments minority class due to the overwhelming presence of more common sentiments majority class to tackle this we introduce the offpolicy proximal policy optimization ppo algorithm specifically designed to handle class imbalance by adjusting the reward mechanism in the training phase thus favoring the correct classification of minority class instances another challenge is effectively integrating the temporal dynamics of stock prices with sentiment analysis results our solution is implementing a transductive long shortterm memory tlstm model that incorporates sentiment analysis findings with historical stock data this model excels at recognizing temporal patterns and gives precedence to data points that are temporally closer to the prediction point enhancing the prediction accuracy ablation studies confirm the effectiveness of the offpolicy ppo and tlstm components on the overall model performance the proposed approach advances the field of financial analytics by providing a more nuanced understanding of market dynamics but also offers actionable insights for investors and policymakers seeking to navigate the complexities of the stock market with greater precision and confidence
10.1109/icscet.2018.8537242,"Machine learning and artificial intelligence techniques are being used in conjunction with data mining to solve a plethora of real world problems. These techniques have proven to be highly effective, yielding maximum accuracy with minimal monetary investment and also saving huge amounts of time. To add to their annual income, nowadays, people have started looking at stock investments as a lucrative option. With expert guidance and intelligent planning, we can almost double our annual revenue through stock returns. That said, stock investment still remains a risky proposition for the uninitiated. Exorbitant wages of the investment experts coupled with a general ignorance pertaining to the financial matters among the public, deters many from trading in stocks. The fear of losses also acts as a deterrent to many. These facts propelled us to harness the power of machine learning to predict the movement of stocks. Using sentiment analysis on the tweets collected using the Twitter API and also the closing values of various stocks, we seek to build a system that forecasts the stock price movement of various companies. Such a prediction would greatly help a potential stock investor in taking informed decisions which would directly contribute to his profits.",0,machine learning and artificial intelligence techniques are being used in conjunction with data mining to solve a plethora of real world problems these techniques have proven to be highly effective yielding maximum accuracy with minimal monetary investment and also saving huge amounts of time to add to their annual income nowadays people have started looking at stock investments as a lucrative option with expert guidance and intelligent planning we can almost double our annual revenue through stock returns that said stock investment still remains a risky proposition for the uninitiated exorbitant wages of the investment experts coupled with a general ignorance pertaining to the financial matters among the public deters many from trading in stocks the fear of losses also acts as a deterrent to many these facts propelled us to harness the power of machine learning to predict the movement of stocks using sentiment analysis on the tweets collected using the twitter api and also the closing values of various stocks we seek to build a system that forecasts the stock price movement of various companies such a prediction would greatly help a potential stock investor in taking informed decisions which would directly contribute to his profits
10.18034/ajtp.v4i3.521,"Different machine learning algorithms are discussed in this literature review. These algorithms can be used for predicting the stock market. The prediction of the stock market is one of the challenging tasks that must have to be handled. In this paper, it is discussed how the machine learning algorithms can be used for predicting the stock value. Different attributes are identified that can be used for training the algorithm for this purpose. Some of the other factors are also discussed that can have an effect on the stock value.",0,different machine learning algorithms are discussed in this literature review these algorithms can be used for predicting the stock market the prediction of the stock market is one of the challenging tasks that must have to be handled in this paper it is discussed how the machine learning algorithms can be used for predicting the stock value different attributes are identified that can be used for training the algorithm for this purpose some of the other factors are also discussed that can have an effect on the stock value
10.4018/ijssci.313593,"Prediction of stock prices is a challenging task owing to its volatile and constantly fluctuating nature. Stock price prediction has sparked the interest of various investors, data analysists, and researchers because of high returns on their investments. A sustainable framework for stock price prediction is proposed to quantify the factors affecting the stock price and impact of technology on the ever-changing business world. The proposed framework also helps to understand how technology can be used to predict the future price of stocks by using some historical dataset to produce desirable results using machine learning algorithms. The aim of this research paper is to learn about stock price prediction by using different machine learning algorithms and comparing their performance. The results reveal that Fb-prophet should be preferred for more precise prediction among different ML algorithms.",0,prediction of stock prices is a challenging task owing to its volatile and constantly fluctuating nature stock price prediction has sparked the interest of various investors data analysists and researchers because of high returns on their investments a sustainable framework for stock price prediction is proposed to quantify the factors affecting the stock price and impact of technology on the everchanging business world the proposed framework also helps to understand how technology can be used to predict the future price of stocks by using some historical dataset to produce desirable results using machine learning algorithms the aim of this research paper is to learn about stock price prediction by using different machine learning algorithms and comparing their performance the results reveal that fbprophet should be preferred for more precise prediction among different ml algorithms
10.1016/j.ssaho.2024.100864,"There are many systematic reviews on predicting stock. However, each reveals a different portion of the hybrid AI analysis and stock prediction puzzle. The principal objective of this research was to systematically review the existing systematic reviews on Artificial Intelligence (AI) models applied to stock market prediction to provide valuable inputs for the development of strategies in stock market investments. Keywords that would fall under the broad headings of AI and stock prediction were looked up in Scopus and Web of Science databases. We screened 69 titles and read 43 systematic reviews, including more than 379 studies, before retaining 10 for the final dataset. This work revealed that support vector machines (SVM), long short-term memory (LSTM), and artificial neural networks (ANN) are the most popular AI methods for stock market prediction. In addition, the time series of historical closing stock prices are the most commonly used data source, and accuracy is the most employed performance metric of the predictive models. We also identified several research gaps and directions for future studies. Specifically, we indicate that future research could benefit from exploring different data sources and combinations, while we also suggest comparing different AI methods and techniques, as each may have specific advantages and applicable scenarios. Lastly, we recommend better evaluating different prediction indicators and standards to reflect prediction models’ actual value and impact.",0,there are many systematic reviews on predicting stock however each reveals a different portion of the hybrid ai analysis and stock prediction puzzle the principal objective of this research was to systematically review the existing systematic reviews on artificial intelligence ai models applied to stock market prediction to provide valuable inputs for the development of strategies in stock market investments keywords that would fall under the broad headings of ai and stock prediction were looked up in scopus and web of science databases we screened titles and read systematic reviews including more than studies before retaining for the final dataset this work revealed that support vector machines svm long shortterm memory lstm and artificial neural networks ann are the most popular ai methods for stock market prediction in addition the time series of historical closing stock prices are the most commonly used data source and accuracy is the most employed performance metric of the predictive models we also identified several research gaps and directions for future studies specifically we indicate that future research could benefit from exploring different data sources and combinations while we also suggest comparing different ai methods and techniques as each may have specific advantages and applicable scenarios lastly we recommend better evaluating different prediction indicators and standards to reflect prediction models’ actual value and impact
10.1109/icccnt.2012.6396089,The use of Neural networks has found a variegated field of applications in the present world. This has led to the development of various models for financial markets and investment. This paper represents the idea how to predict share market price using Artificial Neural Network with a given input parameters of share market. Artificial Neural Network can remember data of any number of years and it can predict the feature based on the past data. This paper makes use feed forward architecture for prediction. The network was trained using one year data. It shows a good performance for market prediction. The network selected though was not able to predict exact value but it succeeded in prediction the trends of stock market.,0,the use of neural networks has found a variegated field of applications in the present world this has led to the development of various models for financial markets and investment this paper represents the idea how to predict share market price using artificial neural network with a given input parameters of share market artificial neural network can remember data of any number of years and it can predict the feature based on the past data this paper makes use feed forward architecture for prediction the network was trained using one year data it shows a good performance for market prediction the network selected though was not able to predict exact value but it succeeded in prediction the trends of stock market
10.1038/s41598-025-88883-8,"Stock market prediction has long attracted the attention of academia and industry due to its potential for substantial financial returns. Despite the availability of various forecasting methods, such as CNN, LSTM, BiLSTM, GRU, and Transformer, the hyperparameter optimization of these models often faces limitations, particularly in single-objective optimization, where they can easily fall into local optima. To address this issue, this paper proposes an innovative multi-objective optimization algorithm—the Multi-Objective Escape Bird Algorithm (MOEBS)—and introduces the MOEBS-Transformer architecture to enhance the efficiency and effectiveness of hyper-parameter optimization for Transformer models. This study first validates the performance of MOEBS through a series of multi-objective benchmark tests on standard problem sets such as ZDT, DTLZ, and WFG, comparing it with other multi-objective optimization algorithms (e.g., MOMVO, MSSA, and MOEAD) using evaluation metrics such as GD, Spacing, IGD, and HV for comprehensive analysis. In the context of stock price prediction, we select the closing price datasets of Amazon, Google, and Uniqlo, using MOEBS to optimize the core hyper parameters of the Transformer while considering multiple objectives, including training set RMSE, testing set RMSE, and testing set error variance. In the experiments, this paper first compares CNN, LSTM, BiLSTM, GRU, and traditional Transformer models to establish the Transformer as the optimal model for stock market prediction. Subsequently, the study compares the MOEBS-Transformer with Transformer models optimized using various hyperparameter optimization methods, including MOMVO-Transformer, MSSA-Transformer, and MOEAD-Transformer. Additionally, it evaluates Transformer models optimized through conventional methods: Random Search (RS-Transformer), Grid Search (GS-Transformer), and Bayesian Optimization (BO-Transformer). By assessing the performance of these models using R2, RMSE, and RPD metrics on both training and testing sets, the results demonstrate that the Transformer model optimized by MOEBS significantly outperforms the other methods in terms of prediction accuracy and prediction stability. This research offers a new solution for complex optimization scenarios and lays a foundation for advancements in stock market prediction technologies.",0,stock market prediction has long attracted the attention of academia and industry due to its potential for substantial financial returns despite the availability of various forecasting methods such as cnn lstm bilstm gru and transformer the hyperparameter optimization of these models often faces limitations particularly in singleobjective optimization where they can easily fall into local optima to address this issue this paper proposes an innovative multiobjective optimization algorithm—the multiobjective escape bird algorithm moebs—and introduces the moebstransformer architecture to enhance the efficiency and effectiveness of hyperparameter optimization for transformer models this study first validates the performance of moebs through a series of multiobjective benchmark tests on standard problem sets such as zdt dtlz and wfg comparing it with other multiobjective optimization algorithms eg momvo mssa and moead using evaluation metrics such as gd spacing igd and hv for comprehensive analysis in the context of stock price prediction we select the closing price datasets of amazon google and uniqlo using moebs to optimize the core hyper parameters of the transformer while considering multiple objectives including training set rmse testing set rmse and testing set error variance in the experiments this paper first compares cnn lstm bilstm gru and traditional transformer models to establish the transformer as the optimal model for stock market prediction subsequently the study compares the moebstransformer with transformer models optimized using various hyperparameter optimization methods including momvotransformer mssatransformer and moeadtransformer additionally it evaluates transformer models optimized through conventional methods random search rstransformer grid search gstransformer and bayesian optimization botransformer by assessing the performance of these models using r rmse and rpd metrics on both training and testing sets the results demonstrate that the transformer model optimized by moebs significantly outperforms the other methods in terms of prediction accuracy and prediction stability this research offers a new solution for complex optimization scenarios and lays a foundation for advancements in stock market prediction technologies
10.1038/s41598-024-61106-2,"As sustainability emerges as a crucial factor in the development of modern enterprises, integrating environmental, social, and governance (ESG) information into financial assessments has become essential. ESG indicators serve as important metrics in evaluating a company's sustainable practices and governance effectiveness, influencing investor trust and future growth potential, ultimately affecting stock prices. This study proposes an innovative approach that combines ESG sentiment index extracted from news with technical indicators to predict the S&P 500 index. By utilizing a deep learning model and exploring optimal window sizes, the study explores the best model through mean absolute percentage error (MAPE) as an evaluation metric. Additionally, an ablation test clarifies the influence of ESG and its causality with the S&P 500 index. The experimental results demonstrate improved predictive accuracy when considering ESG sentiment compared to relying solely on technical indicators or historical data. This comprehensive methodology enhances the advantage of stock price prediction by integrating technical indicators, which consider short-term fluctuations, with ESG information, providing long-term effects. Furthermore, it offers valuable insights for investors and financial market experts, validating the necessity to consider ESG for financial assets and introducing a new perspective to develop investment strategies and decision-making processes.",0,as sustainability emerges as a crucial factor in the development of modern enterprises integrating environmental social and governance esg information into financial assessments has become essential esg indicators serve as important metrics in evaluating a companys sustainable practices and governance effectiveness influencing investor trust and future growth potential ultimately affecting stock prices this study proposes an innovative approach that combines esg sentiment index extracted from news with technical indicators to predict the sp index by utilizing a deep learning model and exploring optimal window sizes the study explores the best model through mean absolute percentage error mape as an evaluation metric additionally an ablation test clarifies the influence of esg and its causality with the sp index the experimental results demonstrate improved predictive accuracy when considering esg sentiment compared to relying solely on technical indicators or historical data this comprehensive methodology enhances the advantage of stock price prediction by integrating technical indicators which consider shortterm fluctuations with esg information providing longterm effects furthermore it offers valuable insights for investors and financial market experts validating the necessity to consider esg for financial assets and introducing a new perspective to develop investment strategies and decisionmaking processes
10.1016/j.heliyon.2024.e24123,"In this study, it is aimed to compare the performances of the algorithms by predicting the movement directions of stock market indexes in developed countries by employing machine learning algorithms (MLMs) and determining the best estimation algorithm. For this purpose, the movement directions of indexes such as the NYSE 100 (the USA), NIKKEI 225 (Japan), FTSE 100 (the UK), CAC 40 (France), DAX 30 (Germany), FTSE MIB (Italy), and TSX (Canada) were estimated by employing the decision tree, random forest k-nearest neighbor, naive Bayes, logistic regression, support vector machines and artificial neural network algorithms. According to the results obtained, artificial neural networks were found to be the best algorithm for NYSE 100, FTSE 100, DAX 30 and FTSE MIB indices, while logistic regression was determined to be the best algorithm for the NIKKEI 225, CAC 40, and TSX indices. The artificial neural networks, which exhibited the highest average prediction performance, have been determined as the best prediction algorithm for the stock market indices of developed countries. It was also noted that artificial neural networks, logistic regression, and support vector machines algorithms were capable of predicting the directional movements of all indices with an accuracy rate of over 70 %.",0,in this study it is aimed to compare the performances of the algorithms by predicting the movement directions of stock market indexes in developed countries by employing machine learning algorithms mlms and determining the best estimation algorithm for this purpose the movement directions of indexes such as the nyse the usa nikkei japan ftse the uk cac france dax germany ftse mib italy and tsx canada were estimated by employing the decision tree random forest knearest neighbor naive bayes logistic regression support vector machines and artificial neural network algorithms according to the results obtained artificial neural networks were found to be the best algorithm for nyse ftse dax and ftse mib indices while logistic regression was determined to be the best algorithm for the nikkei cac and tsx indices the artificial neural networks which exhibited the highest average prediction performance have been determined as the best prediction algorithm for the stock market indices of developed countries it was also noted that artificial neural networks logistic regression and support vector machines algorithms were capable of predicting the directional movements of all indices with an accuracy rate of over
10.25103/jestr.134.11,"The stock market is a highly volatile industry with ever changing bull (rise) and bear (fall) trends. This paper proposes a new hybrid model using Long Short-Term Memory (LSTM), a Recurrent Neural Network (RNN) technique and Auto Regressive Integrated Moving Average (ARIMA), a time series forecasting technique to capture the live stock market data of S&P 500 using preexisting Application Programming Interface (API). Rise and fall in stock values in the previous years is analyzed. A novel LSTM-ARIMA hybrid is designed for capturing the linear and non-linear portions of the time series. The Prophet forecasting library by Facebook has also been used that requires less preprocessing. Finally, both the approaches are compared and the one with better performance is accepted for the final stock market prediction system. In this case, Prophet has a high Root Mean Square Error (RMSE) of 27.59 and Mean Square Error (MSE) of 761.33 whereas the ARIMA-LSTM hybrid gives an MSE of 3.03 and RMSE of 1.74 along with a 99% fit of the model. Hence the hybrid performs much better than Prophet and is accepted as the final algorithm for implementation.",0,the stock market is a highly volatile industry with ever changing bull rise and bear fall trends this paper proposes a new hybrid model using long shortterm memory lstm a recurrent neural network rnn technique and auto regressive integrated moving average arima a time series forecasting technique to capture the live stock market data of sp using preexisting application programming interface api rise and fall in stock values in the previous years is analyzed a novel lstmarima hybrid is designed for capturing the linear and nonlinear portions of the time series the prophet forecasting library by facebook has also been used that requires less preprocessing finally both the approaches are compared and the one with better performance is accepted for the final stock market prediction system in this case prophet has a high root mean square error rmse of and mean square error mse of whereas the arimalstm hybrid gives an mse of and rmse of along with a fit of the model hence the hybrid performs much better than prophet and is accepted as the final algorithm for implementation
10.1093/rfs/7.1.179,"To what extent are the empirical regularities implied by market microstructure theories useful in predicting the short-run behavior of stock returns A two-equation econometric model of quote revisions and transaction returns is developed and used to identify the relative importance of different microstructure theories and to make predictions. Microstructure variables and lagged stock index futures returns have in-sample and out-of-sample predictive power based on data observed at five-minute intervals. The most striking microstructure implication of the model, confirmed by the empirical results, specifies that the expected quote return is positively related to the deviation between the transaction price and the quote midpoint while the expected transaction return is negatively related to the same variable. Article published by Oxford University Press on behalf of the Society for Financial Studies in its journal, The Review of Financial Studies.",0,to what extent are the empirical regularities implied by market microstructure theories useful in predicting the shortrun behavior of stock returns a twoequation econometric model of quote revisions and transaction returns is developed and used to identify the relative importance of different microstructure theories and to make predictions microstructure variables and lagged stock index futures returns have insample and outofsample predictive power based on data observed at fiveminute intervals the most striking microstructure implication of the model confirmed by the empirical results specifies that the expected quote return is positively related to the deviation between the transaction price and the quote midpoint while the expected transaction return is negatively related to the same variable article published by oxford university press on behalf of the society for financial studies in its journal the review of financial studies
10.1016/j.procs.2020.03.257,"Long Short Term Memory (LSTM) is among the most popular deep learning models used today. It is also being applied to time series prediction which is a particularly hard problem to solve due to the presence of long term trend, seasonal and cyclical fluctuations and random noise. The performance of LSTM is highly dependent on choice of several hyper-parameters which need to be chosen very carefully, in order to get good results. Being a relatively new model, there are no established guidelines for configuring LSTM. In this paper this research gap was addressed. A dataset was created from the Indian stock market and an LSTM model was developed for it. It was then optimized by comparing stateless and stateful models and by tuning for the number of hidden layers.",0,long short term memory lstm is among the most popular deep learning models used today it is also being applied to time series prediction which is a particularly hard problem to solve due to the presence of long term trend seasonal and cyclical fluctuations and random noise the performance of lstm is highly dependent on choice of several hyperparameters which need to be chosen very carefully in order to get good results being a relatively new model there are no established guidelines for configuring lstm in this paper this research gap was addressed a dataset was created from the indian stock market and an lstm model was developed for it it was then optimized by comparing stateless and stateful models and by tuning for the number of hidden layers
10.1186/s40537-020-00333-6,"In the era of big data, deep learning for predicting stock market prices and trends has become even more popular than before. We collected 2 years of data from Chinese stock market and proposed a comprehensive customization of feature engineering and deep learning-based model for predicting price trend of stock markets. The proposed solution is comprehensive as it includes pre-processing of the stock market dataset, utilization of multiple feature engineering techniques, combined with a customized deep learning based system for stock market price trend prediction. We conducted comprehensive evaluations on frequently used machine learning models and conclude that our proposed solution outperforms due to the comprehensive feature engineering that we built. The system achieves overall high accuracy for stock market trend prediction. With the detailed design and evaluation of prediction term lengths, feature engineering, and data pre-processing methods, this work contributes to the stock analysis research community both in the financial and technical domains.",0,in the era of big data deep learning for predicting stock market prices and trends has become even more popular than before we collected years of data from chinese stock market and proposed a comprehensive customization of feature engineering and deep learningbased model for predicting price trend of stock markets the proposed solution is comprehensive as it includes preprocessing of the stock market dataset utilization of multiple feature engineering techniques combined with a customized deep learning based system for stock market price trend prediction we conducted comprehensive evaluations on frequently used machine learning models and conclude that our proposed solution outperforms due to the comprehensive feature engineering that we built the system achieves overall high accuracy for stock market trend prediction with the detailed design and evaluation of prediction term lengths feature engineering and data preprocessing methods this work contributes to the stock analysis research community both in the financial and technical domains
10.1109/ccaa.2016.7813694,"The objective of this paper is to construct a model to predict stock value movement using the opinion mining and clustering method to predict National Stock Exchange (NSE). We have used domain specific approach to predict the stocks from each domain we have taken some stock with maximum capitalization. Proposed Method is Not at all like past methodologies where the general states of mind or sentiments are considered, sentiments of the particular subjects of the organization or sector are fused into the stock prediction model. Topics and related opinion of shareholders are automatically extracted from the writings in a message board by utilizing our proposed strategy alongside isolating clusters of comparable sort of stocks from others using clustering algorithms. Proposed methodology will give us two output set i.e. one from sentiment analysis and another from clustering based prediction with respect to some specialized parameters of stock exchange. By examining both the results an efficient prediction is produced. In this paper stocks with maximum capitalization within all the important sectors are taken into consideration for empirical analysis.",0,the objective of this paper is to construct a model to predict stock value movement using the opinion mining and clustering method to predict national stock exchange nse we have used domain specific approach to predict the stocks from each domain we have taken some stock with maximum capitalization proposed method is not at all like past methodologies where the general states of mind or sentiments are considered sentiments of the particular subjects of the organization or sector are fused into the stock prediction model topics and related opinion of shareholders are automatically extracted from the writings in a message board by utilizing our proposed strategy alongside isolating clusters of comparable sort of stocks from others using clustering algorithms proposed methodology will give us two output set ie one from sentiment analysis and another from clustering based prediction with respect to some specialized parameters of stock exchange by examining both the results an efficient prediction is produced in this paper stocks with maximum capitalization within all the important sectors are taken into consideration for empirical analysis
10.3390/math10224255,"(1) Background: Since the current crises that has inevitably impacted the financial market, market prediction has become more crucial than ever. The question of how risk managers can more accurately predict the evolution of their portfolio, while taking into consideration systemic risks brought on by a systemic crisis, is raised by the low rate of success of portfolio risk-management models. Sentiment analysis on natural language sentences can increase the accuracy of market prediction because financial markets are influenced by investor sentiments. Many investors also base their decisions on information taken from newspapers or on their instincts. (2) Methods: In this paper, we aim to highlight how sentiment analysis can improve the accuracy of regression models when predicting the evolution of the opening prices of some selected stocks. We aim to accomplish this by comparing the results and accuracy of two cases of market prediction using regression models with and without market news sentiment analysis. (3) Results: It is shown that the nonlinear autoregression model improves its goodness of fit when sentiment analysis is used as an exogenous factor. Furthermore, the results show that the polynomial autoregressions fit better than the linear ones. (4) Conclusions: Using the sentiment score for market modelling, significant improvements in the performance of linear autoregressions are showcased.",0,background since the current crises that has inevitably impacted the financial market market prediction has become more crucial than ever the question of how risk managers can more accurately predict the evolution of their portfolio while taking into consideration systemic risks brought on by a systemic crisis is raised by the low rate of success of portfolio riskmanagement models sentiment analysis on natural language sentences can increase the accuracy of market prediction because financial markets are influenced by investor sentiments many investors also base their decisions on information taken from newspapers or on their instincts methods in this paper we aim to highlight how sentiment analysis can improve the accuracy of regression models when predicting the evolution of the opening prices of some selected stocks we aim to accomplish this by comparing the results and accuracy of two cases of market prediction using regression models with and without market news sentiment analysis results it is shown that the nonlinear autoregression model improves its goodness of fit when sentiment analysis is used as an exogenous factor furthermore the results show that the polynomial autoregressions fit better than the linear ones conclusions using the sentiment score for market modelling significant improvements in the performance of linear autoregressions are showcased
10.1109/cifer.1996.501826,"In recent years, many attempts have been made to predict the behavior of bonds, currencies, stocks, or stock markets. The Standard and Poors 500 Index is modeled using different neural network classification architectures. Most previous experiments used multilayer perceptrons for stock market forecasting. A multilayer perceptron architecture and a probabilistic neural network are used to predict the incline, decline, or steadiness of the index. The results of trading with the advice given by the network is then compared with the maximum possible performance and the performance of the index. Results show that both networks can be trained to perform better than the index, with the probabilistic neural network performing slightly better than the multi layer perceptron.",0,in recent years many attempts have been made to predict the behavior of bonds currencies stocks or stock markets the standard and poors index is modeled using different neural network classification architectures most previous experiments used multilayer perceptrons for stock market forecasting a multilayer perceptron architecture and a probabilistic neural network are used to predict the incline decline or steadiness of the index the results of trading with the advice given by the network is then compared with the maximum possible performance and the performance of the index results show that both networks can be trained to perform better than the index with the probabilistic neural network performing slightly better than the multi layer perceptron
10.1186/s40854-021-00243-3,"Abstract In this study, the hourly directions of eight banking stocks in Borsa Istanbul were predicted using linear-based, deep-learning (LSTM) and ensemble learning (LightGBM) models. These models were trained with four different feature sets and their performances were evaluated in terms of accuracy and F-measure metrics. While the first experiments directly used the own stock features as the model inputs, the second experiments utilized reduced stock features through Variational AutoEncoders (VAE). In the last experiments, in order to grasp the effects of the other banking stocks on individual stock performance, the features belonging to other stocks were also given as inputs to our models. While combining other stock features was done for both own (named as allstock_own) and VAE-reduced (named as allstock_VAE) stock features, the expanded dimensions of the feature sets were reduced by Recursive Feature Elimination. As the highest success rate increased up to 0.685 with allstock_own and LSTM with attention model, the combination of allstock_VAE and LSTM with the attention model obtained an accuracy rate of 0.675. Although the classification results achieved with both feature types was close, allstock_VAE achieved these results using nearly 16.67% less features compared to allstock_own. When all experimental results were examined, it was found out that the models trained with allstock_own and allstock_VAE achieved higher accuracy rates than those using individual stock features. It was also concluded that the results obtained with the VAE-reduced stock features were similar to those obtained by own stock features.",0,abstract in this study the hourly directions of eight banking stocks in borsa istanbul were predicted using linearbased deeplearning lstm and ensemble learning lightgbm models these models were trained with four different feature sets and their performances were evaluated in terms of accuracy and fmeasure metrics while the first experiments directly used the own stock features as the model inputs the second experiments utilized reduced stock features through variational autoencoders vae in the last experiments in order to grasp the effects of the other banking stocks on individual stock performance the features belonging to other stocks were also given as inputs to our models while combining other stock features was done for both own named as allstockown and vaereduced named as allstockvae stock features the expanded dimensions of the feature sets were reduced by recursive feature elimination as the highest success rate increased up to with allstockown and lstm with attention model the combination of allstockvae and lstm with the attention model obtained an accuracy rate of although the classification results achieved with both feature types was close allstockvae achieved these results using nearly less features compared to allstockown when all experimental results were examined it was found out that the models trained with allstockown and allstockvae achieved higher accuracy rates than those using individual stock features it was also concluded that the results obtained with the vaereduced stock features were similar to those obtained by own stock features
10.1002/int.22732,"Traditional time series prediction methods are unable to handle the complex nonlinear relationship of a large data set. Most of the existing techniques are unable to manage multiple dimensions of a data set, due to which the computational complexity escalates with the increasing size of a data set. Many machine learning (ML) methods are unable to handle known unknown predictions. This paper presents a new forecasting method in the neural network structure based on the induced ordered weighted average (IOWA) weighted average (WA) and fuzzy time series. The proposed model is more efficient than existing complexity handling fuzzy time series prediction methods and other traditional time series prediction methods. The proposed model can accommodate the IOWA operator, weighted average, and relevance degree of each concept in a particular problem for a fuzzy nonlinear prediction. The contribution of this paper is twofold. First, it contributes to theory by proposing a new IOWAWA layer in the neural network to handle complex nonlinear prediction for a large data set. The second contribution is the application of the approach to predict nonlinear stock market data. The robustness of the approach is tested using Australian Securities Exchange (ASX) stock data by considering a case study of the housing and property sector. We further compare the prediction accuracy of the approach with sixteen existing methods. The experimental results demonstrate that the proposed model outperforms existing methods.",0,traditional time series prediction methods are unable to handle the complex nonlinear relationship of a large data set most of the existing techniques are unable to manage multiple dimensions of a data set due to which the computational complexity escalates with the increasing size of a data set many machine learning ml methods are unable to handle known unknown predictions this paper presents a new forecasting method in the neural network structure based on the induced ordered weighted average iowa weighted average wa and fuzzy time series the proposed model is more efficient than existing complexity handling fuzzy time series prediction methods and other traditional time series prediction methods the proposed model can accommodate the iowa operator weighted average and relevance degree of each concept in a particular problem for a fuzzy nonlinear prediction the contribution of this paper is twofold first it contributes to theory by proposing a new iowawa layer in the neural network to handle complex nonlinear prediction for a large data set the second contribution is the application of the approach to predict nonlinear stock market data the robustness of the approach is tested using australian securities exchange asx stock data by considering a case study of the housing and property sector we further compare the prediction accuracy of the approach with sixteen existing methods the experimental results demonstrate that the proposed model outperforms existing methods
10.1109/iicaiet49801.2020.9257864,"Stock market prediction has been a challenging task for machine due to time series analysis is needed. In recent years, deep neural networks have been widely applied in many financial time series tasks. Typically, deep neural networks require huge amount of data samples to train a good model. However, the data samples for stock market is limited which caused the networks prone to overfitting. In view of this, this paper leverages deep neural networks with ensemble learning to address this problem. We propose ensemble of Convolutional Neural Network (CNN), Long Short Term Memory (LSTM), and 1DConvNet with LSTM (Conv1DLSTM) to predict the stock market price, named EnsembleDNNs. The performance of the proposed EnsembleDNNs is evaluated with stock market of several companies. The experiment results show encouraging performance as compared to other baselines.",0,stock market prediction has been a challenging task for machine due to time series analysis is needed in recent years deep neural networks have been widely applied in many financial time series tasks typically deep neural networks require huge amount of data samples to train a good model however the data samples for stock market is limited which caused the networks prone to overfitting in view of this this paper leverages deep neural networks with ensemble learning to address this problem we propose ensemble of convolutional neural network cnn long short term memory lstm and dconvnet with lstm conv dlstm to predict the stock market price named ensemblednns the performance of the proposed ensemblednns is evaluated with stock market of several companies the experiment results show encouraging performance as compared to other baselines
10.1109/access.2021.3073507,"The forecast of the stock price attempts to assess the potential movement of the financial exchange’s stock value. The exact estimation of the movement of share price would contribute more to investors’ profit. This paper introduces a new stock market prediction model that includes three major phases: feature extraction, optimal feature selection, and prediction. Initially, statistical features like mean, standard deviation, variance, skewness, and kurtosis is extracted from the collected stock market data. Further, the indexed data collected are also computed concerning standard indicators like Average True Range (ATR), Exponential Moving Average (EMA), Relative Strength Index (RSI), and Rate of Change (ROC). To acquire best-predicted results, it is more crucial to select the most relevant features. Such that, the optimal features are selected from the extracted features (technical indicators based features, statistical features) by a new hybrid model referred to Red Deer Adopted Wolf Algorithm (RDAWA). Further, the selected features are subjected to the ensemble technique for predicting the stock movement. The ensemble technique involves the classifiers like Support Vector Machine (SVM), Random Forest1 (RF1), Random Forest2 (RF2), and optimized Neural Network (NN), respectively. The final predicted results are acquired from the Optimized Neural Network (NN). To make the precise prediction, the training of NN is carried out by the proposed RDAWA via fine-tuning the optimal weight. Finally, the performance of the proposed work is compared over other conventional models with respect to certain measures.",0,the forecast of the stock price attempts to assess the potential movement of the financial exchange’s stock value the exact estimation of the movement of share price would contribute more to investors’ profit this paper introduces a new stock market prediction model that includes three major phases feature extraction optimal feature selection and prediction initially statistical features like mean standard deviation variance skewness and kurtosis is extracted from the collected stock market data further the indexed data collected are also computed concerning standard indicators like average true range atr exponential moving average ema relative strength index rsi and rate of change roc to acquire bestpredicted results it is more crucial to select the most relevant features such that the optimal features are selected from the extracted features technical indicators based features statistical features by a new hybrid model referred to red deer adopted wolf algorithm rdawa further the selected features are subjected to the ensemble technique for predicting the stock movement the ensemble technique involves the classifiers like support vector machine svm random forest rf random forest rf and optimized neural network nn respectively the final predicted results are acquired from the optimized neural network nn to make the precise prediction the training of nn is carried out by the proposed rdawa via finetuning the optimal weight finally the performance of the proposed work is compared over other conventional models with respect to certain measures
10.1109/ijcnn.2007.4371354,"A neuro-evolutionary method for a short-term stock index prediction is presented. The data is gathered from the German stock exchange (the target market) and two other markets (Tokyo stock exchange and New York stock exchange) together with EUR/USD and USD/JPY exchange rates. Neural networks supported by genetic algorithm (GA) are used as the prediction engine. The GA is used to find suboptimal set of input variables for a one day prediction. Due to high volatility of mutual relations between input variables, a particular choice of input variables found by the GA is valid only for a short period of time and a new set of inputs is generated every 5 days. The method of selecting input variables works efficiently. Variables which are no longer useful are exchanged with the new ones. On the other hand some particularly useful variables are consequently utilized by the GA in subsequent independent steps. Simulation results of the proposed neuro-evolutionary system applied to prediction of the percentage change of closing value of DAX index are very promising and competitive to the ones obtained by the three other heuristical models implemented and tested for comparison.",0,a neuroevolutionary method for a shortterm stock index prediction is presented the data is gathered from the german stock exchange the target market and two other markets tokyo stock exchange and new york stock exchange together with eurusd and usdjpy exchange rates neural networks supported by genetic algorithm ga are used as the prediction engine the ga is used to find suboptimal set of input variables for a one day prediction due to high volatility of mutual relations between input variables a particular choice of input variables found by the ga is valid only for a short period of time and a new set of inputs is generated every days the method of selecting input variables works efficiently variables which are no longer useful are exchanged with the new ones on the other hand some particularly useful variables are consequently utilized by the ga in subsequent independent steps simulation results of the proposed neuroevolutionary system applied to prediction of the percentage change of closing value of dax index are very promising and competitive to the ones obtained by the three other heuristical models implemented and tested for comparison
10.1145/3378936.3378972,"Efficient Market Hypothesis (EMH) is the cornerstone of the modern financial theory and it states that it is impossible to predict the price of any stock using any trend, fundamental or technical analysis. Stock trading is one of the most important activities in the world of finance. Stock price prediction has been an age-old problem and many researchers from academia and business have tried to solve it using many techniques ranging from basic statistics to machine learning using relevant information such as news sentiment and historical prices. Even though some studies claim to get prediction accuracy higher than a random guess, they consider nothing but a proper selection of stocks and time interval in the experiments. In this paper, a novel approach is proposed using graph theory. This approach leverages Spatio-temporal relationship information between different stocks by modeling the stock market as a complex network. This graph-based approach is used along with two techniques to create two hybrid models. Two different types of graphs are constructed, one from the correlation of the historical stock prices and the other is a causation-based graph constructed from the financial news mention of that stock over a period. The first hybrid model leverages deep learning convolutional neural networks and the second model leverages a traditional machine learning approach. These models are compared along with other statistical models and the advantages and disadvantages of graph-based models are discussed. Our experiments conclude that both graph-based approaches perform better than the traditional approaches since they leverage structural information while building the prediction model.",0,efficient market hypothesis emh is the cornerstone of the modern financial theory and it states that it is impossible to predict the price of any stock using any trend fundamental or technical analysis stock trading is one of the most important activities in the world of finance stock price prediction has been an ageold problem and many researchers from academia and business have tried to solve it using many techniques ranging from basic statistics to machine learning using relevant information such as news sentiment and historical prices even though some studies claim to get prediction accuracy higher than a random guess they consider nothing but a proper selection of stocks and time interval in the experiments in this paper a novel approach is proposed using graph theory this approach leverages spatiotemporal relationship information between different stocks by modeling the stock market as a complex network this graphbased approach is used along with two techniques to create two hybrid models two different types of graphs are constructed one from the correlation of the historical stock prices and the other is a causationbased graph constructed from the financial news mention of that stock over a period the first hybrid model leverages deep learning convolutional neural networks and the second model leverages a traditional machine learning approach these models are compared along with other statistical models and the advantages and disadvantages of graphbased models are discussed our experiments conclude that both graphbased approaches perform better than the traditional approaches since they leverage structural information while building the prediction model
10.1109/mc.2005.243,"Prediction markets, also known as information or decision markets, are designed to forecast future events or trends. Internet-based prediction markets can easily aggregate the insights of an unlimited number of potentially knowledgeable people asynchronously. The Tech Buzz Game - a joint venture between Yahoo! Research Labs and O'Reilly Media - is a fantasy prediction market launched in March 2005 at the O'Reilly Emerging Technology (ETech) Conference. The game consists of multiple sub-markets that pit a handful of rival technologies, each represented by a stock, against one another. The game's object is to anticipate future search buzz and buy and sell stocks accordingly. Thus, a player who believes BitTorrent stock is undervalued might buy shares, while a player who thinks BitTorrent is overpriced might sell the stock or instead purchase shares in a competing peer-to-peer technology. The Tech Buzz Game serves two key research-oriented goals. One is to evaluate the power of prediction markets to forecast high-tech trends. The other goal of the Tech Buzz Game is to field test the dynamic pari-mutuel market, a Yahoo! Research Labs trading mechanism designed to price and allocate shares.",0,prediction markets also known as information or decision markets are designed to forecast future events or trends internetbased prediction markets can easily aggregate the insights of an unlimited number of potentially knowledgeable people asynchronously the tech buzz game a joint venture between yahoo research labs and oreilly media is a fantasy prediction market launched in march at the oreilly emerging technology etech conference the game consists of multiple submarkets that pit a handful of rival technologies each represented by a stock against one another the games object is to anticipate future search buzz and buy and sell stocks accordingly thus a player who believes bittorrent stock is undervalued might buy shares while a player who thinks bittorrent is overpriced might sell the stock or instead purchase shares in a competing peertopeer technology the tech buzz game serves two key researchoriented goals one is to evaluate the power of prediction markets to forecast hightech trends the other goal of the tech buzz game is to field test the dynamic parimutuel market a yahoo research labs trading mechanism designed to price and allocate shares
10.1109/ijcnn.2016.7727786,"This paper proposes a stock market prediction method exploiting sentiment analysis using financial microblogs (Sina Weibo). We analyze the microblog texts to find the financial sentiments, then combine the sentiments and the historical data of the Shanghai Composite Index (SH000001) to predict the stock market movements. Our framework includes three modules: Microblog Filter (MF), Sentiment Analysis (SA), and Stock Prediction (SP). The MF module is based on LDA to get the financial microblogs. The SA module first sets up a financial lexicon, then gets the sentiments of the microblogs obtained from the MF module. The SP module proposes a user-group model which adjusts the importance of different people, and combines it with stock historical data to predict the movement of the SH000001. We use about 6.1 million microblogs to test our method, and the result demonstrates our method is effective.",0,this paper proposes a stock market prediction method exploiting sentiment analysis using financial microblogs sina weibo we analyze the microblog texts to find the financial sentiments then combine the sentiments and the historical data of the shanghai composite index sh to predict the stock market movements our framework includes three modules microblog filter mf sentiment analysis sa and stock prediction sp the mf module is based on lda to get the financial microblogs the sa module first sets up a financial lexicon then gets the sentiments of the microblogs obtained from the mf module the sp module proposes a usergroup model which adjusts the importance of different people and combines it with stock historical data to predict the movement of the sh we use about million microblogs to test our method and the result demonstrates our method is effective
10.5539/ijef.v9n11p100,"In this paper, previous studies featuring an artificial neural networks based prediction model have been reviewed. The main purpose of this review is to examine studies which use directional prediction accuracy (also known as hit ratio) or profitability of the model as a benchmark since other forecast error measures - namely mean absolute deviation (MAD), root mean squared error (RMSE), mean absolute error (MAE) and mean squared error (MSE) - have been criticized for the argument that they are not able to actually show how useful the prediction model is, in terms of financial gains (i.e. for practical usage). In order to meet the publication selection criteria mentioned above, a large number of publications have been examined and 25 of papers satisfying the criteria are selected for comparison. Classification of the eligible papers are summarized in a table format for future studies.",0,in this paper previous studies featuring an artificial neural networks based prediction model have been reviewed the main purpose of this review is to examine studies which use directional prediction accuracy also known as hit ratio or profitability of the model as a benchmark since other forecast error measures namely mean absolute deviation mad root mean squared error rmse mean absolute error mae and mean squared error mse have been criticized for the argument that they are not able to actually show how useful the prediction model is in terms of financial gains ie for practical usage in order to meet the publication selection criteria mentioned above a large number of publications have been examined and of papers satisfying the criteria are selected for comparison classification of the eligible papers are summarized in a table format for future studies
10.1109/icac49085.2019.9103381,"Predicting stock market prices is crucial subject at the present economy. Hence, the tendency of researchers towards new opportunities to predict the stock market has been increased. Researchers have found that, historical stock data and Search Engine Queries, social mood from user generated content in sources like Twitter, Web News has a predictive relationship to the future stock prices. Lack of information such as social mood was there in past studies and in this research, we discuss an effective method to analyze multiple information sources to fill the information gap and predict an accurate future value. For this, LSTM - RNN models were employed to analyze sperate sources and Ensembled method with Weighted Average and Differential Evolution technique were used for more accurate prediction of the stock prices. And highly accurate predictions were made to one-day, seven-days, 15-days and 30 days for the future. So that investors could gain an insight into what they are inventing for and the companies to track how well they will perform in the stock market.",0,predicting stock market prices is crucial subject at the present economy hence the tendency of researchers towards new opportunities to predict the stock market has been increased researchers have found that historical stock data and search engine queries social mood from user generated content in sources like twitter web news has a predictive relationship to the future stock prices lack of information such as social mood was there in past studies and in this research we discuss an effective method to analyze multiple information sources to fill the information gap and predict an accurate future value for this lstm rnn models were employed to analyze sperate sources and ensembled method with weighted average and differential evolution technique were used for more accurate prediction of the stock prices and highly accurate predictions were made to oneday sevendays days and days for the future so that investors could gain an insight into what they are inventing for and the companies to track how well they will perform in the stock market
10.1109/iccict50803.2021.9510147,"Stock market prediction is quite challenging as the market is volatile and its direction is stochastic. The stock market gets driven by several factors like investor sentiment, economic strength, market rumors, inflation. All these aspects together make the stock market quite turbulent and hence very difficult to predict with accuracy. In this paper, we analyzed traditional Machine Learning prediction models and figured out the drawbacks associated with them. Hence we scrutinized a range of stock prediction models and finally singled out the Bi-directional Long Short-Term Memory (Bi-LSTM) neural network. It intends to find out the title role of time series by analyzing historical data of different stocks and predict stock price trends. They form a unified framework for depth and time calculation learning faster than the one-directional approach. It can capture the temporal evolution of information which allows this model to attain the best performance.",0,stock market prediction is quite challenging as the market is volatile and its direction is stochastic the stock market gets driven by several factors like investor sentiment economic strength market rumors inflation all these aspects together make the stock market quite turbulent and hence very difficult to predict with accuracy in this paper we analyzed traditional machine learning prediction models and figured out the drawbacks associated with them hence we scrutinized a range of stock prediction models and finally singled out the bidirectional long shortterm memory bilstm neural network it intends to find out the title role of time series by analyzing historical data of different stocks and predict stock price trends they form a unified framework for depth and time calculation learning faster than the onedirectional approach it can capture the temporal evolution of information which allows this model to attain the best performance
10.1109/access.2019.2895252,"Time series analysis and forecasting is of vital significance, owing to its widespread use in various practical domains. Time series data refers to an ordered sequence or a set of data points that a variable takes at equal time intervals. The stock market is considered to be one of the most highly complex financial systems which consist of various components or stocks, the price of which fluctuates greatly with respect to time. Stock market forecasting involves uncovering the market trends with respect to time. All the stock market investors aim to maximize the returns over their investments and minimize the risks associated. Stock markets being highly sensitive and susceptible to quick changes, the main aim of stock-trend prediction is to develop new innovative approaches to foresee the stocks that result in high profits. This research tries to analyze the time series data of the Indian stock market and build a statistical model that could efficiently predict the future stocks.",0,time series analysis and forecasting is of vital significance owing to its widespread use in various practical domains time series data refers to an ordered sequence or a set of data points that a variable takes at equal time intervals the stock market is considered to be one of the most highly complex financial systems which consist of various components or stocks the price of which fluctuates greatly with respect to time stock market forecasting involves uncovering the market trends with respect to time all the stock market investors aim to maximize the returns over their investments and minimize the risks associated stock markets being highly sensitive and susceptible to quick changes the main aim of stocktrend prediction is to develop new innovative approaches to foresee the stocks that result in high profits this research tries to analyze the time series data of the indian stock market and build a statistical model that could efficiently predict the future stocks
10.1109/icrieece44171.2018.9009178,"Predicting the stock market has been an area of interest not only for traders but also for the computer engineers. Predictions can be performed by mainly two means, one by using previous data available against the stock and the other by analysing the social media information. Predictions based on previous data lack accuracy due to changing patterns in the stock market al.so, some fields might have been missed due to their insignificance in some stocks or unavailability of data. For example, some models may require `return rate' as a parameter for stock prediction, but the available data might not have it. On the other hand, a model predicting only on the basis of the return rate may find opening and closing price to be insignificant parameters. The data has to be cleansed before it can be used for predictions. This paper focuses on categorising various methods used for predictive analytics in different domains to date, their shortcomings. Further, the authors of this paper have suggested some improvements that could be incorporated to achieve better accuracy in these approaches.",0,predicting the stock market has been an area of interest not only for traders but also for the computer engineers predictions can be performed by mainly two means one by using previous data available against the stock and the other by analysing the social media information predictions based on previous data lack accuracy due to changing patterns in the stock market also some fields might have been missed due to their insignificance in some stocks or unavailability of data for example some models may require return rate as a parameter for stock prediction but the available data might not have it on the other hand a model predicting only on the basis of the return rate may find opening and closing price to be insignificant parameters the data has to be cleansed before it can be used for predictions this paper focuses on categorising various methods used for predictive analytics in different domains to date their shortcomings further the authors of this paper have suggested some improvements that could be incorporated to achieve better accuracy in these approaches
10.1109/fuzzy.2006.1681711,"In this paper, we use Takagi-Sugeno (TS) technique to develop fuzzy models for two nonlinear processes. They are the software effort estimation for a NASA software projects and the prediction of the next week S&P 500 for stock market. The development of the TS fuzzy model can be achieved in two steps 1) the determination of the membership functions in the rule antecedents using the model input data; 2) the estimation of the consequence parameters. We use least-square estimation to estimate those parameters. Detailed descriptions of the two applications are given. The results are promising.",0,in this paper we use takagisugeno ts technique to develop fuzzy models for two nonlinear processes they are the software effort estimation for a nasa software projects and the prediction of the next week sp for stock market the development of the ts fuzzy model can be achieved in two steps the determination of the membership functions in the rule antecedents using the model input data the estimation of the consequence parameters we use leastsquare estimation to estimate those parameters detailed descriptions of the two applications are given the results are promising
10.1108/k-06-2021-0457,"Purpose Stock market forecasters are focusing to create a positive approach for predicting the stock price. The fundamental principle of an effective stock market prediction is not only to produce the maximum outcomes but also to reduce the unreliable stock price estimate. In the stock market, sentiment analysis enables people for making educated decisions regarding the investment in a business. Moreover, the stock analysis identifies the business of an organization or a company. In fact, the prediction of stock prices is more complex due to high volatile nature that varies a large range of investor sentiment, economic and political factors, changes in leadership and other factors. This prediction often becomes ineffective, while considering only the historical data or textural information. Attempts are made to make the prediction more precise with the news sentiment along with the stock price information. Design/methodology/approach This paper introduces a prediction framework via sentiment analysis. Thereby, the stock data and news sentiment data are also considered. From the stock data, technical indicator-based features like moving average convergence divergence (MACD), relative strength index (RSI) and moving average (MA) are extracted. At the same time, the news data are processed to determine the sentiments by certain processes like (1) pre-processing, where keyword extraction and sentiment categorization process takes place; (2) keyword extraction, where WordNet and sentiment categorization process is done; (3) feature extraction, where Proposed holoentropy based features is extracted. (4) Classification, deep neural network is used that returns the sentiment output. To make the system more accurate on predicting the sentiment, the training of NN is carried out by self-improved whale optimization algorithm (SIWOA). Finally, optimized deep belief network (DBN) is used to predict the stock that considers the features of stock data and sentiment results from news data. Here, the weights of DBN are tuned by the new SIWOA. Findings The performance of the adopted scheme is computed over the existing models in terms of certain measures. The stock dataset includes two companies such as Reliance Communications and Relaxo Footwear. In addition, each company consists of three datasets (a) in daily option, set start day 1-1-2019 and end day 1-12-2020, (b) in monthly option, set start Jan 2000 and end Dec 2020 and (c) in yearly option, set year 2000. Moreover, the adopted NN + DBN + SIWOA model was computed over the traditional classifiers like LSTM, NN + RF, NN + MLP and NN + SVM; also, it was compared over the existing optimization algorithms like NN + DBN + MFO, NN + DBN + CSA, NN + DBN + WOA and NN + DBN + PSO, correspondingly. Further, the performance was calculated based on the learning percentage that ranges from 60, 70, 80 and 90 in terms of certain measures like MAE, MSE and RMSE for six datasets. On observing the graph, the MAE of the adopted NN + DBN + SIWOA model was 91.67, 80, 91.11 and 93.33% superior to the existing classifiers like LSTM, NN + RF, NN + MLP and NN + SVM, respectively for dataset 1. The proposed NN + DBN + SIWOA method holds minimum MAE value of (∼0.21) at learning percentage 80 for dataset 1; whereas, the traditional models holds the value for NN + DBN + CSA (∼1.20), NN + DBN + MFO (∼1.21), NN + DBN + PSO (∼0.23) and NN + DBN + WOA (∼0.25), respectively. From the table, it was clear that the RMSRE of the proposed NN + DBN + SIWOA model was 3.14, 1.08, 1.38 and 15.28% better than the existing classifiers like LSTM, NN + RF, NN + MLP and NN + SVM, respectively, for dataset 6. In addition, he MSE of the adopted NN + DBN + SIWOA method attain lower values (∼54944.41) for dataset 2 than other existing schemes like NN + DBN + CSA(∼9.43), NN + DBN + MFO (∼56728.68), NN + DBN + PSO (∼2.95) and NN + DBN + WOA (∼56767.88), respectively. Originality/value This paper has introduced a prediction framework via sentiment analysis. Thereby, along with the stock data and news sentiment data were also considered. From the stock data, technical indicator based features like MACD, RSI and MA are extracted. Therefore, the proposed work was said to be much appropriate for stock market prediction.",0,purpose stock market forecasters are focusing to create a positive approach for predicting the stock price the fundamental principle of an effective stock market prediction is not only to produce the maximum outcomes but also to reduce the unreliable stock price estimate in the stock market sentiment analysis enables people for making educated decisions regarding the investment in a business moreover the stock analysis identifies the business of an organization or a company in fact the prediction of stock prices is more complex due to high volatile nature that varies a large range of investor sentiment economic and political factors changes in leadership and other factors this prediction often becomes ineffective while considering only the historical data or textural information attempts are made to make the prediction more precise with the news sentiment along with the stock price information designmethodologyapproach this paper introduces a prediction framework via sentiment analysis thereby the stock data and news sentiment data are also considered from the stock data technical indicatorbased features like moving average convergence divergence macd relative strength index rsi and moving average ma are extracted at the same time the news data are processed to determine the sentiments by certain processes like preprocessing where keyword extraction and sentiment categorization process takes place keyword extraction where wordnet and sentiment categorization process is done feature extraction where proposed holoentropy based features is extracted classification deep neural network is used that returns the sentiment output to make the system more accurate on predicting the sentiment the training of nn is carried out by selfimproved whale optimization algorithm siwoa finally optimized deep belief network dbn is used to predict the stock that considers the features of stock data and sentiment results from news data here the weights of dbn are tuned by the new siwoa findings the performance of the adopted scheme is computed over the existing models in terms of certain measures the stock dataset includes two companies such as reliance communications and relaxo footwear in addition each company consists of three datasets a in daily option set start day and end day b in monthly option set start jan and end dec and c in yearly option set year moreover the adopted nn dbn siwoa model was computed over the traditional classifiers like lstm nn rf nn mlp and nn svm also it was compared over the existing optimization algorithms like nn dbn mfo nn dbn csa nn dbn woa and nn dbn pso correspondingly further the performance was calculated based on the learning percentage that ranges from and in terms of certain measures like mae mse and rmse for six datasets on observing the graph the mae of the adopted nn dbn siwoa model was and superior to the existing classifiers like lstm nn rf nn mlp and nn svm respectively for dataset the proposed nn dbn siwoa method holds minimum mae value of ∼ at learning percentage for dataset whereas the traditional models holds the value for nn dbn csa ∼ nn dbn mfo ∼ nn dbn pso ∼ and nn dbn woa ∼ respectively from the table it was clear that the rmsre of the proposed nn dbn siwoa model was and better than the existing classifiers like lstm nn rf nn mlp and nn svm respectively for dataset in addition he mse of the adopted nn dbn siwoa method attain lower values ∼ for dataset than other existing schemes like nn dbn csa∼ nn dbn mfo ∼ nn dbn pso ∼ and nn dbn woa ∼ respectively originalityvalue this paper has introduced a prediction framework via sentiment analysis thereby along with the stock data and news sentiment data were also considered from the stock data technical indicator based features like macd rsi and ma are extracted therefore the proposed work was said to be much appropriate for stock market prediction
10.7717/peerj-cs.490,"Stock market prediction is a challenging task as it requires deep insights for extraction of news events, analysis of historic data, and impact of news events on stock price trends. The challenge is further exacerbated due to the high volatility of stock price trends. However, a detailed overview that discusses the overall context of stock prediction is elusive in literature. To address this research gap, this paper presents a detailed survey. All key terms and phases of generic stock prediction methodology along with challenges, are described. A detailed literature review that covers data preprocessing techniques, feature extraction techniques, prediction techniques, and future directions is presented for news sensitive stock prediction. This work investigates the significance of using structured text features rather than unstructured and shallow text features. It also discusses the use of opinion extraction techniques. In addition, it emphasizes the use of domain knowledge with both approaches of textual feature extraction. Furthermore, it highlights the significance of deep neural network based prediction techniques to capture the hidden relationship between textual and numerical data. This survey is significant and novel as it elaborates a comprehensive framework for stock market prediction and highlights the strengths and weaknesses of existing approaches. It presents a wide range of open issues and research directions that are beneficial for the research community.",0,stock market prediction is a challenging task as it requires deep insights for extraction of news events analysis of historic data and impact of news events on stock price trends the challenge is further exacerbated due to the high volatility of stock price trends however a detailed overview that discusses the overall context of stock prediction is elusive in literature to address this research gap this paper presents a detailed survey all key terms and phases of generic stock prediction methodology along with challenges are described a detailed literature review that covers data preprocessing techniques feature extraction techniques prediction techniques and future directions is presented for news sensitive stock prediction this work investigates the significance of using structured text features rather than unstructured and shallow text features it also discusses the use of opinion extraction techniques in addition it emphasizes the use of domain knowledge with both approaches of textual feature extraction furthermore it highlights the significance of deep neural network based prediction techniques to capture the hidden relationship between textual and numerical data this survey is significant and novel as it elaborates a comprehensive framework for stock market prediction and highlights the strengths and weaknesses of existing approaches it presents a wide range of open issues and research directions that are beneficial for the research community
10.1109/icdm.2014.116,"We revisit the problem of predicting directional movements of stock prices based on news articles: here our algorithm uses daily articles from The Wall Street Journal to predict the closing stock prices on the same day. We propose a unified latent space model to characterize the ""co-movements"" between stock prices and news articles. Unlike many existing approaches, our new model is able to simultaneously leverage the correlations: (a) among stock prices, (b) among news articles, and (c) between stock prices and news articles. Thus, our model is able to make daily predictions on more than 500 stocks (most of which are not even mentioned in any news article) while having low complexity. We carry out extensive back testing on trading strategies based on our algorithm. The result shows that our model has substantially better accuracy rate (55.7%) compared to many widely used algorithms. The return (56%) and Sharpe ratio due to a trading strategy based on our model are also much higher than baseline indices.",0,we revisit the problem of predicting directional movements of stock prices based on news articles here our algorithm uses daily articles from the wall street journal to predict the closing stock prices on the same day we propose a unified latent space model to characterize the comovements between stock prices and news articles unlike many existing approaches our new model is able to simultaneously leverage the correlations a among stock prices b among news articles and c between stock prices and news articles thus our model is able to make daily predictions on more than stocks most of which are not even mentioned in any news article while having low complexity we carry out extensive back testing on trading strategies based on our algorithm the result shows that our model has substantially better accuracy rate compared to many widely used algorithms the return and sharpe ratio due to a trading strategy based on our model are also much higher than baseline indices
10.1109/artcom.2010.76,"Stock market prediction is an important area of financial forecasting, which is of great interest to stock investors, stock traders and applied researchers. Main issues in developing a fully automated stock market prediction system are: feature extraction from the stock market data, feature selection for highest prediction accuracy, the dimensionality reduction of the selected feature set and the accuracy and robustness of the prediction system. In this paper, an automated decision tree-adaptive neuro-fuzzy hybrid automated stock market prediction system is proposed. The proposed system uses technical analysis (traditionally used by stock traders) for feature extraction and decision tree for feature selection. Dimensionality reduction is carried out using fifteen different dimensionality reduction techniques. The dimensionality reduction technique producing the best prediction accuracy is selected to produce the reduced dataset. The reduced dataset is then applied to the adaptive neuro-fuzzy system for the next-day stock market prediction. The neuro-fuzzy system forms the stock market model adaptively, based on the features present in the reduced dataset. The proposed system is tested on the Bombay Stock Exchange sensitive index (BSE-SENSEX). The results show that the proposed hybrid system produces much higher accuracy when compared to stand-alone decision tree based system and ANFIS based system without feature selection and dimensionality reduction.",0,stock market prediction is an important area of financial forecasting which is of great interest to stock investors stock traders and applied researchers main issues in developing a fully automated stock market prediction system are feature extraction from the stock market data feature selection for highest prediction accuracy the dimensionality reduction of the selected feature set and the accuracy and robustness of the prediction system in this paper an automated decision treeadaptive neurofuzzy hybrid automated stock market prediction system is proposed the proposed system uses technical analysis traditionally used by stock traders for feature extraction and decision tree for feature selection dimensionality reduction is carried out using fifteen different dimensionality reduction techniques the dimensionality reduction technique producing the best prediction accuracy is selected to produce the reduced dataset the reduced dataset is then applied to the adaptive neurofuzzy system for the nextday stock market prediction the neurofuzzy system forms the stock market model adaptively based on the features present in the reduced dataset the proposed system is tested on the bombay stock exchange sensitive index bsesensex the results show that the proposed hybrid system produces much higher accuracy when compared to standalone decision tree based system and anfis based system without feature selection and dimensionality reduction
10.3390/electronics11040611,"Predicting stock market prices is an important and interesting task in academic and financial research. The volatile nature of the stock market means that predicting stock market prices is a challenging task. However, recent advancements in machine learning, especially in deep learning techniques, have made it possible for researchers to use such techniques to predict future stock trends based on historical financial data, social media news, financial news, and stock technical indicators (STIs). This work focused on the prediction of closing stock prices based on using ten years of Yahoo Finance data of ten renowned stocks and STIs by using 1D DenseNet and an autoencoder. The calculated STIs were first used as the input for the autoencoder for dimensionality reduction, resulting in less correlation between the STIs. These STIs, along with the Yahoo finance data, were then fed into the 1D DenseNet. The resultant features obtained from the 1D DenseNet were then used as input for the softmax layer residing inside the 1D DenseNet framework for the prediction of closing stock prices for short-, medium-, and long-term perspectives. Based on the predicted trends of the stock prices, our model presented the user with one of three suggested signals, i.e., buy, sell, or hold. The experimental results showed that the proposed approach outperformed the state-of-the-art techniques by obtaining a minimum MAPE value of 0.41.",0,predicting stock market prices is an important and interesting task in academic and financial research the volatile nature of the stock market means that predicting stock market prices is a challenging task however recent advancements in machine learning especially in deep learning techniques have made it possible for researchers to use such techniques to predict future stock trends based on historical financial data social media news financial news and stock technical indicators stis this work focused on the prediction of closing stock prices based on using ten years of yahoo finance data of ten renowned stocks and stis by using d densenet and an autoencoder the calculated stis were first used as the input for the autoencoder for dimensionality reduction resulting in less correlation between the stis these stis along with the yahoo finance data were then fed into the d densenet the resultant features obtained from the d densenet were then used as input for the softmax layer residing inside the d densenet framework for the prediction of closing stock prices for short medium and longterm perspectives based on the predicted trends of the stock prices our model presented the user with one of three suggested signals ie buy sell or hold the experimental results showed that the proposed approach outperformed the stateoftheart techniques by obtaining a minimum mape value of
10.1186/s40854-021-00269-7,"Abstract The explosion of online information with the recent advent of digital technology in information processing, information storing, information sharing, natural language processing, and text mining techniques has enabled stock investors to uncover market movement and volatility from heterogeneous content. For example, a typical stock market investor reads the news, explores market sentiment, and analyzes technical details in order to make a sound decision prior to purchasing or selling a particular company’s stock. However, capturing a dynamic stock market trend is challenging owing to high fluctuation and the non-stationary nature of the stock market. Although existing studies have attempted to enhance stock prediction, few have provided a complete decision-support system for investors to retrieve real-time data from multiple sources and extract insightful information for sound decision-making. To address the above challenge, we propose a unified solution for data collection, analysis, and visualization in real-time stock market prediction to retrieve and process relevant financial data from news articles, social media, and company technical information. We aim to provide not only useful information for stock investors but also meaningful visualization that enables investors to effectively interpret storyline events affecting stock prices. Specifically, we utilize an ensemble stacking of diversified machine-learning-based estimators and innovative contextual feature engineering to predict the next day’s stock prices. Experiment results show that our proposed stock forecasting method outperforms a traditional baseline with an average mean absolute percentage error of 0.93. Our findings confirm that leveraging an ensemble scheme of machine learning methods with contextual information improves stock prediction performance. Finally, our study could be further extended to a wide variety of innovative financial applications that seek to incorporate external insight from contextual information such as large-scale online news articles and social media data.",0,abstract the explosion of online information with the recent advent of digital technology in information processing information storing information sharing natural language processing and text mining techniques has enabled stock investors to uncover market movement and volatility from heterogeneous content for example a typical stock market investor reads the news explores market sentiment and analyzes technical details in order to make a sound decision prior to purchasing or selling a particular company’s stock however capturing a dynamic stock market trend is challenging owing to high fluctuation and the nonstationary nature of the stock market although existing studies have attempted to enhance stock prediction few have provided a complete decisionsupport system for investors to retrieve realtime data from multiple sources and extract insightful information for sound decisionmaking to address the above challenge we propose a unified solution for data collection analysis and visualization in realtime stock market prediction to retrieve and process relevant financial data from news articles social media and company technical information we aim to provide not only useful information for stock investors but also meaningful visualization that enables investors to effectively interpret storyline events affecting stock prices specifically we utilize an ensemble stacking of diversified machinelearningbased estimators and innovative contextual feature engineering to predict the next day’s stock prices experiment results show that our proposed stock forecasting method outperforms a traditional baseline with an average mean absolute percentage error of our findings confirm that leveraging an ensemble scheme of machine learning methods with contextual information improves stock prediction performance finally our study could be further extended to a wide variety of innovative financial applications that seek to incorporate external insight from contextual information such as largescale online news articles and social media data
10.1016/j.mlwa.2025.100631,"The use of technical indicators for forecasting the stock market is widespread among investors and researchers. It is crucial to determine the optimal number of input technical indicators to predict the stock market successfully. However, there is no consensus on which collection of technical indicators is most suitable. The selection of technical indicators for a given forecasting model continues to be an active area of research. To our knowledge, there is limited published work on the importance of technical indicators in various categories such as momentum, trend, volatility, and volume. To identify the key technical indicators for stock market prediction, we employed XGBoost, Random Forest, Support Vector Regression, and LSTM regression techniques using 88 technical indicators as input data. We also used the PCA method for dimension reduction. The results reveal the most significant technical indicators within the momentum, trend, volatility, and volume categories. Our findings provide evidence that the proposed model is highly effective in predicting daily prices (with and without lag in Close price) on the S&P 500 stock index.",0,the use of technical indicators for forecasting the stock market is widespread among investors and researchers it is crucial to determine the optimal number of input technical indicators to predict the stock market successfully however there is no consensus on which collection of technical indicators is most suitable the selection of technical indicators for a given forecasting model continues to be an active area of research to our knowledge there is limited published work on the importance of technical indicators in various categories such as momentum trend volatility and volume to identify the key technical indicators for stock market prediction we employed xgboost random forest support vector regression and lstm regression techniques using technical indicators as input data we also used the pca method for dimension reduction the results reveal the most significant technical indicators within the momentum trend volatility and volume categories our findings provide evidence that the proposed model is highly effective in predicting daily prices with and without lag in close price on the sp stock index
10.3390/asec2023-15965,"This research paper provides a comprehensive review of the emerging trends in AI-based stock market prediction. The paper highlights the key concepts, approaches, and techniques employed in AI-based stock market prediction and discusses their strengths and limitations. Key topics covered include deep learning, natural language processing, sentiment analysis, and reinforcement learning. This paper also presents case studies and evaluates the performance of different AI-based models in predicting stock market trends. Overall, this research paper provides valuable insights into the latest advancements in AI-based stock market prediction and their potential implications for investors, financial analysts, and policy makers.",0,this research paper provides a comprehensive review of the emerging trends in aibased stock market prediction the paper highlights the key concepts approaches and techniques employed in aibased stock market prediction and discusses their strengths and limitations key topics covered include deep learning natural language processing sentiment analysis and reinforcement learning this paper also presents case studies and evaluates the performance of different aibased models in predicting stock market trends overall this research paper provides valuable insights into the latest advancements in aibased stock market prediction and their potential implications for investors financial analysts and policy makers
10.1016/j.jefas.2016.07.002,"In this study the ability of artificial neural network (ANN) in forecasting the daily NASDAQ stock exchange rate was investigated. Several feed forward ANNs that were trained by the back propagation algorithm have been assessed. The methodology used in this study considered the short-term historical stock prices as well as the day of week as inputs. Daily stock exchange rates of NASDAQ from January 28, 2015 to 18 June, 2015 are used to develop a robust model. First 70 days (January 28 to March 7) are selected as training dataset and the last 29 days are used for testing the model prediction ability. Networks for NASDAQ index prediction for two type of input dataset (four prior days and nine prior days) were developed and validated. En este estudio se investigó la capacidad de previsión del índice bursátil diario NASDAQ, por parte de la red neuronal artificial (RNA). Se evaluaron diversas RNA proalimentadas, que fueron entrenadas mediante un algoritmo de retropropagación. La metodología utilizada en este estudio consideró como inputs los precios bursátiles históricos a corto plazo, así como el día de la semana. Se utilizaron los índices bursátiles diarios de NASDAQ del 28 de enero al 18 de junio de 2015, para desarrollar un modelo robusto. Se seleccionaron los primeros 70 días (del 28 de enero al 7 de marzo) como conjuntos de datos de entrenamiento, y los últimos 29 días para probar la capacidad del modelo de predicción. Se desarrollaron y validaron redes para la predicción del índice NASDAQ, para dos tipos de conjuntos de datos de input (los cuatro y los nueve días previos).",0,in this study the ability of artificial neural network ann in forecasting the daily nasdaq stock exchange rate was investigated several feed forward anns that were trained by the back propagation algorithm have been assessed the methodology used in this study considered the shortterm historical stock prices as well as the day of week as inputs daily stock exchange rates of nasdaq from january to june are used to develop a robust model first days january to march are selected as training dataset and the last days are used for testing the model prediction ability networks for nasdaq index prediction for two type of input dataset four prior days and nine prior days were developed and validated en este estudio se investigó la capacidad de previsión del índice bursátil diario nasdaq por parte de la red neuronal artificial rna se evaluaron diversas rna proalimentadas que fueron entrenadas mediante un algoritmo de retropropagación la metodología utilizada en este estudio consideró como inputs los precios bursátiles históricos a corto plazo así como el día de la semana se utilizaron los índices bursátiles diarios de nasdaq del de enero al de junio de para desarrollar un modelo robusto se seleccionaron los primeros días del de enero al de marzo como conjuntos de datos de entrenamiento y los últimos días para probar la capacidad del modelo de predicción se desarrollaron y validaron redes para la predicción del índice nasdaq para dos tipos de conjuntos de datos de input los cuatro y los nueve días previos
10.1109/icssit.2018.8748680,"The stock market is a crucial component of any economy in the world. It is a way for companies to gain capital for its day to day functions. It enables stock brokers to trade securities, bonds and equities in a market. Once a share is listed on the stock market, it can be bought and sold by traders, investors or the general public. Recently, a lot of work has been done to predict the movement of the market. Forecasting the movement of the stock market is gaining momentum among various researchers, investing communities and enthusiasts as it provides better guidance with respect to investing. Predictability is one of the major factors which, the profitability of trading in stock and investing is dependent on. The profits earned by investment and trading in the stock market depend on the predictability of the stock, to a large extent. If any system is developed which can consistently predict the trends of the dynamic stock market, would make the owner of the system wealthy. Moreover, the predicted trends of the market will help the regulators to make corrective measures to stabilize the market. Many expert practitioners and researchers have put forward several models using various technical, fundamental and analytical techniques to give a prediction on the stock market pattern.",0,the stock market is a crucial component of any economy in the world it is a way for companies to gain capital for its day to day functions it enables stock brokers to trade securities bonds and equities in a market once a share is listed on the stock market it can be bought and sold by traders investors or the general public recently a lot of work has been done to predict the movement of the market forecasting the movement of the stock market is gaining momentum among various researchers investing communities and enthusiasts as it provides better guidance with respect to investing predictability is one of the major factors which the profitability of trading in stock and investing is dependent on the profits earned by investment and trading in the stock market depend on the predictability of the stock to a large extent if any system is developed which can consistently predict the trends of the dynamic stock market would make the owner of the system wealthy moreover the predicted trends of the market will help the regulators to make corrective measures to stabilize the market many expert practitioners and researchers have put forward several models using various technical fundamental and analytical techniques to give a prediction on the stock market pattern
10.1371/journal.pone.0286362,"Stock market forecasting is one of the most challenging problems in today's financial markets. According to the efficient market hypothesis, it is almost impossible to predict the stock market with 100% accuracy. However, Machine Learning (ML) methods can improve stock market predictions to some extent. In this paper, a novel strategy is proposed to improve the prediction efficiency of ML models for financial markets. Nine ML models are used to predict the direction of the stock market. First, these models are trained and validated using the traditional methodology on a historic data captured over a 1-day time frame. Then, the models are trained using the proposed methodology. Following the traditional methodology, Logistic Regression achieved the highest accuracy of 85.51% followed by XG Boost and Random Forest. With the proposed strategy, the Random Forest model achieved the highest accuracy of 91.27% followed by XG Boost, ADA Boost and ANN. In the later part of the paper, it is shown that only classification report is not sufficient to validate the performance of ML model for stock market prediction. A simulation model of the financial market is used in order to evaluate the risk, maximum draw down and returns associate with each ML model. The overall results demonstrated that the proposed strategy not only improves the stock market returns but also reduces the risks associated with each ML model.",0,stock market forecasting is one of the most challenging problems in todays financial markets according to the efficient market hypothesis it is almost impossible to predict the stock market with accuracy however machine learning ml methods can improve stock market predictions to some extent in this paper a novel strategy is proposed to improve the prediction efficiency of ml models for financial markets nine ml models are used to predict the direction of the stock market first these models are trained and validated using the traditional methodology on a historic data captured over a day time frame then the models are trained using the proposed methodology following the traditional methodology logistic regression achieved the highest accuracy of followed by xg boost and random forest with the proposed strategy the random forest model achieved the highest accuracy of followed by xg boost ada boost and ann in the later part of the paper it is shown that only classification report is not sufficient to validate the performance of ml model for stock market prediction a simulation model of the financial market is used in order to evaluate the risk maximum draw down and returns associate with each ml model the overall results demonstrated that the proposed strategy not only improves the stock market returns but also reduces the risks associated with each ml model
10.22214/ijraset.2021.35822,": In recent time’s stock market predictions is gaining more attention, maybe due to the fact that if the trend of the market is successfully predicted, the investors may be better guided. A stock exchange is a system where you can buy and sell stocks. By stock we mean the share in the ownership of the company. Companies buy stocks to get the money they need to grow. Whereas people buy the stocks, also called as securities as investment or ways of possibly earning money. A stock Market Prediction model will help people to predict particular company’s stock price before they want to invest. This system will help people to invest wisely.",0,in recent time’s stock market predictions is gaining more attention maybe due to the fact that if the trend of the market is successfully predicted the investors may be better guided a stock exchange is a system where you can buy and sell stocks by stock we mean the share in the ownership of the company companies buy stocks to get the money they need to grow whereas people buy the stocks also called as securities as investment or ways of possibly earning money a stock market prediction model will help people to predict particular company’s stock price before they want to invest this system will help people to invest wisely
10.1109/epia.2005.341268,"The use of intelligent systems for stock market predictions has been widely established. In this paper, we introduce a genetic programming technique (called multi-expression programming) for the prediction of two stock indices. The performance is then compared with an artificial neural network trained using Levenberg-Marquardt algorithm, support vector machine, Takagi-Sugeno Neuro-Fuzzy model and difference boosting neural network. We considered Nasdaq-100 index of Nasdaq Stock MarketSM and the S&P CNX NIFTY stock index as test data",0,the use of intelligent systems for stock market predictions has been widely established in this paper we introduce a genetic programming technique called multiexpression programming for the prediction of two stock indices the performance is then compared with an artificial neural network trained using levenbergmarquardt algorithm support vector machine takagisugeno neurofuzzy model and difference boosting neural network we considered nasdaq index of nasdaq stock marketsm and the sp cnx nifty stock index as test data
10.21090/ijaerd.rtde14,The use of Neural networks has found  a variegated field of applications in the  present world. This has led to the development  of  various  models  for  financial   markets and  investment. This paper represents the  idea  how  to predict   share   market  price    using   Artificial   Neural Network  with a given input parameters of share market. Artificial  Neural   Network   can   remember data  of  any number of years and  it can  predict the feature based on the  past data. This paper makes use feed  forward architecture  for  prediction.  The  network   was  trained using ten  year  data. It shows a  good  performance for market prediction. The network  selected though was not able to predict exact value but it succeeded in predicting the trends of stock market.,0,the use of neural networks has found a variegated field of applications in the present world this has led to the development of various models for financial markets and investment this paper represents the idea how to predict share market price using artificial neural network with a given input parameters of share market artificial neural network can remember data of any number of years and it can predict the feature based on the past data this paper makes use feed forward architecture for prediction the network was trained using ten year data it shows a good performance for market prediction the network selected though was not able to predict exact value but it succeeded in predicting the trends of stock market
10.1109/ijcnn.2005.1556303,"Recently, artificial neural networks (ANNs) have been utilized for financial market applications. On the other hand, we have so far shown that multi-branch neural networks (MBNNs) could have higher representation and generalization ability than conventional NNs. In this paper, we investigate the accuracy of prediction of TOPIX (Tokyo stock exchange prices indexes) using MBNNs. Using the TOPIX related values in time series and other information, MBNNs can learn the characteristics of time series and predict the TOPIX values of the next day. Several simulations were carried out in order to compare the proposed predictor using MBNNs with that using conventional NNs. The results show that the proposed method can have higher accuracy of the prediction.",0,recently artificial neural networks anns have been utilized for financial market applications on the other hand we have so far shown that multibranch neural networks mbnns could have higher representation and generalization ability than conventional nns in this paper we investigate the accuracy of prediction of topix tokyo stock exchange prices indexes using mbnns using the topix related values in time series and other information mbnns can learn the characteristics of time series and predict the topix values of the next day several simulations were carried out in order to compare the proposed predictor using mbnns with that using conventional nns the results show that the proposed method can have higher accuracy of the prediction
10.1109/nics.2016.7725636,"News articles serve the purpose of spreading company's information to the investors either consciously or unconsciously in their trading strategies on the stock market. Because of the immense growth of the internet in the last decade, the amount of financial articles have experienced a significant growth. It is important to analyze the information as fast as possible so they can support the investors in making the smart trading decisions before the market has had time to adjust itself to the effect of the information. This paper proposes an approach of using time series analysis and improved text mining techniques to predict daily stock market directions. Experiment results show that our system achieved high accuracy (up to 73%) in predicting the stock trends.",0,news articles serve the purpose of spreading companys information to the investors either consciously or unconsciously in their trading strategies on the stock market because of the immense growth of the internet in the last decade the amount of financial articles have experienced a significant growth it is important to analyze the information as fast as possible so they can support the investors in making the smart trading decisions before the market has had time to adjust itself to the effect of the information this paper proposes an approach of using time series analysis and improved text mining techniques to predict daily stock market directions experiment results show that our system achieved high accuracy up to in predicting the stock trends
10.1109/iciccs48265.2020.9121121,"In the Indian stock market, stock costs are viewed as exceptionally fluctuating due to various factors such as political decision results, bits of gossip, budgetary news, public safety events and so on. This fluctuation behavior makes it a difficult and challenging task to predict stock prices. The proposed work aims to develop a new methodology by combining sentiment analysis along with normal stock market prediction from time-series data using deep learning techniques. It extracts sentiments from news events, social media platforms particularly from twitter and incorporates the polarity of the sentiments to enhance the prediction accuracy. From the results and analysis, it can be observed that the proposed approach improved the forecasting accuracy after introducing the sentiment polarity scores. Hence, this model helps the investors to make a wiser and better decision about their investment.",0,in the indian stock market stock costs are viewed as exceptionally fluctuating due to various factors such as political decision results bits of gossip budgetary news public safety events and so on this fluctuation behavior makes it a difficult and challenging task to predict stock prices the proposed work aims to develop a new methodology by combining sentiment analysis along with normal stock market prediction from timeseries data using deep learning techniques it extracts sentiments from news events social media platforms particularly from twitter and incorporates the polarity of the sentiments to enhance the prediction accuracy from the results and analysis it can be observed that the proposed approach improved the forecasting accuracy after introducing the sentiment polarity scores hence this model helps the investors to make a wiser and better decision about their investment
10.1109/gcat52182.2021.9587540,"Bond price prediction is a trendy, demanding, hard and complicated problem in the realm of computation that usually includes considerable interaction between people and computers. The trends for predicting stock market physical aspects versus physiological, rational, and illogical conduct, investor emotion, market whispers are engaged in various factors. All those facets mix to make stock values extremely sophisticated and exceedingly difficult to accurately anticipate. [15] Because of the linked nature of stock prices, sequential prediction algorithms may be used for stock market prediction efficiently. ML methods can identify patterns and determine the logic and forecasts and can be utilized to produce unerringly correct predictions. [8] We have explored several different algorithms to forecast the stock market from simple algorithms, such as Simple Average, Linear regression, to advance algorithms like ARIMA, LSTM, and compare what gives us a more accurate result and works more efficiently. We offer a research technology that employs the improved Long Short Term Memory (LSTM) version of RNN, with stochastic gradient descent maintaining the weights for each data variable. [8] To help us deliver more efficient and accurate outcomes than existing stock price prediction systems. We have utilized the TSLA dataset to create the stock prediction model: this is TESLA Inc. from Yahoo Finance. We have analyzed future stock prices using data-frame closing prices, built up and trained the LSTM model, and have taken a data set sample to generate stock forecasts and computed additional RMSE for correctness and effectiveness. We have also displayed several algorithms for comparative predictions, Based on these outcomes, LSTM is recommended for stock market forecasts.",0,bond price prediction is a trendy demanding hard and complicated problem in the realm of computation that usually includes considerable interaction between people and computers the trends for predicting stock market physical aspects versus physiological rational and illogical conduct investor emotion market whispers are engaged in various factors all those facets mix to make stock values extremely sophisticated and exceedingly difficult to accurately anticipate because of the linked nature of stock prices sequential prediction algorithms may be used for stock market prediction efficiently ml methods can identify patterns and determine the logic and forecasts and can be utilized to produce unerringly correct predictions we have explored several different algorithms to forecast the stock market from simple algorithms such as simple average linear regression to advance algorithms like arima lstm and compare what gives us a more accurate result and works more efficiently we offer a research technology that employs the improved long short term memory lstm version of rnn with stochastic gradient descent maintaining the weights for each data variable to help us deliver more efficient and accurate outcomes than existing stock price prediction systems we have utilized the tsla dataset to create the stock prediction model this is tesla inc from yahoo finance we have analyzed future stock prices using dataframe closing prices built up and trained the lstm model and have taken a data set sample to generate stock forecasts and computed additional rmse for correctness and effectiveness we have also displayed several algorithms for comparative predictions based on these outcomes lstm is recommended for stock market forecasts
10.1007/s00521-024-10303-1,"Abstract Time series forecasting models are essential decision support tools in real-world domains. Stock market is a remarkably complex domain, due to its quickly evolving temporal nature, as well as the multiple factors having an impact on stock prices. To date, a number of machine learning-based approaches have been proposed in the literature to tackle stock trend prediction. However, they typically tend to analyze a single data source or modality, or consider multiple modalities in isolation and rely on simple combination strategies, with a potential reduction in their modeling power. In this paper, we propose a multimodal deep fusion model to predict stock trends, leveraging daily stock prices, technical indicators, and sentiment in daily news headlines published by media outlets. The proposed architecture leverages a BERT-based model branch fine-tuned on financial news and a long short-term memory (LSTM) branch that captures relevant temporal patterns in multivariate data, including stock prices and technical indicators. Our experiments on 12 different stock datasets with prices and news headlines demonstrate that our proposed model is more effective than popular baseline approaches, both in terms of accuracy and trading performance in a portfolio analysis simulation, highlighting the positive impact of multimodal deep learning for stock trend prediction.",0,abstract time series forecasting models are essential decision support tools in realworld domains stock market is a remarkably complex domain due to its quickly evolving temporal nature as well as the multiple factors having an impact on stock prices to date a number of machine learningbased approaches have been proposed in the literature to tackle stock trend prediction however they typically tend to analyze a single data source or modality or consider multiple modalities in isolation and rely on simple combination strategies with a potential reduction in their modeling power in this paper we propose a multimodal deep fusion model to predict stock trends leveraging daily stock prices technical indicators and sentiment in daily news headlines published by media outlets the proposed architecture leverages a bertbased model branch finetuned on financial news and a long shortterm memory lstm branch that captures relevant temporal patterns in multivariate data including stock prices and technical indicators our experiments on different stock datasets with prices and news headlines demonstrate that our proposed model is more effective than popular baseline approaches both in terms of accuracy and trading performance in a portfolio analysis simulation highlighting the positive impact of multimodal deep learning for stock trend prediction
10.1109/access.2024.3434524,"Predicting the closing price of the stock market with accuracy is highly uncertain and volatile. Deep learning (DL) can analyze vast amounts of historical stock data to identify patterns and correlations, aiding in predictive modeling. By learning from past market behavior, deep learning algorithms can potentially forecast future price movements with some degree of accuracy. This research presents a hybrid Long Short-Term Memory (LSTM) and Deep Neural Network (DNN) model designed to tackle the complexities of stock market prediction, including market volatility and intricate patterns. Initially the proposed model is being trained on Bajaj’s stock dataset. Getting noteworthy performance in single dataset does not prove robustness of the model. The research validates the model’s robustness and scalability through rigorous comparative analysis on 26 company’s stock datasets, achieving an average R-squared (R2) score of 0.98606, a Mean Absolute Error (MAE) of 0.0210, and a Mean Squared Error (MSE) of 0.00111. To assess the contribution of our proposed model, we retrained previously used deep learning models alongside our new approach, utilizing a shared dataset for validation. Additionally, we provide ablation study of LSTM-DNN model which provides insights into the individual contributions of each component towards detecting closing price of stocks, offering valuable information for optimizing future stock market prediction models. The model’s exceptional performance sets a new standard in stock market prediction, offering promising implications for investors, traders, and financial analysts. Making our work available open-source on https://github.com/codewithkhurshed/SMP-IUB can enhance its accessibility and promote future research opportunities in stock market price prediction.",0,predicting the closing price of the stock market with accuracy is highly uncertain and volatile deep learning dl can analyze vast amounts of historical stock data to identify patterns and correlations aiding in predictive modeling by learning from past market behavior deep learning algorithms can potentially forecast future price movements with some degree of accuracy this research presents a hybrid long shortterm memory lstm and deep neural network dnn model designed to tackle the complexities of stock market prediction including market volatility and intricate patterns initially the proposed model is being trained on bajaj’s stock dataset getting noteworthy performance in single dataset does not prove robustness of the model the research validates the model’s robustness and scalability through rigorous comparative analysis on company’s stock datasets achieving an average rsquared r score of a mean absolute error mae of and a mean squared error mse of to assess the contribution of our proposed model we retrained previously used deep learning models alongside our new approach utilizing a shared dataset for validation additionally we provide ablation study of lstmdnn model which provides insights into the individual contributions of each component towards detecting closing price of stocks offering valuable information for optimizing future stock market prediction models the model’s exceptional performance sets a new standard in stock market prediction offering promising implications for investors traders and financial analysts making our work available opensource on can enhance its accessibility and promote future research opportunities in stock market price prediction
10.22214/ijraset.2021.35755,"Stock market is one of the most complicated and sophisticated ways to do business. Small ownerships, brokerage corporations, banking sectors, all depend on this very body to make revenue and divide risks; a very complicated model. However, this paper proposes to use machine learning algorithms to predict the future stock price for exchange by using pre-existing algorithms to help make this unpredictable format of business a little more predictable. The use of machine learning which makes predictions based on the values of current stock market indices by training on their previous values. Machine learning itself employs different models to make prediction easier and authentic. The data has to be cleansed before it can be used for predictions. This paper focuses on categorizing various methods used for predictive analytics in different domains to date, their shortcomings.",0,stock market is one of the most complicated and sophisticated ways to do business small ownerships brokerage corporations banking sectors all depend on this very body to make revenue and divide risks a very complicated model however this paper proposes to use machine learning algorithms to predict the future stock price for exchange by using preexisting algorithms to help make this unpredictable format of business a little more predictable the use of machine learning which makes predictions based on the values of current stock market indices by training on their previous values machine learning itself employs different models to make prediction easier and authentic the data has to be cleansed before it can be used for predictions this paper focuses on categorizing various methods used for predictive analytics in different domains to date their shortcomings
10.1109/access.2019.2921092,"Forecasting of stock market returns is a challenging research activity that is now expanding with the availability of new data sources, markets, financial instruments, and algorithms. At its core, the predictability of prices still raises important questions. Here, we discuss the economic significance of the prediction accuracy. To develop this question, we collect the daily series prices of almost half of the publicly traded companies around the world over a period of ten years and formulate some trading strategies based on their prediction. Proper visualization of these data together with the use of the No Free Lunch theoretical framework gives some unexpected results that show how the a priori less accurate algorithms and inefficient strategies can offer better results than the a priori best alternatives in some particular subsets of data that have a clear interpretation in terms of economic sectors and regions.",0,forecasting of stock market returns is a challenging research activity that is now expanding with the availability of new data sources markets financial instruments and algorithms at its core the predictability of prices still raises important questions here we discuss the economic significance of the prediction accuracy to develop this question we collect the daily series prices of almost half of the publicly traded companies around the world over a period of ten years and formulate some trading strategies based on their prediction proper visualization of these data together with the use of the no free lunch theoretical framework gives some unexpected results that show how the a priori less accurate algorithms and inefficient strategies can offer better results than the a priori best alternatives in some particular subsets of data that have a clear interpretation in terms of economic sectors and regions
10.17577/ijertv9is060064,"Stock market prediction is a very important aspect in the financial market. It is important to predict the stock market successfully in order to achieve maximum profit. This paper will focus on applying machine learning algorithms like Random Forest, Support Vector Machine, KNN and Logistic Regression on datasets. We evaluate the algorithms by finding performance metrics like accuracy, recall, precision and fscore. Our objective is to identify the best possible algorithm for predicting future stock market performances. The successful prediction of the stock market will have a very positive impact on the stock market institutions and the investors also.",0,stock market prediction is a very important aspect in the financial market it is important to predict the stock market successfully in order to achieve maximum profit this paper will focus on applying machine learning algorithms like random forest support vector machine knn and logistic regression on datasets we evaluate the algorithms by finding performance metrics like accuracy recall precision and fscore our objective is to identify the best possible algorithm for predicting future stock market performances the successful prediction of the stock market will have a very positive impact on the stock market institutions and the investors also
10.1080/00051144.2023.2217602,"Stock market movements, stocks, and exchange rates are the primary subjects and active areas of research for analysts and researchers. The stock prices is being influenced by financial news, which has been demonstrated to be an important element in fluctuating stock prices. Furthermore, previous research mostly evaluated shallow characteristics and ignored functional relationships between words in a sentence. Many studies have attempted to analyse the sentiment of investors’ reactions to corresponding news occurrences. In this paper, we proposed a unique methodology for predicting the stock prices trend by using both stock features and financial news. The proposed methodology is the hybrid Recurrent Neural-Network (HyRNN) architecture. This design includes Bidirectional Long Short-Term Memory (Bi-LSTM) on top of the Gated Recurrent Unit (GRU) and stacked Long Short-Term Memory (sLSTM). The performance of HyRNN for forecasting stock price can be considerably improved by mixing the sentiments of financial news with the features of stock as an input to the model. In comparison to earlier statistical models, the suggested model increases the analysing capability of GRU, LSTM, RNN, and proposed models independently. The findings of this study shows the deep learning (DL) approach has high potential for predicting stock price changes.",0,stock market movements stocks and exchange rates are the primary subjects and active areas of research for analysts and researchers the stock prices is being influenced by financial news which has been demonstrated to be an important element in fluctuating stock prices furthermore previous research mostly evaluated shallow characteristics and ignored functional relationships between words in a sentence many studies have attempted to analyse the sentiment of investors’ reactions to corresponding news occurrences in this paper we proposed a unique methodology for predicting the stock prices trend by using both stock features and financial news the proposed methodology is the hybrid recurrent neuralnetwork hyrnn architecture this design includes bidirectional long shortterm memory bilstm on top of the gated recurrent unit gru and stacked long shortterm memory slstm the performance of hyrnn for forecasting stock price can be considerably improved by mixing the sentiments of financial news with the features of stock as an input to the model in comparison to earlier statistical models the suggested model increases the analysing capability of gru lstm rnn and proposed models independently the findings of this study shows the deep learning dl approach has high potential for predicting stock price changes
10.1016/j.procs.2020.07.087,"High Frequency Trading (HFT) is part of algorithmic trading, and one of the biggest changes that happened in the last 15 years. HFT or nanotrading represents the ability, for a trader, to take orders within very short delays. This paper presents a model based on technical indicators with Long Short Term Memory in order to forecast the price of a stock one-minute, five-minutes and ten-minutes ahead. First, we get the S&P500 intraday trading data from Kaggle, then we calculate technical indicators and finally, we train the regression Long-Short Term Memory model. Based on the price history, alongside technical analysis indicators and strategies, this model is executed, and the results are analyzed based on performance metrics and profitability. Experiment results show that the proposed method is effective as well as suitable for prediction a few minutes before.",0,high frequency trading hft is part of algorithmic trading and one of the biggest changes that happened in the last years hft or nanotrading represents the ability for a trader to take orders within very short delays this paper presents a model based on technical indicators with long short term memory in order to forecast the price of a stock oneminute fiveminutes and tenminutes ahead first we get the sp intraday trading data from kaggle then we calculate technical indicators and finally we train the regression longshort term memory model based on the price history alongside technical analysis indicators and strategies this model is executed and the results are analyzed based on performance metrics and profitability experiment results show that the proposed method is effective as well as suitable for prediction a few minutes before
10.22266/ijies2017.1231.08,"In the recent, past accurate forecasting of stock market has become a challenging task. The proposed approach helps to achieve high precision in stock market prediction by combining the sensex points, with Really Simple Syndication (RSS) news feeds and Tweets. The algorithm focuses on the correlation between the stock market values, sentiments of tweets and RSS feeds for a particular period of time. In this algorithm, a trained model is used for stock market prediction rates. Experimental study focuses on the stock market sensex prices, RSS news feeds and tweets which are collected for the company ARBK from Amman Stock Exchange (ASE). This paper follows two types of hypothesises. Null Hypothesis H0: Stock level indicators predict the trend of stock rates at an allowable rate of minimum 80% above. Alternate Hypothesis Ha: Stock level indicators along with the sentiment analysis of RSS news feeds and tweets as stock enhances the accuracy of prediction. Our experimental study has proved the correlation between Stock level indicators and RSS news feeds and tweets and has shown significant improvement of 20% in prediction accuracy. .",0,in the recent past accurate forecasting of stock market has become a challenging task the proposed approach helps to achieve high precision in stock market prediction by combining the sensex points with really simple syndication rss news feeds and tweets the algorithm focuses on the correlation between the stock market values sentiments of tweets and rss feeds for a particular period of time in this algorithm a trained model is used for stock market prediction rates experimental study focuses on the stock market sensex prices rss news feeds and tweets which are collected for the company arbk from amman stock exchange ase this paper follows two types of hypothesises null hypothesis h stock level indicators predict the trend of stock rates at an allowable rate of minimum above alternate hypothesis ha stock level indicators along with the sentiment analysis of rss news feeds and tweets as stock enhances the accuracy of prediction our experimental study has proved the correlation between stock level indicators and rss news feeds and tweets and has shown significant improvement of in prediction accuracy
10.1109/ijcnn.2003.1223946,"Recent studies show that there is a significant bidirectional nonlinear causality between stock return and trading volume. This research reinforces the results presented previously and we further investigate whether trading volume can significantly improve the forecasting performance of neural networks, or whether neural networks can adequately model such nonlinearity. Neural networks are trained with the data of stock returns and trading volumes from standard and poor 500 composite index (S&P 500) and Dow Jones Industry index (DJI). The results are used to compare with those networks developed without trading volumes. Daily data is applied to train neural networks in order to test whether trading volumes can help in short-term forecasting. Directional symmetry (DS) and mean absolute percentage error (MAPE) are both employed to test the result of robustness. Empirical results indicate that trading volume has little effect on the performance of direction forecasting. Sometimes it may lead to over-fitting. For forecasting accuracy, trading volume leads to irregular improvements.",0,recent studies show that there is a significant bidirectional nonlinear causality between stock return and trading volume this research reinforces the results presented previously and we further investigate whether trading volume can significantly improve the forecasting performance of neural networks or whether neural networks can adequately model such nonlinearity neural networks are trained with the data of stock returns and trading volumes from standard and poor composite index sp and dow jones industry index dji the results are used to compare with those networks developed without trading volumes daily data is applied to train neural networks in order to test whether trading volumes can help in shortterm forecasting directional symmetry ds and mean absolute percentage error mape are both employed to test the result of robustness empirical results indicate that trading volume has little effect on the performance of direction forecasting sometimes it may lead to overfitting for forecasting accuracy trading volume leads to irregular improvements
10.1109/cisim.2010.5643675,"Neural networks, as an intelligent data mining method, have been used in many different challenging pattern recognition problems such as stock market prediction. However, there is no formal method to determine the optimal neural network for prediction purpose in the literature. In this paper, two kinds of neural networks, a feed forward multi layer Perceptron (MLP) and an Elman recurrent network, are used to predict a company's stock value based on its stock share value history. The experimental results show that the application of MLP neural network is more promising in predicting stock value changes rather than Elman recurrent network and linear regression method. However, based on the standard measures that will be presented in the paper we find that the Elman recurrent network and linear regression can predict the direction of the changes of the stock value better than the MLP.",0,neural networks as an intelligent data mining method have been used in many different challenging pattern recognition problems such as stock market prediction however there is no formal method to determine the optimal neural network for prediction purpose in the literature in this paper two kinds of neural networks a feed forward multi layer perceptron mlp and an elman recurrent network are used to predict a companys stock value based on its stock share value history the experimental results show that the application of mlp neural network is more promising in predicting stock value changes rather than elman recurrent network and linear regression method however based on the standard measures that will be presented in the paper we find that the elman recurrent network and linear regression can predict the direction of the changes of the stock value better than the mlp
10.5772/intechopen.92253,"Market prediction offers great profit avenues and is a fundamental stimulus for most researchers in this area. To predict the market, most researchers use either technical or fundamental analysis. Technical analysis focuses on analyzing the direction of prices to predict future prices, while fundamental analysis depends on analyzing unstructured textual information like financial news and earning reports. More and more valuable market information has now become publicly available online. This draws a picture of the significance of text mining strategies to extract significant information to analyze market behavior. While many papers reviewed the prediction techniques based on technical analysis methods, the papers that concentrate on the use of text mining methods were scarce. In contrast to the other current review articles that concentrate on discussing many methods used for forecasting the stock market, this study aims to compare many machine learning (ML) and deep learning (DL) methods used for sentiment analysis to find which method could be more effective in prediction and for which types and amount of data. The study also clarifies the recent research findings and its potential future directions by giving a detailed analysis of the textual data processing and future research opportunity for each reviewed study.",0,market prediction offers great profit avenues and is a fundamental stimulus for most researchers in this area to predict the market most researchers use either technical or fundamental analysis technical analysis focuses on analyzing the direction of prices to predict future prices while fundamental analysis depends on analyzing unstructured textual information like financial news and earning reports more and more valuable market information has now become publicly available online this draws a picture of the significance of text mining strategies to extract significant information to analyze market behavior while many papers reviewed the prediction techniques based on technical analysis methods the papers that concentrate on the use of text mining methods were scarce in contrast to the other current review articles that concentrate on discussing many methods used for forecasting the stock market this study aims to compare many machine learning ml and deep learning dl methods used for sentiment analysis to find which method could be more effective in prediction and for which types and amount of data the study also clarifies the recent research findings and its potential future directions by giving a detailed analysis of the textual data processing and future research opportunity for each reviewed study
10.21786/bbrc/14.9.17,"In era of Internet and Big Data where investors are open to share sentiments or opinion about share price for discussion which leads to generate massive amount of unstructured data. This unstructured data further affects the direction of stock price on the basis of investor's emotions and sentiments. In recent years, Deep Learning techniques are extensively explored to predict stock fluctuation using historical data, technical indicators and sentiment analysis. This paper inspects the recent literature in the area of Deep Learning Neural Network, Sentiment Analysis, Data Mining, Fuzzy logic and Machine Learning systems to predict the stock market movement. Due to its nonlinear approach, stock market prediction cannot be relying on traditional methods including fundament analysis and technical analysis. In this paper, we give close eye on summarization enhancements, challenges, future scope and categorized research papers published in this field since 2011. Many recent proposed algorithm's methodologies are studied and presented briefly in this paper. Although discussion was based on predictor techniques, trading strategies and evaluation matrices.",0,in era of internet and big data where investors are open to share sentiments or opinion about share price for discussion which leads to generate massive amount of unstructured data this unstructured data further affects the direction of stock price on the basis of investors emotions and sentiments in recent years deep learning techniques are extensively explored to predict stock fluctuation using historical data technical indicators and sentiment analysis this paper inspects the recent literature in the area of deep learning neural network sentiment analysis data mining fuzzy logic and machine learning systems to predict the stock market movement due to its nonlinear approach stock market prediction cannot be relying on traditional methods including fundament analysis and technical analysis in this paper we give close eye on summarization enhancements challenges future scope and categorized research papers published in this field since many recent proposed algorithms methodologies are studied and presented briefly in this paper although discussion was based on predictor techniques trading strategies and evaluation matrices
10.1080/09720510.2020.1724627,"Stock Market Prediction (SMP) is highly complex in nature and its research has been of utmost importance in recent years. People involved in the Stock Market do not invest randomly. They invest based on some kind of prediction. Employing traditional methods like technical and fundamental analysis may not ensure the reliability of the prediction. Although one can never be sure of the rise and fall of the Market, predicting it to a great extent is very much possible using the modern techniques of Machine Learning (ML), Data Mining and Deep Learning. In this paper, we survey various approaches including Support Vector Machine (SVM), Random Forests (RF), Naïve Bayes (NB), Regression and some fusion models. These modern methods which involve ML, Data Mining and Deep Learning have proven to give more reliable results than the traditional methods of Stock Prediction and have a high possibility of advancement in the future.",0,stock market prediction smp is highly complex in nature and its research has been of utmost importance in recent years people involved in the stock market do not invest randomly they invest based on some kind of prediction employing traditional methods like technical and fundamental analysis may not ensure the reliability of the prediction although one can never be sure of the rise and fall of the market predicting it to a great extent is very much possible using the modern techniques of machine learning ml data mining and deep learning in this paper we survey various approaches including support vector machine svm random forests rf naïve bayes nb regression and some fusion models these modern methods which involve ml data mining and deep learning have proven to give more reliable results than the traditional methods of stock prediction and have a high possibility of advancement in the future
10.2298/csis200301002l,"The sustainable development of the national economy depends on the continuous growth and growth of the capital market, and the stock market is an important factor of the capital market. The growth of the stock market can generate a huge positive force for the country's economic strength, and the steady growth of the stock market also plays a pivotal role in the overall economic pulsation and is very helpful to the country's high economic development. There are different views on whether the technical analysis of the stock market is efficient. This study aims to explore the feasibility and efficiency of using deep network and technical analysis indicators to estimate short-term price movements of stocks. The subject of this study is TWSE 0050, which is the most traded ETF in Taiwan's stock exchange, and the experimental transaction range is 2017/01 ~ 2019 Q3. A four layer Long Short-Term Memory (LSTM) model was constructed. This research uses well-known technical indicators such as the KD, RSI, BIAS, Williams% R, and MACD, combined with the opening price, closing price, daily high and low prices, etc., to predict the trend of stock prices. The results show that the combination of technical indicators and the LSTM deep network model can achieve 83.6% accuracy in the three categories of rise, fall, and flatness.",0,the sustainable development of the national economy depends on the continuous growth and growth of the capital market and the stock market is an important factor of the capital market the growth of the stock market can generate a huge positive force for the countrys economic strength and the steady growth of the stock market also plays a pivotal role in the overall economic pulsation and is very helpful to the countrys high economic development there are different views on whether the technical analysis of the stock market is efficient this study aims to explore the feasibility and efficiency of using deep network and technical analysis indicators to estimate shortterm price movements of stocks the subject of this study is twse which is the most traded etf in taiwans stock exchange and the experimental transaction range is q a four layer long shortterm memory lstm model was constructed this research uses wellknown technical indicators such as the kd rsi bias williams r and macd combined with the opening price closing price daily high and low prices etc to predict the trend of stock prices the results show that the combination of technical indicators and the lstm deep network model can achieve accuracy in the three categories of rise fall and flatness
10.32628/cseit195361,"Stock price prediction is one of the most complex machine learning problems. It depends on a large number of factors which contribute to changes in the supply and demand. In this paper, we propose a stock prediction analysis using machine learning based on support vector machines (SVM), linear regression and reinforcement learning. SVM are favored in applications where text mining is used for market prediction. SVMs can be used for both linearly and non-linearly separable data sets. when the data is linearly separable, SVMs construct a hyperplane on the feature space to distinguish the training tuples in the data such that the margin between the support vectors is maximized. Correlation is used between stock prices of different companies to predict the price of a stock by using technical indicator of highly correlated stocks, not only stock to be predicted.",0,stock price prediction is one of the most complex machine learning problems it depends on a large number of factors which contribute to changes in the supply and demand in this paper we propose a stock prediction analysis using machine learning based on support vector machines svm linear regression and reinforcement learning svm are favored in applications where text mining is used for market prediction svms can be used for both linearly and nonlinearly separable data sets when the data is linearly separable svms construct a hyperplane on the feature space to distinguish the training tuples in the data such that the margin between the support vectors is maximized correlation is used between stock prices of different companies to predict the price of a stock by using technical indicator of highly correlated stocks not only stock to be predicted
10.1109/icaict.2015.7338559,"Researchers of various fields have always been interested in devising a fault-proof method for the prediction of stock market. Extensive research has been done using Machine Learning Algorithms like SVM, to successfully predict the stock activity in the market using machine learning algorithms mainly Support Vector Machine (SVM). In this paper a scenario in which a portfolio trading strategy is formulated using machine learning algorithms. The strategy will be considered profitable by judging its ability to identify stock indices accurately and consistently, proposing positive or negative returns and in the end it should use a learned model to produce a preferred portfolio allocation. Some of the Technical Indicators like Multiple Regression Analysis (MRA) and different data clustering techniques are used as input to train the system. The learned model is constructed as weighted support vector machine (SVM) classifier, Relevance Vector Machine, random forest classifiers and Multiple Layer Perceptron (MPL). The decision value would be chosen using a majority voting mechanism. The ensemble learning is augmented by a boosting meta-algorithm and feature selection is performed by a supervised Relief algorithm. Stocks listed in Istanbul Stock Exchange (ISE) in Turkey are used to evaluate the performance of the system. A comparison of results obtained using ensemble committee and those using other approaches would show that the ensemble approach has a lower error rate and generates fewer but compact rules.",0,researchers of various fields have always been interested in devising a faultproof method for the prediction of stock market extensive research has been done using machine learning algorithms like svm to successfully predict the stock activity in the market using machine learning algorithms mainly support vector machine svm in this paper a scenario in which a portfolio trading strategy is formulated using machine learning algorithms the strategy will be considered profitable by judging its ability to identify stock indices accurately and consistently proposing positive or negative returns and in the end it should use a learned model to produce a preferred portfolio allocation some of the technical indicators like multiple regression analysis mra and different data clustering techniques are used as input to train the system the learned model is constructed as weighted support vector machine svm classifier relevance vector machine random forest classifiers and multiple layer perceptron mpl the decision value would be chosen using a majority voting mechanism the ensemble learning is augmented by a boosting metaalgorithm and feature selection is performed by a supervised relief algorithm stocks listed in istanbul stock exchange ise in turkey are used to evaluate the performance of the system a comparison of results obtained using ensemble committee and those using other approaches would show that the ensemble approach has a lower error rate and generates fewer but compact rules
10.1109/icee50131.2020.9261055,"This paper proposes a strategy for the stock market closing price prediction-by-prediction using the autoencoder long short-term memory (AE-LSTM) networks. To integrate technical analysis with deep learning methods, technical indicators and oscillators are added to the raw dataset as features. The wavelet transformation is used as a noise-removal technique in the stock index. Anomaly detection in dataset is also performed through the z-score method. First, the autoencoder is trained to represent the data. Then, the encoder extracts feature and puts them into the LSTM network for predicting the closing price of the stock index. Afterwards, the system predicts subsequently based on the previous predictions. To evaluate the theoretical results, the proposed method is experimented on the standard and poor's 500 (S&P 500) stock market index through several simulation studies. To analyze the results, several performance criteria are used to compare the results with the generative adversarial network (GAN). The simulation studies are conducted to show the effectiveness of the proposed method in the Python environment, and the results show that the proposed prediction-by-prediction method outperforms GAN in terms of daily adjusted closing price prediction.",0,this paper proposes a strategy for the stock market closing price predictionbyprediction using the autoencoder long shortterm memory aelstm networks to integrate technical analysis with deep learning methods technical indicators and oscillators are added to the raw dataset as features the wavelet transformation is used as a noiseremoval technique in the stock index anomaly detection in dataset is also performed through the zscore method first the autoencoder is trained to represent the data then the encoder extracts feature and puts them into the lstm network for predicting the closing price of the stock index afterwards the system predicts subsequently based on the previous predictions to evaluate the theoretical results the proposed method is experimented on the standard and poors sp stock market index through several simulation studies to analyze the results several performance criteria are used to compare the results with the generative adversarial network gan the simulation studies are conducted to show the effectiveness of the proposed method in the python environment and the results show that the proposed predictionbyprediction method outperforms gan in terms of daily adjusted closing price prediction
10.1016/j.socl.2021.100013,"Stock market prediction is the process of forecasting future prices of stocks. Stock market prediction is a challenging process as a result of uncertainties that influence the market change of price. This paper proposes a nature-inspired algorithm, called Auditory Algorithm (AA), which follows the pathway of the auditory system like that of the human ear. The performance of AA is compared with that of high performance machine learning algorithms and continuous-time stochastic process. The machine learning algorithms used in this paper are Logistic Regression (LR), Support Vector Machine (SVM), Feed forward neural network (FFN) and Recurrent Neural Network (RNN) while continuous-time models such as Stochastic Differential Equation (SDE) and Geometric Brownian Motion (GBM) are also used. The results show that the overall performance of AA is superior to that of other algorithms compared in this paper, as it drastically reduced the forecast error to the barest minimum.",0,stock market prediction is the process of forecasting future prices of stocks stock market prediction is a challenging process as a result of uncertainties that influence the market change of price this paper proposes a natureinspired algorithm called auditory algorithm aa which follows the pathway of the auditory system like that of the human ear the performance of aa is compared with that of high performance machine learning algorithms and continuoustime stochastic process the machine learning algorithms used in this paper are logistic regression lr support vector machine svm feed forward neural network ffn and recurrent neural network rnn while continuoustime models such as stochastic differential equation sde and geometric brownian motion gbm are also used the results show that the overall performance of aa is superior to that of other algorithms compared in this paper as it drastically reduced the forecast error to the barest minimum
10.35940/ijitee.i7642.079920,"The Stock Market is a challenging forum for investment and requires immense brainstorming before one shall put their hard earned money to work. This project aims at processing large volumes of data and running comprehensive regression algorithms on the dataset; that will predict the future value of a stock using the regression model with the highest accuracy. The purpose of this paper is to analyze the shortcomings of the current system and building a time-series model that would mitigate most of them by implementing more efficient algorithms. Using this model, anyone can monitor the preferred stock that they want to invest in; and maximize profit by purchasing volume at the lowest price and liquidating the stock when it’s at its highest.",0,the stock market is a challenging forum for investment and requires immense brainstorming before one shall put their hard earned money to work this project aims at processing large volumes of data and running comprehensive regression algorithms on the dataset that will predict the future value of a stock using the regression model with the highest accuracy the purpose of this paper is to analyze the shortcomings of the current system and building a timeseries model that would mitigate most of them by implementing more efficient algorithms using this model anyone can monitor the preferred stock that they want to invest in and maximize profit by purchasing volume at the lowest price and liquidating the stock when it’s at its highest
10.7717/peerj-cs.1700,"Prediction of the stock market is a challenging and time-consuming process. In recent times, various research analysts and organizations have used different tools and techniques to analyze and predict stock price movements. During the early days, investors mainly depend on technical indicators and fundamental parameters for short-term and long-term predictions, whereas nowadays many researchers started adopting artificial intelligence-based methodologies to predict stock price movements. In this article, an exhaustive literature study has been carried out to understand multiple techniques employed for prediction in the field of the financial market. As part of this study, more than hundreds of research articles focused on global indices and stock prices were collected and analyzed from multiple sources. Further, this study helps the researchers and investors to make a collective decision and choose the appropriate model for better profit and investment based on local and global market conditions.",0,prediction of the stock market is a challenging and timeconsuming process in recent times various research analysts and organizations have used different tools and techniques to analyze and predict stock price movements during the early days investors mainly depend on technical indicators and fundamental parameters for shortterm and longterm predictions whereas nowadays many researchers started adopting artificial intelligencebased methodologies to predict stock price movements in this article an exhaustive literature study has been carried out to understand multiple techniques employed for prediction in the field of the financial market as part of this study more than hundreds of research articles focused on global indices and stock prices were collected and analyzed from multiple sources further this study helps the researchers and investors to make a collective decision and choose the appropriate model for better profit and investment based on local and global market conditions
10.1109/iccsea49143.2020.9132928,"Stock market prediction is one of the most popular use cases for machine learning models. A general model that can predict the rise and fall of stocks is an arduous task as there maybe multifarious factors that can affect stock prices. This paper attempts to create a model by emulating the approach traders, investors and analysts take to evaluate stock investment strategy. A conjunction of both technical analyses using available numerical data about stocks and fundamental analysis using news headlines are attempted to understand and predict market behavior for the Google stock. For this purpose, sentiment analysis is used to understand news data regarding the stock along with existing time series data as input for an LSTM neural network. It is observed that such an approach yields a more intuitive and accurate yet generalized model that can be used for prediction of the stock market.",0,stock market prediction is one of the most popular use cases for machine learning models a general model that can predict the rise and fall of stocks is an arduous task as there maybe multifarious factors that can affect stock prices this paper attempts to create a model by emulating the approach traders investors and analysts take to evaluate stock investment strategy a conjunction of both technical analyses using available numerical data about stocks and fundamental analysis using news headlines are attempted to understand and predict market behavior for the google stock for this purpose sentiment analysis is used to understand news data regarding the stock along with existing time series data as input for an lstm neural network it is observed that such an approach yields a more intuitive and accurate yet generalized model that can be used for prediction of the stock market
10.1016/j.procs.2016.06.096,"Stock market price data is generated in huge volume and it changes every second. Stock market is a complex and challenging system where people will either gain money or lose their entire life savings. In this work, an attempt is made for prediction of stock market trend. Two models are built one for daily prediction and the other one is for monthly prediction. Supervised machine learning algorithms are used to build the models. As part of the daily prediction model, historical prices are combined with sentiments. Up to 70% of accuracy is observed using supervised machine learning algorithms on daily prediction model. Monthly prediction model tries to evaluate whether there is any similarity between any two months trend. Evaluation proves that trend of one month is least correlated with the trend of another month.",0,stock market price data is generated in huge volume and it changes every second stock market is a complex and challenging system where people will either gain money or lose their entire life savings in this work an attempt is made for prediction of stock market trend two models are built one for daily prediction and the other one is for monthly prediction supervised machine learning algorithms are used to build the models as part of the daily prediction model historical prices are combined with sentiments up to of accuracy is observed using supervised machine learning algorithms on daily prediction model monthly prediction model tries to evaluate whether there is any similarity between any two months trend evaluation proves that trend of one month is least correlated with the trend of another month
10.1109/icstcee49637.2020.9276859,"With the up-gradation of technology and exploration of new machine learning models, the stock market data analysis has gained attention as these models provide a platform for businessman and traders to choose more profitable stocks. As these data are in large volumes and highly complex so a need of more efficient machine learning model for daily predictions is always looked upon. Therefore, in this work an extensive comparative analysis of already implemented models for stock trade market has been performed. On the basis of results obtained, new linear regression models are proposed which provide much significant error reduction. It was observed that appending two linear regression models where output of first block is fed to the input of second linear regression model gives the most efficient prediction model.",0,with the upgradation of technology and exploration of new machine learning models the stock market data analysis has gained attention as these models provide a platform for businessman and traders to choose more profitable stocks as these data are in large volumes and highly complex so a need of more efficient machine learning model for daily predictions is always looked upon therefore in this work an extensive comparative analysis of already implemented models for stock trade market has been performed on the basis of results obtained new linear regression models are proposed which provide much significant error reduction it was observed that appending two linear regression models where output of first block is fed to the input of second linear regression model gives the most efficient prediction model
10.3233/apc210156,"Predicting the future in all the areas using machine learning techniques was the recent research in the current scenario. Stock market is one among them which needs the prediction future market to invest in the new enterprise or to sell their existing shares to get profit. This need the efficient prediction technique which studies the previous exchanges of stock market and gives the future prediction based on that. This article proposed the prediction system of stock market price based on the exchange takes place in previous scenario. The system studies the diversing effect of market price of product in a particular time gap and analyze its future trend whether it’s loss or gain. During the system of thinking about diverse strategies and variables that should be taken into account, we observed out that strategies like random forest, Support vector machine and regression algorithm. Support vector regression is a beneficial and effective gadget gaining knowledge of approach to apprehend sample of time collection dataset. The data collected for the four years duration which was accumulated to get the expecting prices of the share of the firm. It can produce true prediction end result if the fee of essential parameters may be decided properly. It has been located that the guide vector regression version with RBF kernel indicates higher overall performance while in comparison with different models.",0,predicting the future in all the areas using machine learning techniques was the recent research in the current scenario stock market is one among them which needs the prediction future market to invest in the new enterprise or to sell their existing shares to get profit this need the efficient prediction technique which studies the previous exchanges of stock market and gives the future prediction based on that this article proposed the prediction system of stock market price based on the exchange takes place in previous scenario the system studies the diversing effect of market price of product in a particular time gap and analyze its future trend whether it’s loss or gain during the system of thinking about diverse strategies and variables that should be taken into account we observed out that strategies like random forest support vector machine and regression algorithm support vector regression is a beneficial and effective gadget gaining knowledge of approach to apprehend sample of time collection dataset the data collected for the four years duration which was accumulated to get the expecting prices of the share of the firm it can produce true prediction end result if the fee of essential parameters may be decided properly it has been located that the guide vector regression version with rbf kernel indicates higher overall performance while in comparison with different models
10.1177/02663821211058666,"The main objective of the paper is to anticipate a bibliometric analysis of the research on stock market prediction using social media sentiments. The study has taken out a total of 1450 documents from the year Jan 2010 to Dec 2020. This study attempts to identify a significant journal that has maximum documents, most prolific author, most cited papers, countries, institutions, co-authorship network analysis map, inter-country co-authorship network analysis map, and keyword occurrences. The study has used the Scopus database for analyzing the large set of data of research papers that are counted in the study. And the VOSviewer software is used for generating the maps such as co-authorship analysis network map and keyword occurrence network.",0,the main objective of the paper is to anticipate a bibliometric analysis of the research on stock market prediction using social media sentiments the study has taken out a total of documents from the year jan to dec this study attempts to identify a significant journal that has maximum documents most prolific author most cited papers countries institutions coauthorship network analysis map intercountry coauthorship network analysis map and keyword occurrences the study has used the scopus database for analyzing the large set of data of research papers that are counted in the study and the vosviewer software is used for generating the maps such as coauthorship analysis network map and keyword occurrence network
10.17762/ijritcc.v11i5s.7056,"Stock market forecasting has long been viewed as a vital real-life topic in economics world. There are many challenges in stock market prediction systems such as the Efficient Market Hypothesis (EMH), Nonlinearity, complex, diverse datasets, and parameter optimization. A stock's value on the stock market fluctuates due to many factors like previous trends of the stock, the current news, twitter feeds, any online customer feedbacks etc. In this paper, the literature is critically analysed on approaches used for stock market prediction in terms of stock datasets, features used, evaluation metrics used, statistical, machine learning and deep learning techniques along with the directions for the future. The focus of this review is on trend and value prediction for stocks. Overall, 68 research papers have been considered for review from years 1998-2023. From the review, Indian stock market datasets are found to be most frequently used datasets. Evaluation metrics used commonly are accuracy and Mean Absolute Percentage Error. ARIMA is reported as the most used frequently statistical technique for stick market prediction. Long-Short Term Memory and Support Vector Machine are the commonly used algorithms in stock market prediction. The advantages and disadvantages of frequently used evaluation metrics, machine learning, deep learning and statistical approaches are also included in this survey.",0,stock market forecasting has long been viewed as a vital reallife topic in economics world there are many challenges in stock market prediction systems such as the efficient market hypothesis emh nonlinearity complex diverse datasets and parameter optimization a stocks value on the stock market fluctuates due to many factors like previous trends of the stock the current news twitter feeds any online customer feedbacks etc in this paper the literature is critically analysed on approaches used for stock market prediction in terms of stock datasets features used evaluation metrics used statistical machine learning and deep learning techniques along with the directions for the future the focus of this review is on trend and value prediction for stocks overall research papers have been considered for review from years from the review indian stock market datasets are found to be most frequently used datasets evaluation metrics used commonly are accuracy and mean absolute percentage error arima is reported as the most used frequently statistical technique for stick market prediction longshort term memory and support vector machine are the commonly used algorithms in stock market prediction the advantages and disadvantages of frequently used evaluation metrics machine learning deep learning and statistical approaches are also included in this survey
10.1145/3231884.3231887,"Predicting the trend of stock market prices is a very challenging task, in that stock markets are complicated and can be influenced by a variety of factors. Despite the great difficulty, predicting the trend of stock market prices accurately is very meaningful and can bring a large amount of profit. In the past several decades, a lot of studies have been done on this problem. But most of the methods take only the historic prices data as the input, which is not enough for such a complicated problem. In this paper, a hybrid method taking both historic prices and the news as input is proposed. The hybrid model combines the best of two kinds of networks--RNN-LSTM for time series data and CNN for abstract high-dimensional data. These two different kinds of networks are combined together to make a prediction. A set of experiments have been carried out to show the performance of the proposed method. The result obtained is promising, and the propose method achieves a great degree of accuracy in prediction and outperforms the baselines a lot.",0,predicting the trend of stock market prices is a very challenging task in that stock markets are complicated and can be influenced by a variety of factors despite the great difficulty predicting the trend of stock market prices accurately is very meaningful and can bring a large amount of profit in the past several decades a lot of studies have been done on this problem but most of the methods take only the historic prices data as the input which is not enough for such a complicated problem in this paper a hybrid method taking both historic prices and the news as input is proposed the hybrid model combines the best of two kinds of networksrnnlstm for time series data and cnn for abstract highdimensional data these two different kinds of networks are combined together to make a prediction a set of experiments have been carried out to show the performance of the proposed method the result obtained is promising and the propose method achieves a great degree of accuracy in prediction and outperforms the baselines a lot
10.3923/jai.2018.48.54,"Stock market is considered the primary indicator of a countryʼs economic strength and development.Stock Market prices are volatile in nature and are affected by factors like inflation, economic growth, etc.Prices of a share market depend heavily on demand and supply.High demanded stocks will increase in price whereas heavily sold stocks will decrease in price.Fluctuating stock prices affects the investorʼs belief and thus there is a need to predict the future stock value.The objective of this review is to predict the stock market prices in order to make more informed and accurate investment decisions.Recent trends in stock market prediction are surveyed.Different types of machine learning classifiers and their respective variants.Various approaches and the results of past years are compared based on methodologies, datasets and efficiency and then it is represented in the form of a Graph.The survey describes different theories and conventional approaches to stock market prediction.Along with it, it discusses recent machine learning techniques along with pros and cons of each technique for effectively predicting the future stock prices followed by various researchers.",0,stock market is considered the primary indicator of a countryʼs economic strength and developmentstock market prices are volatile in nature and are affected by factors like inflation economic growth etcprices of a share market depend heavily on demand and supplyhigh demanded stocks will increase in price whereas heavily sold stocks will decrease in pricefluctuating stock prices affects the investorʼs belief and thus there is a need to predict the future stock valuethe objective of this review is to predict the stock market prices in order to make more informed and accurate investment decisionsrecent trends in stock market prediction are surveyeddifferent types of machine learning classifiers and their respective variantsvarious approaches and the results of past years are compared based on methodologies datasets and efficiency and then it is represented in the form of a graphthe survey describes different theories and conventional approaches to stock market predictionalong with it it discusses recent machine learning techniques along with pros and cons of each technique for effectively predicting the future stock prices followed by various researchers
10.1109/ecai50035.2020.9223142,"The objective of this research is to develop a Deep Learning model to forecast the stock price market, by using the variant of Long Short-Term Memory (Deep LSTM). This model predicts close price of the stock for the next day, choosing as inputs the following data: open, high, low, adj close and close prices. We have used the historical stock prices data from yahoo's financial website over 10 years, by choosing two index datasets: Dow Jones Industrial (DJI) and S and P 500 index (daily values). We designed the architectural structure of the deep learning model using eleven LSTM layers and choosing ADAM optimization tools. In order to get effective in the forecasting model, we have tested the network with different iterations and epochs. We have estimated the effectiveness of our proposed model by using the following performance indicators: the mean square error (MSE), the root mean square error (RMSE), the mean absolute percentage error (MAPE) and the accuracy of model. The experimental results clearly show that our Deep LSTM model has the highest accuracy values when comparing with other related researches. Hence, we can conclude that our Deep LSTM model is suitable for accurate prediction of the stock market time series.",0,the objective of this research is to develop a deep learning model to forecast the stock price market by using the variant of long shortterm memory deep lstm this model predicts close price of the stock for the next day choosing as inputs the following data open high low adj close and close prices we have used the historical stock prices data from yahoos financial website over years by choosing two index datasets dow jones industrial dji and s and p index daily values we designed the architectural structure of the deep learning model using eleven lstm layers and choosing adam optimization tools in order to get effective in the forecasting model we have tested the network with different iterations and epochs we have estimated the effectiveness of our proposed model by using the following performance indicators the mean square error mse the root mean square error rmse the mean absolute percentage error mape and the accuracy of model the experimental results clearly show that our deep lstm model has the highest accuracy values when comparing with other related researches hence we can conclude that our deep lstm model is suitable for accurate prediction of the stock market time series
10.1109/hicss.1993.284239,"Within the field of stock market prediction, a controversial discussion between technicians and fundamentalists concerning the qualification of the artificial neural network and statistical methods has taken place. On the one hand, experts use so-called charts to extract those formations they regard to be significant for the future development of stock prices. On the other hand, the fundamentalists have to decide which information, even regarding other influences, they take into consideration. Therefore, it is intended to link both perspectives. ARIMA-models and artificial neural networks are two problem-solving approaches that are investigated in this paper. The authors' intention for both approaches is a short-term prediction (the following day's stock price).< <ETX xmlns:mml=""http://www.w3.org/1998/Math/MathML"" xmlns:xlink=""http://www.w3.org/1999/xlink"">&gt;</ETX>",0,within the field of stock market prediction a controversial discussion between technicians and fundamentalists concerning the qualification of the artificial neural network and statistical methods has taken place on the one hand experts use socalled charts to extract those formations they regard to be significant for the future development of stock prices on the other hand the fundamentalists have to decide which information even regarding other influences they take into consideration therefore it is intended to link both perspectives arimamodels and artificial neural networks are two problemsolving approaches that are investigated in this paper the authors intention for both approaches is a shortterm prediction the following days stock price etx xmlnsmml xmlnsxlink
10.1109/scc.2016.44,"Many researches have been done for stock market prediction. While there are many free and premium data sources available today, and there many new machine learning algorithms have been proposed, most of these researches do not focus on utilizing these data sources and algorithms. This paper proposes a stock market prediction service framework that allows users to choose different data sources and machine learning techniques. In particular, while most existing prediction approaches are based on neural networks, support vector machines or Naive Bayes, we illustrate the flexibility of our framework by including metric learning based methods to predict stock movement.",0,many researches have been done for stock market prediction while there are many free and premium data sources available today and there many new machine learning algorithms have been proposed most of these researches do not focus on utilizing these data sources and algorithms this paper proposes a stock market prediction service framework that allows users to choose different data sources and machine learning techniques in particular while most existing prediction approaches are based on neural networks support vector machines or naive bayes we illustrate the flexibility of our framework by including metric learning based methods to predict stock movement
10.32628/cseit217475,"Stock market prediction is an important topic in ?nancial engineering especially since new techniques and approaches on this matter are gaining value constantly. In this project, we investigate the impact of sentiment expressed through Twitter tweets on stock price prediction. Twitter is the social media platform which provides a free platform for each individual to express their thoughts publicly. Specifically, we fetch the live twitter tweets of the particular company using the API. All the stop words, special characters are extracted from the dataset. The filtered data is used for sentiment analysis using Naïve bayes classifier. Thus, the tweets are classified into positive, negative and neutral tweets. To predict the stock price, the stock dataset is fetched from yahoo finance API. The stock data along with the tweets data are given as input to the machine learning model to obtain the result. XGBoost classifier is used as a model to predict the stock market price. The obtained prediction value is compared with the actual stock market value. The effectiveness of the proposed project on stock price prediction is demonstrated through experiments on several companies like Apple, Amazon, Microsoft using live twitter data and daily stock data. The goal of the project is to use historical stock data in conjunction with sentiment analysis of news headlines and Twitter posts, to predict the future price of a stock of interest. The headlines were obtained by scraping the website, FinViz, while tweets were taken using Tweepy. Both were analyzed using the Vader Sentiment Analyzer.",0,stock market prediction is an important topic in nancial engineering especially since new techniques and approaches on this matter are gaining value constantly in this project we investigate the impact of sentiment expressed through twitter tweets on stock price prediction twitter is the social media platform which provides a free platform for each individual to express their thoughts publicly specifically we fetch the live twitter tweets of the particular company using the api all the stop words special characters are extracted from the dataset the filtered data is used for sentiment analysis using naïve bayes classifier thus the tweets are classified into positive negative and neutral tweets to predict the stock price the stock dataset is fetched from yahoo finance api the stock data along with the tweets data are given as input to the machine learning model to obtain the result xgboost classifier is used as a model to predict the stock market price the obtained prediction value is compared with the actual stock market value the effectiveness of the proposed project on stock price prediction is demonstrated through experiments on several companies like apple amazon microsoft using live twitter data and daily stock data the goal of the project is to use historical stock data in conjunction with sentiment analysis of news headlines and twitter posts to predict the future price of a stock of interest the headlines were obtained by scraping the website finviz while tweets were taken using tweepy both were analyzed using the vader sentiment analyzer
10.1109/isemantic50169.2020.9234256,"Stock exchange is one of the famous economical strategy that finally find its way to be experimented with ever-growing Machine Learning (ML) algorithm. With ML, many aspects regarding stock is learnable, to the point where one can predict stock prices. Although tempting, stock price prediction is still a challenging task due to its natural dynamic and real-time movement. Thus, predicting stock prices are deemed unseemingly. On the other hand, different patterns of stock prices are capable of represent a whole lot of detailed data, which is in favor for Deep Learning. In this study, we conducted an experiment of predicting the close stock price for 25 companies. To ensure data reliability and regional notion, these selected companies are officially enlisted in the Indonesia Stock Exchange (IDX). The two ML algorithms used for this experiment are the Long Short-Term Memory (LSTM) and Extreme Gradient Boosting (XGBoost), both known for its high accuracy of prediction from various representative data. By setting two thresholds, we were able to present a trading approach: when to buy or when to sell. This prediction result from the ML algorithm using in the ensuing trading approach leads to distinct aspects of benefit. In this experiment, XGBoost shown best performance by 99% prediction accuracy result.",0,stock exchange is one of the famous economical strategy that finally find its way to be experimented with evergrowing machine learning ml algorithm with ml many aspects regarding stock is learnable to the point where one can predict stock prices although tempting stock price prediction is still a challenging task due to its natural dynamic and realtime movement thus predicting stock prices are deemed unseemingly on the other hand different patterns of stock prices are capable of represent a whole lot of detailed data which is in favor for deep learning in this study we conducted an experiment of predicting the close stock price for companies to ensure data reliability and regional notion these selected companies are officially enlisted in the indonesia stock exchange idx the two ml algorithms used for this experiment are the long shortterm memory lstm and extreme gradient boosting xgboost both known for its high accuracy of prediction from various representative data by setting two thresholds we were able to present a trading approach when to buy or when to sell this prediction result from the ml algorithm using in the ensuing trading approach leads to distinct aspects of benefit in this experiment xgboost shown best performance by prediction accuracy result
10.3390/appliedmath5030076,"The rapid advancement of machine learning and deep learning techniques has revolutionized stock market prediction, providing innovative methods to analyze financial trends and market behavior. This review paper presents a comprehensive analysis of various machine learning and deep learning approaches utilized in stock market prediction, focusing on their methodologies, evaluation metrics, and datasets. Popular models such as LSTM, CNN, and SVM are examined, highlighting their strengths and limitations in predicting stock prices, volatility, and trends. Additionally, we address persistent challenges, including data quality and model interpretability, and explore emerging research directions to overcome these obstacles. This study aims to summarize the current state of research, provide insights into the effectiveness of predictive models.",0,the rapid advancement of machine learning and deep learning techniques has revolutionized stock market prediction providing innovative methods to analyze financial trends and market behavior this review paper presents a comprehensive analysis of various machine learning and deep learning approaches utilized in stock market prediction focusing on their methodologies evaluation metrics and datasets popular models such as lstm cnn and svm are examined highlighting their strengths and limitations in predicting stock prices volatility and trends additionally we address persistent challenges including data quality and model interpretability and explore emerging research directions to overcome these obstacles this study aims to summarize the current state of research provide insights into the effectiveness of predictive models
10.1109/cec.2007.4424794,"The present paper introduces the Bacterial Foraging Optimization (BFO) technique to develop an efficient forecasting model for prediction of various stock indices. The connecting weights of the adaptive linear combiner based model are optimized by the BFO so that its mean square error(MSE) is minimized. The short and long term prediction performance of the model is evaluated with test data and the results obtained are compared with those obtained from the multilayer perceptron (MLP) based model. It is in general observed that the proposed model is computationally more efficient, prediction wise more accurate and takes less training time compared to the standard AMP based model.",0,the present paper introduces the bacterial foraging optimization bfo technique to develop an efficient forecasting model for prediction of various stock indices the connecting weights of the adaptive linear combiner based model are optimized by the bfo so that its mean square errormse is minimized the short and long term prediction performance of the model is evaluated with test data and the results obtained are compared with those obtained from the multilayer perceptron mlp based model it is in general observed that the proposed model is computationally more efficient prediction wise more accurate and takes less training time compared to the standard amp based model
10.7717/peerj-cs.1158,"Stock market prediction is a challenging and complex problem that has received the attention of researchers due to the high returns resulting from an improved prediction. Even though machine learning models are popular in this domain dynamic and the volatile nature of the stock markets limits the accuracy of stock prediction. Studies show that incorporating news sentiment in stock market predictions enhances performance compared to models using stock features alone. There is a need to develop an architecture that facilitates noise removal from stock data, captures market sentiments, and ensures prediction to a reasonable degree of accuracy. The proposed cooperative deep-learning architecture comprises a deep autoencoder, lexicon-based software for sentiment analysis of news headlines, and LSTM/GRU layers for prediction. The autoencoder is used to denoise the historical stock data, and the denoised data is transferred into the deep learning model along with news sentiments. The stock data is concatenated with the sentiment score and is fed to the LSTM/GRU model for output prediction. The model's performance is evaluated using the standard measures used in the literature. The results show that the combined model using deep autoencoder with news sentiments performs better than the standalone LSTM/GRU models. The performance of our model also compares favorably with state-of-the-art models in the literature.",0,stock market prediction is a challenging and complex problem that has received the attention of researchers due to the high returns resulting from an improved prediction even though machine learning models are popular in this domain dynamic and the volatile nature of the stock markets limits the accuracy of stock prediction studies show that incorporating news sentiment in stock market predictions enhances performance compared to models using stock features alone there is a need to develop an architecture that facilitates noise removal from stock data captures market sentiments and ensures prediction to a reasonable degree of accuracy the proposed cooperative deeplearning architecture comprises a deep autoencoder lexiconbased software for sentiment analysis of news headlines and lstmgru layers for prediction the autoencoder is used to denoise the historical stock data and the denoised data is transferred into the deep learning model along with news sentiments the stock data is concatenated with the sentiment score and is fed to the lstmgru model for output prediction the models performance is evaluated using the standard measures used in the literature the results show that the combined model using deep autoencoder with news sentiments performs better than the standalone lstmgru models the performance of our model also compares favorably with stateoftheart models in the literature
10.1109/hnicem60674.2023.10589227,"The stock market allows companies to interact and transact with interested buyers based on publicly listed shares. The process of buying and selling stocks is identical to purchasing goods or services. The essence of stock market trading is to buy a stock at a lower value and anticipating for future price increase to be sold at a higher price. However, accurate prediction of outcome is definitely not assured. There are several ways to forecast how stocks perform in the future based on its momentum, people's interest, as well as health and economic challenges such as pandemics or war. There are numerous published research articles on stock values prediction using machine learning, but no general structure or mechanism made available which appropriately identifies predictors to accurately forecast the prices in the future. Hence, this study presents a simple comparison of errors in using linear regression to Artificial Neural Network (ANN) and Random Forest (RF). Additionally, this paper presents the possible predictors to accurately forecast the value of the closing stock price.",0,the stock market allows companies to interact and transact with interested buyers based on publicly listed shares the process of buying and selling stocks is identical to purchasing goods or services the essence of stock market trading is to buy a stock at a lower value and anticipating for future price increase to be sold at a higher price however accurate prediction of outcome is definitely not assured there are several ways to forecast how stocks perform in the future based on its momentum peoples interest as well as health and economic challenges such as pandemics or war there are numerous published research articles on stock values prediction using machine learning but no general structure or mechanism made available which appropriately identifies predictors to accurately forecast the prices in the future hence this study presents a simple comparison of errors in using linear regression to artificial neural network ann and random forest rf additionally this paper presents the possible predictors to accurately forecast the value of the closing stock price
10.1109/telfor56187.2022.9983694,"Deep artificial neural networks have recently gained popularity in the time series forecasting literature. Recurrent neural networks’ higher suitability for this type of problem is the reason why this type of network has been chosen over other deep neural network approaches. Due to the number of parameters used the simplicity of these networks is considerable. This characteristic makes deep recurrent neural networks highly suitable for the problems of forecasting. Unfortunately, finding recurrent neural architecture for each specific task is NP-hard, therefore employment of metaheuristics is appropriate. Accordingly, the research proposed in this paper tackles tuning simple recurrent neural networks by sine cosine algorithm for stock market prediction. The proposed method’s performance was compared with other metaheuristics and validated against the Nikkei stock exchange.",0,deep artificial neural networks have recently gained popularity in the time series forecasting literature recurrent neural networks’ higher suitability for this type of problem is the reason why this type of network has been chosen over other deep neural network approaches due to the number of parameters used the simplicity of these networks is considerable this characteristic makes deep recurrent neural networks highly suitable for the problems of forecasting unfortunately finding recurrent neural architecture for each specific task is nphard therefore employment of metaheuristics is appropriate accordingly the research proposed in this paper tackles tuning simple recurrent neural networks by sine cosine algorithm for stock market prediction the proposed method’s performance was compared with other metaheuristics and validated against the nikkei stock exchange
10.1109/ijcnn.2019.8851938,"Forecasting stock market behavior is an interesting and challenging problem. Regression of prices and classification of daily returns have been widely studied with the main goal of supplying forecasts useful in real trading scenarios. Unfortunately, the outcomes are not directly related with the maximization of the financial gain. Firstly, the optimal strategy requires to invest on the most performing asset every period and trading accordingly is not trivial given the predictions. Secondly, price fluctuations of different magnitude are often treated as equals even if during market trading losses or gains of different intensities are derived. In this paper, the problem of stock market forecasting is formulated as regression of market returns. This approach is able to estimate the amount of price change and thus the most performing assets. Price fluctuations of different magnitude are treated differently through the application of different weights on samples and the scarcity of data is addressed using transfer learning. Results on a real simulation of trading show how, given a finite amount of capital, the predictions can be used to invest in high performing stocks and, hence, achieve higher profits with less trades.",0,forecasting stock market behavior is an interesting and challenging problem regression of prices and classification of daily returns have been widely studied with the main goal of supplying forecasts useful in real trading scenarios unfortunately the outcomes are not directly related with the maximization of the financial gain firstly the optimal strategy requires to invest on the most performing asset every period and trading accordingly is not trivial given the predictions secondly price fluctuations of different magnitude are often treated as equals even if during market trading losses or gains of different intensities are derived in this paper the problem of stock market forecasting is formulated as regression of market returns this approach is able to estimate the amount of price change and thus the most performing assets price fluctuations of different magnitude are treated differently through the application of different weights on samples and the scarcity of data is addressed using transfer learning results on a real simulation of trading show how given a finite amount of capital the predictions can be used to invest in high performing stocks and hence achieve higher profits with less trades
10.3846/jbem.2023.18805,"The paper is aimed at a critical review of the literature dealing with text mining and sentiment analysis for stock market prediction. The aim of this work is to create a critical review of the literature, especially with regard to the latest findings of research articles in the selected topic strictly focused on stock markets represented by stock indices or stock titles. This requires examining and critically analyzing the methods used in the analysis of sentiment from textual data, with special regard to the possibility of generalization and transferability of research results. For this reason, an analytical approach is also used in working with the literature and a critical approach in its organization, especially for completeness, coherence, and consistency. Based on the selected criteria, 260 articles corresponding to the subject area are selected from the world databases of Web of Science and Scopus. These studies are graphically captured through bibliometric analysis. Subsequently, the selection of articles was narrowed to 49. The outputs are synthesized and the main findings and limits of the current state of research are highlighted with possible future directions of subsequent research.",0,the paper is aimed at a critical review of the literature dealing with text mining and sentiment analysis for stock market prediction the aim of this work is to create a critical review of the literature especially with regard to the latest findings of research articles in the selected topic strictly focused on stock markets represented by stock indices or stock titles this requires examining and critically analyzing the methods used in the analysis of sentiment from textual data with special regard to the possibility of generalization and transferability of research results for this reason an analytical approach is also used in working with the literature and a critical approach in its organization especially for completeness coherence and consistency based on the selected criteria articles corresponding to the subject area are selected from the world databases of web of science and scopus these studies are graphically captured through bibliometric analysis subsequently the selection of articles was narrowed to the outputs are synthesized and the main findings and limits of the current state of research are highlighted with possible future directions of subsequent research
10.1155/2022/4808088,"The time series forecasting system can be used for investments in a safe environment with minimized chances of loss. The Holt–Winters algorithm followed various procedures and observed the multiple factors applied to the neural network. The final module helps filter the system to predict the various factors and provides a rating for the system. This research work uses real-time dataset of fifteen stocks as input into the system and, based on the data, predicts or forecasts future stock prices of different companies belonging to different sectors. The dataset includes approximately fifteen companies from different sectors and forecasts their results based on which the user can decide whether to invest in the particular company or not; the forecasting will give an accurate result for the customer investments.",0,the time series forecasting system can be used for investments in a safe environment with minimized chances of loss the holt–winters algorithm followed various procedures and observed the multiple factors applied to the neural network the final module helps filter the system to predict the various factors and provides a rating for the system this research work uses realtime dataset of fifteen stocks as input into the system and based on the data predicts or forecasts future stock prices of different companies belonging to different sectors the dataset includes approximately fifteen companies from different sectors and forecasts their results based on which the user can decide whether to invest in the particular company or not the forecasting will give an accurate result for the customer investments
10.5430/air.v5n1p103,"Investors make decisions based on various factors, including consumer price index, price-earnings ratio, and also miscellaneous events reported by newspapers. In order to assist their decisions in a timely manner, many studies have been conducted to automatically analyze those information sources in the last decades. However, the majority of the efforts was made for utilizing numerical information, partly due to the difficulty to process natural language texts and to make sense of their temporal properties. This study sheds light on this problem by using deep learning, which has been attracting much attention in various areas of research including pattern mining and machine learning for its ability to automatically construct useful features from a large amount of data. Specifically, this study proposes an approach to market trend prediction based on a recurrent deep neural network to model temporal effects of past events. The validity of the proposed approach is demonstrated on the real-world data for ten Nikkei companies.",0,investors make decisions based on various factors including consumer price index priceearnings ratio and also miscellaneous events reported by newspapers in order to assist their decisions in a timely manner many studies have been conducted to automatically analyze those information sources in the last decades however the majority of the efforts was made for utilizing numerical information partly due to the difficulty to process natural language texts and to make sense of their temporal properties this study sheds light on this problem by using deep learning which has been attracting much attention in various areas of research including pattern mining and machine learning for its ability to automatically construct useful features from a large amount of data specifically this study proposes an approach to market trend prediction based on a recurrent deep neural network to model temporal effects of past events the validity of the proposed approach is demonstrated on the realworld data for ten nikkei companies
10.3846/20294913.2014.889051,"Making accurate predictions for stock market values with advanced non-linear methods creates opportunities for business practitioners, especially nowadays, with highly volatile stock market evolutions. Well suited for approaching non-linear problems, Artificial Neural Networks provide a number of features which make possible reasonably accurate forecasts. But, like the old Latin saying “Primus inter pares”, not all Artificial Neural Networks perform the same, end results depending very much on the network architecture and, more specifically, on the chosen training algorithm. This paper provides suggestions on how to configure Artificial Neural Networks for performing stock market predictions, with an application on the Romanian BET index. Final results are confirmed by testing the trained networks on the Croatian Stock Market data. End remarks entitle Broyden-Fletcher-Goldfarb-Shanno training algorithm as a good choice in terms of model convergence and generalization capacity.",0,making accurate predictions for stock market values with advanced nonlinear methods creates opportunities for business practitioners especially nowadays with highly volatile stock market evolutions well suited for approaching nonlinear problems artificial neural networks provide a number of features which make possible reasonably accurate forecasts but like the old latin saying “primus inter pares” not all artificial neural networks perform the same end results depending very much on the network architecture and more specifically on the chosen training algorithm this paper provides suggestions on how to configure artificial neural networks for performing stock market predictions with an application on the romanian bet index final results are confirmed by testing the trained networks on the croatian stock market data end remarks entitle broydenfletchergoldfarbshanno training algorithm as a good choice in terms of model convergence and generalization capacity
10.1109/icsct53883.2021.9642681,"Bond forecasts are a major financial concern as a successful stock pricing projection may promise fascinating advantages. The stock market is a share of a company’s ownership. Every company and everybody wants to enhance their assets. Many approaches and strategies have been employed to determine the stock value in the future. The stock market is the location where stock value rises and falls at every instant. In recent years, several analysts have proposed various approaches to try and identify the exact worth of the stock to increase the accuracy of inventory predictions. In this article, we are trying to show and examine several models and approaches used in stock market prediction and to concentrate on their pros and shortcomings. This article examined over 10 approaches or techniques utilized in the last few years which were introduced into the forecast of stock market values. This technique can benefit both individual traders and business investors. They can forecast future market pricing behavior and take suitable actions to benefit.",0,bond forecasts are a major financial concern as a successful stock pricing projection may promise fascinating advantages the stock market is a share of a company’s ownership every company and everybody wants to enhance their assets many approaches and strategies have been employed to determine the stock value in the future the stock market is the location where stock value rises and falls at every instant in recent years several analysts have proposed various approaches to try and identify the exact worth of the stock to increase the accuracy of inventory predictions in this article we are trying to show and examine several models and approaches used in stock market prediction and to concentrate on their pros and shortcomings this article examined over approaches or techniques utilized in the last few years which were introduced into the forecast of stock market values this technique can benefit both individual traders and business investors they can forecast future market pricing behavior and take suitable actions to benefit
10.1109/ijcnn.2013.6706743,"In this paper, an SVM-based approach is proposed for stock market trend prediction. The proposed approach consists of two parts: feature selection and prediction model. In the feature selection part, a correlation-based SVM filter is applied to rank and select a good subset of financial indexes. And the stock indicators are evaluated based on the ranking. In the prediction model part, a so called quasi-linear SVM is applied to predict stock market movement direction in term of historical data series by using the selected subset of financial indexes as the weighted inputs. The quasi-linear SVM is an SVM with a composite quasi-linear kernel function, which approximates a nonlinear separating boundary by multi-local linear classifiers with interpolation. Experimental results on Taiwan stock market datasets demonstrate that the proposed SVM-based stock market trend prediction method produces better generalization performance over the conventional methods in terms of the hit ratio. Moreover, the experimental results also show that the proposed SVM-based stock market trend prediction system can find out a good subset and evaluate stock indicators which provide useful information for investors.",0,in this paper an svmbased approach is proposed for stock market trend prediction the proposed approach consists of two parts feature selection and prediction model in the feature selection part a correlationbased svm filter is applied to rank and select a good subset of financial indexes and the stock indicators are evaluated based on the ranking in the prediction model part a so called quasilinear svm is applied to predict stock market movement direction in term of historical data series by using the selected subset of financial indexes as the weighted inputs the quasilinear svm is an svm with a composite quasilinear kernel function which approximates a nonlinear separating boundary by multilocal linear classifiers with interpolation experimental results on taiwan stock market datasets demonstrate that the proposed svmbased stock market trend prediction method produces better generalization performance over the conventional methods in terms of the hit ratio moreover the experimental results also show that the proposed svmbased stock market trend prediction system can find out a good subset and evaluate stock indicators which provide useful information for investors
10.5121/ijaia.2013.4109,"Prediction in any field is a complicated, challenging and daunting process. Employing traditional methods may not ensure the reliability of the prediction. In this paper, we are reviewing the possibility of applying two well-known techniques neural network and data mining in stock market prediction. As neural network is able to extract useful information from a huge data set and data mining is also able to predict future trends and behaviors. Therefore, a combination of both these techniques could make the prediction much reliable.",0,prediction in any field is a complicated challenging and daunting process employing traditional methods may not ensure the reliability of the prediction in this paper we are reviewing the possibility of applying two wellknown techniques neural network and data mining in stock market prediction as neural network is able to extract useful information from a huge data set and data mining is also able to predict future trends and behaviors therefore a combination of both these techniques could make the prediction much reliable
10.1145/3532856,"Social media platforms such as Twitter or StockTwits are widely used for sharing stock market opinions between investors, traders, and entrepreneurs. Empirically, previous work has shown that the content posted on these social media platforms can be leveraged to predict various aspects of stock market performance. Nonetheless, actors on these social media platforms may not always have altruistic motivations and may instead seek to influence stock trading behavior through the (potentially misleading) information they post. While a lot of previous work has sought to analyze how social media can be used to predict the stock market, there remain many questions regarding the quality of the predictions and the behavior of active users on these platforms. To this end, this article seeks to address a number of open research questions: Which social media platform is more predictive of stock performance? What posted content is actually predictive, and over what time horizon? How does stock market posting behavior vary among different users? Are all users trustworthy or do some user’s predictions consistently mislead about the true stock movement? To answer these questions, we analyzed data from Twitter and StockTwits covering almost 5 years of posted messages spanning 2015 to 2019. The results of this large-scale study provide a number of important insights among which we present the following: (i) StockTwits is a more predictive source of information than Twitter, leading us to focus our analysis on StockTwits; (ii) on StockTwits, users’ self-labeled sentiments are correlated with the stock market but are only slightly predictive in aggregate over the short-term; (iii) there are at least three clear types of temporal predictive behavior for users over a 144 days horizon: short, medium, and long term; and (iv) consistently incorrect users who are reliably wrong tend to exhibit what we conjecture to be “botlike” post content and their removal from the data tends to improve stock market predictions from self-labeled content.",0,social media platforms such as twitter or stocktwits are widely used for sharing stock market opinions between investors traders and entrepreneurs empirically previous work has shown that the content posted on these social media platforms can be leveraged to predict various aspects of stock market performance nonetheless actors on these social media platforms may not always have altruistic motivations and may instead seek to influence stock trading behavior through the potentially misleading information they post while a lot of previous work has sought to analyze how social media can be used to predict the stock market there remain many questions regarding the quality of the predictions and the behavior of active users on these platforms to this end this article seeks to address a number of open research questions which social media platform is more predictive of stock performance what posted content is actually predictive and over what time horizon how does stock market posting behavior vary among different users are all users trustworthy or do some user’s predictions consistently mislead about the true stock movement to answer these questions we analyzed data from twitter and stocktwits covering almost years of posted messages spanning to the results of this largescale study provide a number of important insights among which we present the following i stocktwits is a more predictive source of information than twitter leading us to focus our analysis on stocktwits ii on stocktwits users’ selflabeled sentiments are correlated with the stock market but are only slightly predictive in aggregate over the shortterm iii there are at least three clear types of temporal predictive behavior for users over a days horizon short medium and long term and iv consistently incorrect users who are reliably wrong tend to exhibit what we conjecture to be “botlike” post content and their removal from the data tends to improve stock market predictions from selflabeled content
10.1108/17563781011028532,"Purpose The purpose of this paper is to present a new quantum‐inspired evolutionary hybrid intelligent (QIEHI) approach, in order to overcome the random walk dilemma for stock market prediction. Design/methodology/approach The proposed QIEHI method is inspired by the Takens' theorem and performs a quantum‐inspired evolutionary search for the minimum necessary dimension (time lags) embedded in the problem for determining the characteristic phase space that generates the financial time series phenomenon. The approach presented in this paper consists of a quantum‐inspired intelligent model composed of an artificial neural network (ANN) with a modified quantum‐inspired evolutionary algorithm (MQIEA), which is able to evolve the complete ANN architecture and parameters (pruning process), the ANN training algorithm (used to further improve the ANN parameters supplied by the MQIEA), and the most suitable time lags, to better describe the time series phenomenon. Findings This paper finds that, initially, the proposed QIEHI method chooses the better prediction model, then it performs a behavioral statistical test to adjust time phase distortions that appear in financial time series. Also, an experimental analysis is conducted with the proposed approach using six real‐word stock market times series, and the obtained results are discussed and compared, according to a group of relevant performance metrics, to results found with multilayer perceptron networks and the previously introduced time‐delay added evolutionary forecasting method. Originality/value The paper usefully demonstrates how the proposed QIEHI method chooses the best prediction model for the times series representation and performs a behavioral statistical test to adjust time phase distortions that frequently appear in financial time series.",0,purpose the purpose of this paper is to present a new quantum‐inspired evolutionary hybrid intelligent qiehi approach in order to overcome the random walk dilemma for stock market prediction designmethodologyapproach the proposed qiehi method is inspired by the takens theorem and performs a quantum‐inspired evolutionary search for the minimum necessary dimension time lags embedded in the problem for determining the characteristic phase space that generates the financial time series phenomenon the approach presented in this paper consists of a quantum‐inspired intelligent model composed of an artificial neural network ann with a modified quantum‐inspired evolutionary algorithm mqiea which is able to evolve the complete ann architecture and parameters pruning process the ann training algorithm used to further improve the ann parameters supplied by the mqiea and the most suitable time lags to better describe the time series phenomenon findings this paper finds that initially the proposed qiehi method chooses the better prediction model then it performs a behavioral statistical test to adjust time phase distortions that appear in financial time series also an experimental analysis is conducted with the proposed approach using six real‐word stock market times series and the obtained results are discussed and compared according to a group of relevant performance metrics to results found with multilayer perceptron networks and the previously introduced time‐delay added evolutionary forecasting method originalityvalue the paper usefully demonstrates how the proposed qiehi method chooses the best prediction model for the times series representation and performs a behavioral statistical test to adjust time phase distortions that frequently appear in financial time series
10.1109/iscid.2012.138,"Now equity returns are predictable has been called """"""""new fact in finance"""""""". in this paper, a two-stage neural network architecture constructed by combining Support Vector Machine (SVM) and Empirical Mode Decomposition (EMD) is proposed for stock market prediction. in the first stage, EMD is used to partition the whole input space into several disjoint regions. in the second stage, multiple SVMs that best fit each partitioned region are constructed by finding the most appropriate kernel function and the optimal learning parameters of SVMs, and finally through the combination of different region predictions to get the forecasting of the financial time series. We use China Stock Market Index (Shanghai Composite Index) in the experiment and find out that the proposed method achieves significantly higher prediction performance in comparison with a single SVM model.",0,now equity returns are predictable has been called new fact in finance in this paper a twostage neural network architecture constructed by combining support vector machine svm and empirical mode decomposition emd is proposed for stock market prediction in the first stage emd is used to partition the whole input space into several disjoint regions in the second stage multiple svms that best fit each partitioned region are constructed by finding the most appropriate kernel function and the optimal learning parameters of svms and finally through the combination of different region predictions to get the forecasting of the financial time series we use china stock market index shanghai composite index in the experiment and find out that the proposed method achieves significantly higher prediction performance in comparison with a single svm model
10.1109/icac347590.2019.9036786,"Stock market prediction is a crucial and challenging task due to its nonlinear, evolutionary, complex, and dynamic nature. Research on the stock market has been an important issue for researchers in recent years. Companies invest in trading the stock market. Predicting the stock market trend accurately will minimize the risk and bring a maximum amount of profit for all the stakeholders. During the last several years, a lot of studies have been done to predict stock market trends using Traditional, Machine learning and deep learning techniques. This survey will assist the readers & researchers in selecting algorithms that can be useful for a predicting the stock market. A survey of various algorithms and its parameters for stock market prediction is presented in this paper.",0,stock market prediction is a crucial and challenging task due to its nonlinear evolutionary complex and dynamic nature research on the stock market has been an important issue for researchers in recent years companies invest in trading the stock market predicting the stock market trend accurately will minimize the risk and bring a maximum amount of profit for all the stakeholders during the last several years a lot of studies have been done to predict stock market trends using traditional machine learning and deep learning techniques this survey will assist the readers researchers in selecting algorithms that can be useful for a predicting the stock market a survey of various algorithms and its parameters for stock market prediction is presented in this paper
10.1109/pdgc.2018.8745715,"It is complicated to estimate the stock market where relations between input and output are random in nature. Predicting the cost of the share market is the most complex job of the financial time series. Forecasting of the stock should be possible by utilizing the present and past information available on the market. The execution measurements that should be achieved if there should be an occurrence of the stock forecast are exactness, adaptability and less time utilization. There are numerous sorts of research done as such far with the end goal to predict the stock market to complete the characterized measurements. Several techniques have been accessible in data mining for forecasting the stock market, for example, Fuzzy systems, Artificial Neural Network (ANN), if-then-else rules, Bayesian algorithm et cetera. In this paper, the different strategies are available and used for forecasting the stock markets are talked about. This review knows which method is the finest to use for predicting the stock market. The most important application of market share is to predict market trends. Likewise, the market shows the performance of the future, which constantly encourages financial experts to understand when and what shares can be purchased to improve their risk. For this reason, a large number of research has been prepared so far to analyze the stock market by means of mining of the data.",0,it is complicated to estimate the stock market where relations between input and output are random in nature predicting the cost of the share market is the most complex job of the financial time series forecasting of the stock should be possible by utilizing the present and past information available on the market the execution measurements that should be achieved if there should be an occurrence of the stock forecast are exactness adaptability and less time utilization there are numerous sorts of research done as such far with the end goal to predict the stock market to complete the characterized measurements several techniques have been accessible in data mining for forecasting the stock market for example fuzzy systems artificial neural network ann ifthenelse rules bayesian algorithm et cetera in this paper the different strategies are available and used for forecasting the stock markets are talked about this review knows which method is the finest to use for predicting the stock market the most important application of market share is to predict market trends likewise the market shows the performance of the future which constantly encourages financial experts to understand when and what shares can be purchased to improve their risk for this reason a large number of research has been prepared so far to analyze the stock market by means of mining of the data
10.1002/cpe.6282,"Abstract Due to the volatility and noise of the stock market, accurately obtaining the trend of the stock market is a challenging problem, and gets the attention of many researchers and speculators. Recently, convolutional neural network (CNN) has been used to automatically learn effective features and predict stock market trends. In CNN‐based methods reported so far, less focus has been paid to time series information of the stock, but is very crucial for stock forecasting. In this study, an unsupervised feature extraction method with convolutional autoencoder (CAE) with application to daily stock market prediction is proposed, which has a higher prediction than traditional models. The proposed method mainly consists of the data processing part, unsupervised feature learning part, and the support vector machine model part. Data processing part includes time series data transform into two‐dimensional data and data normalization. CAE network‐based unsupervised feature learning is designed by fusing convolution and autoencoder. In order to verify the performance of the model, various initial financial and economic variables of stock indices are chosen for prediction experiments. The experimental results on different stock indices demonstrate a significant improvement in prediction's performance compared with the baseline methods.",0,abstract due to the volatility and noise of the stock market accurately obtaining the trend of the stock market is a challenging problem and gets the attention of many researchers and speculators recently convolutional neural network cnn has been used to automatically learn effective features and predict stock market trends in cnn‐based methods reported so far less focus has been paid to time series information of the stock but is very crucial for stock forecasting in this study an unsupervised feature extraction method with convolutional autoencoder cae with application to daily stock market prediction is proposed which has a higher prediction than traditional models the proposed method mainly consists of the data processing part unsupervised feature learning part and the support vector machine model part data processing part includes time series data transform into two‐dimensional data and data normalization cae network‐based unsupervised feature learning is designed by fusing convolution and autoencoder in order to verify the performance of the model various initial financial and economic variables of stock indices are chosen for prediction experiments the experimental results on different stock indices demonstrate a significant improvement in predictions performance compared with the baseline methods
10.1109/iciscae62304.2024.10761432,"Stock trading has always been a key economic indicator in modern society and a primary source of profit for financial giants such as investment banks, quantitative trading firms, and hedge funds. Discovering the underlying patterns within the seemingly volatile yet intrinsically structured economic activities has become a central focus of research for many companies. Our study leverages widely-used modern financial forecasting algorithms, including LSTM, ANN, CNN, and BiLSTM. We begin by comparing the predictive performance of these well-known algorithms on our stock market data, utilizing metrics such as R2, MAE, MSE, RMSE for detailed evaluation. Based on the performance of these models, we then aim to combine their strengths while mitigating their weaknesses, striving to construct a powerful hybrid model that overcomes the performance limitations of individual models. Through rigorous experimentation and exploration, we ultimately developed an LSTM+ANN model that breaks through prior performance bottlenecks, achieving promising and exciting results.",0,stock trading has always been a key economic indicator in modern society and a primary source of profit for financial giants such as investment banks quantitative trading firms and hedge funds discovering the underlying patterns within the seemingly volatile yet intrinsically structured economic activities has become a central focus of research for many companies our study leverages widelyused modern financial forecasting algorithms including lstm ann cnn and bilstm we begin by comparing the predictive performance of these wellknown algorithms on our stock market data utilizing metrics such as r mae mse rmse for detailed evaluation based on the performance of these models we then aim to combine their strengths while mitigating their weaknesses striving to construct a powerful hybrid model that overcomes the performance limitations of individual models through rigorous experimentation and exploration we ultimately developed an lstmann model that breaks through prior performance bottlenecks achieving promising and exciting results
10.26483/ijarcs.v6i6.2528,"Nowadays, the stock market is attracting more and more people's notice with its high challenging risks and high return over. A stock exchange market depicts savings and investments that are advantageous to increase the effectiveness of the national economy. The future stock returns have some predictive relationships with the publicly available information of present and historical stock market indices. ARIMA is a statistical model which is known to be efficient for time series forecasting especially for short-term prediction. In this paper, we propose a model for forecasting the stock market trends based on the technical analysis using historical stock market data and ARIMA model. This model will automate the process of direction of future stock price indices and provides assistance for financial specialists to choose the better timing for purchasing and/or selling of stocks. The results are shown in terms of visualizations using R programming language. The obtained results reveal that the ARIMA model has a strong potential for short-term prediction of stock market trends. Keywords: Time Series Data, Stock Market, Prediction, Analysis, Data Mining, ARIMA, R.",0,nowadays the stock market is attracting more and more peoples notice with its high challenging risks and high return over a stock exchange market depicts savings and investments that are advantageous to increase the effectiveness of the national economy the future stock returns have some predictive relationships with the publicly available information of present and historical stock market indices arima is a statistical model which is known to be efficient for time series forecasting especially for shortterm prediction in this paper we propose a model for forecasting the stock market trends based on the technical analysis using historical stock market data and arima model this model will automate the process of direction of future stock price indices and provides assistance for financial specialists to choose the better timing for purchasing andor selling of stocks the results are shown in terms of visualizations using r programming language the obtained results reveal that the arima model has a strong potential for shortterm prediction of stock market trends keywords time series data stock market prediction analysis data mining arima r
10.35940/ijeat.a1823.109119,"Recently, the stock market prediction has become one of the essential application areas of time-series forecasting research. The successful prediction of the stock market can be better guided to the investors to maximize their profit and to minimize the risk of investment. The stock market data are very much complex, non-linear and dynamic. Due to this reason, still, it is a challenging task. In recent time, deep learning method has become one of the most popular machine learning methods for time-series forecasting due to their temporal feature extraction capabilities. In this paper, we have proposed a novel Deep Learning-based Integrated Stacked Model (DISM) that integrates both the 1D Convolution neural network and LSTM recurrent neural network to find the spatial and temporal features from the stock market data. Our proposed DISM is applied to forecast the stock market. Here, we have also compared our proposed DISM with the single structured stacked LSTM, and 1D Convolution neural network models, and some other statistical models. We have observed that our proposed DISM produces better results in terms of accuracy and stability.",0,recently the stock market prediction has become one of the essential application areas of timeseries forecasting research the successful prediction of the stock market can be better guided to the investors to maximize their profit and to minimize the risk of investment the stock market data are very much complex nonlinear and dynamic due to this reason still it is a challenging task in recent time deep learning method has become one of the most popular machine learning methods for timeseries forecasting due to their temporal feature extraction capabilities in this paper we have proposed a novel deep learningbased integrated stacked model dism that integrates both the d convolution neural network and lstm recurrent neural network to find the spatial and temporal features from the stock market data our proposed dism is applied to forecast the stock market here we have also compared our proposed dism with the single structured stacked lstm and d convolution neural network models and some other statistical models we have observed that our proposed dism produces better results in terms of accuracy and stability
10.1109/icscan.2019.8878682,"Stock Market data has been analyzed countless number of times by people, in hopes of extracting meaningful information and trends in the otherwise seemingly erratic behavior of the free flow market. Market prediction has also been in the forefront of development of mathematical models of the market and machine learning algorithms. With the recent advancement in machine learning and neural networks, there are different ways to achieve the same goal. This paper aims to review the top current neural network models to predict the movement of the stock market",0,stock market data has been analyzed countless number of times by people in hopes of extracting meaningful information and trends in the otherwise seemingly erratic behavior of the free flow market market prediction has also been in the forefront of development of mathematical models of the market and machine learning algorithms with the recent advancement in machine learning and neural networks there are different ways to achieve the same goal this paper aims to review the top current neural network models to predict the movement of the stock market
10.1080/10798587.2013.839287,"This paper discusses a hybrid prediction model that combines differential evolution-based fuzzy clustering with a fuzzy inference neural network for performing an index level forecast. In the first phase of the proposed model, stepwise regression analysis is implemented to determine the combination of inputs that have the strongest forecasting ability. Next, the selected variables are grouped by means of a differential evolution-based fuzzy clustering method, allowing the extraction rules to be determined. For the final stage, a fuzzy inference neural network is implemented to predict the market prices by using the extraction rules from the previous stage.",0,this paper discusses a hybrid prediction model that combines differential evolutionbased fuzzy clustering with a fuzzy inference neural network for performing an index level forecast in the first phase of the proposed model stepwise regression analysis is implemented to determine the combination of inputs that have the strongest forecasting ability next the selected variables are grouped by means of a differential evolutionbased fuzzy clustering method allowing the extraction rules to be determined for the final stage a fuzzy inference neural network is implemented to predict the market prices by using the extraction rules from the previous stage
10.1109/icbda55095.2022.9760368,"Stock market prediction is the prediction of stock index or single stock price by time series data prediction algorithms such as machine learning or deep learning. It is used to assist stock market supervision or stock trading, etc. This paper studies the influential factors of stock market prediction by deep learning model long-short term memory (LSTM). Three kinds of influential factors are selected including historical Shanghai A-share index, the historical US NASDAQ index and the term frequency of ""increase positions"" and ""decrease positions"" in Weibo. And in order to see their performance, the influential factors are made into two kinds of groups. One is single factor group and the other is multiple factor group. The experiment is carried out on the data during January 1, 2018 to December 31, 2020. And the prediction results are measured by three evaluation metrics: mean absolute error MAE, root mean square error RMSE and mean absolute percentage error MAPE. The experiment results show that the three evaluation metrics of the prediction results of single factor group are better than the prediction results of multiple factor group in both terms of the prediction of stock index value and its daily rise and fall. This paper shows that in the research of stock market index trend prediction, it is not the more predictive factors, the better the prediction results.",0,stock market prediction is the prediction of stock index or single stock price by time series data prediction algorithms such as machine learning or deep learning it is used to assist stock market supervision or stock trading etc this paper studies the influential factors of stock market prediction by deep learning model longshort term memory lstm three kinds of influential factors are selected including historical shanghai ashare index the historical us nasdaq index and the term frequency of increase positions and decrease positions in weibo and in order to see their performance the influential factors are made into two kinds of groups one is single factor group and the other is multiple factor group the experiment is carried out on the data during january to december and the prediction results are measured by three evaluation metrics mean absolute error mae root mean square error rmse and mean absolute percentage error mape the experiment results show that the three evaluation metrics of the prediction results of single factor group are better than the prediction results of multiple factor group in both terms of the prediction of stock index value and its daily rise and fall this paper shows that in the research of stock market index trend prediction it is not the more predictive factors the better the prediction results
10.1109/access.2019.2901842,"Given a financial time series such as S&P 500, or any historical data in stock markets, how can we obtain useful information from recent transaction data to predict the ups and downs at the next moment? Recent work on this issue shows initial evidence that machine learning techniques are capable of identifying (non-linear) dependency in the stock market price sequences. However, due to the high volatility and non-stationary nature of the stock market, forecasting the trend of a financial time series remains a big challenge. In this paper, we introduced a new method to simplify noisy-filled financial temporal series via sequence reconstruction by leveraging motifs (frequent patterns), and then utilize a convolutional neural network to capture spatial structure of time series. The experimental results show the efficiency of our proposed method in feature learning and outperformance with 4%-7% accuracy improvement compared with the traditional signal process methods and frequency trading patterns modeling approach with deep learning in stock trend prediction.",0,given a financial time series such as sp or any historical data in stock markets how can we obtain useful information from recent transaction data to predict the ups and downs at the next moment recent work on this issue shows initial evidence that machine learning techniques are capable of identifying nonlinear dependency in the stock market price sequences however due to the high volatility and nonstationary nature of the stock market forecasting the trend of a financial time series remains a big challenge in this paper we introduced a new method to simplify noisyfilled financial temporal series via sequence reconstruction by leveraging motifs frequent patterns and then utilize a convolutional neural network to capture spatial structure of time series the experimental results show the efficiency of our proposed method in feature learning and outperformance with accuracy improvement compared with the traditional signal process methods and frequency trading patterns modeling approach with deep learning in stock trend prediction
10.1109/icnn.1996.549236,"We develop a prediction system useful in forecasting mid-term price trend in Taiwan stock market (Taiwan stock exchange weighted stock index, abbreviated as TSEWSI). The system is based on a recurrent neural network trained by using features extracted from ARIMA analyses. By differencing the raw data of the TSEWSI series and then examining the autocorrelation and partial autocorrelation function plots, the series can be identified as a nonlinear version of ARIMA(1,2,1). Neural networks trained by using second difference data are shown to give better predictions than otherwise trained by using raw data. During backpropagation training, in addition to the traditional error modification term, we also feedback the difference of two successive predictions in order to adjust the connection weights. Empirical results shows that the networks trained using 4-year weekly data is capable of predicting up to 6 weeks market trend with acceptable accuracy.",0,we develop a prediction system useful in forecasting midterm price trend in taiwan stock market taiwan stock exchange weighted stock index abbreviated as tsewsi the system is based on a recurrent neural network trained by using features extracted from arima analyses by differencing the raw data of the tsewsi series and then examining the autocorrelation and partial autocorrelation function plots the series can be identified as a nonlinear version of arima neural networks trained by using second difference data are shown to give better predictions than otherwise trained by using raw data during backpropagation training in addition to the traditional error modification term we also feedback the difference of two successive predictions in order to adjust the connection weights empirical results shows that the networks trained using year weekly data is capable of predicting up to weeks market trend with acceptable accuracy
10.1109/icsss49621.2020.9202042,"Since the beginning, the fundamental goal of man is to make life easy to live. The whole world believes that wealth would make life comfortable and luxurious. One of the most common notion among humans is that one of the best way to make money is to invest in stock markets which are expected to have tremendous results. There is a requirement to develop an intelligent system to perform predictions based on various indicators like fundamental, statistical and technical trends. However, there is no one good predictive model that has been successful to beat the trends in market continuously. Traditionally for time series data, the predictions are in general performed based on past historical data and market trends, historical correlation data and projections can be calculated. Above all said, there is no such system that calculates the predictions based on users selection on investment type and on risk criteria user is willing to take. So in this paper, we tried to demonstrate the technique(s) to get most accurate results.",0,since the beginning the fundamental goal of man is to make life easy to live the whole world believes that wealth would make life comfortable and luxurious one of the most common notion among humans is that one of the best way to make money is to invest in stock markets which are expected to have tremendous results there is a requirement to develop an intelligent system to perform predictions based on various indicators like fundamental statistical and technical trends however there is no one good predictive model that has been successful to beat the trends in market continuously traditionally for time series data the predictions are in general performed based on past historical data and market trends historical correlation data and projections can be calculated above all said there is no such system that calculates the predictions based on users selection on investment type and on risk criteria user is willing to take so in this paper we tried to demonstrate the techniques to get most accurate results
10.1080/18756891.2012.718108,"This paper presents an intelligent model for stock market signal prediction using Multi-Layer Perceptron (MLP) Artificial Neural Networks (ANN). Blind source separation technique, from signal processing, is integrated with the learning phase of the constructed baseline MLP ANN to overcome the problems of prediction accuracy and lack of generalization. Kullback Leibler Divergence (KLD) is used, as a learning algorithm, because it converges fast and provides generalization in the learning mechanism. Both accuracy and efficiency of the proposed model were confirmed through the Microsoft stock, from wall-street market, and various data sets, from different sectors of the Egyptian stock market. In addition, sensitivity analysis was conducted on the various parameters of the model to ensure the coverage of the generalization issue. Finally, statistical significance was examined using ANOVA test.",0,this paper presents an intelligent model for stock market signal prediction using multilayer perceptron mlp artificial neural networks ann blind source separation technique from signal processing is integrated with the learning phase of the constructed baseline mlp ann to overcome the problems of prediction accuracy and lack of generalization kullback leibler divergence kld is used as a learning algorithm because it converges fast and provides generalization in the learning mechanism both accuracy and efficiency of the proposed model were confirmed through the microsoft stock from wallstreet market and various data sets from different sectors of the egyptian stock market in addition sensitivity analysis was conducted on the various parameters of the model to ensure the coverage of the generalization issue finally statistical significance was examined using anova test
10.1155/2022/2427389,"The stock market is usually regarded as the bellwether of the economy, which can reflect the economic operation of a country or region. As a significant part of the financial market, the equity market plays a critical role in the financial sector. Whether in academia or investment field, stock market forecasts always excite great interest. Financial news is an important source of information in the financial market, which reflects the mood swings of investors and often goes hand in hand with the market trend. However, due to the unstructured and professional characteristics of financial news, there are challenges in accurately quantifying their emotional tendencies. This research is based on Hidden Markov Model (HMM) to segment financial news text. The recognition and classification of news emotion is carried out by bidirectional long short-term memory (BI-LSTM) algorithm, and long short-term memory(LSTM) model is trained with text emotion index and stock market transaction data to realize the prediction of stock market. The results show that BI-LSTM algorithm performs better than the emotional dictionary algorithm in emotional recognition. And the emotional index of financial news text can enhance the accuracy of stock market prediction to a certain extent. Compared with using stock market technical index and news text vector only, the prediction accuracy can be improved by about 2%.",0,the stock market is usually regarded as the bellwether of the economy which can reflect the economic operation of a country or region as a significant part of the financial market the equity market plays a critical role in the financial sector whether in academia or investment field stock market forecasts always excite great interest financial news is an important source of information in the financial market which reflects the mood swings of investors and often goes hand in hand with the market trend however due to the unstructured and professional characteristics of financial news there are challenges in accurately quantifying their emotional tendencies this research is based on hidden markov model hmm to segment financial news text the recognition and classification of news emotion is carried out by bidirectional long shortterm memory bilstm algorithm and long shortterm memorylstm model is trained with text emotion index and stock market transaction data to realize the prediction of stock market the results show that bilstm algorithm performs better than the emotional dictionary algorithm in emotional recognition and the emotional index of financial news text can enhance the accuracy of stock market prediction to a certain extent compared with using stock market technical index and news text vector only the prediction accuracy can be improved by about
10.1155/2022/7588303,"Developing reliable equity market models allows investors to make more informed decisions. A trading model can reduce the risks associated with investment and allow traders to choose the best-paying stocks. However, stock market analysis is complicated with batch processing techniques since stock prices are highly correlated. In recent years, advances in machine learning have given us a lot of chances to use forecasting theory and risk optimization together. The study postulates a unique two-stage framework. First, the mean-variance approach is utilized to select probable stocks (portfolio construction), thereby minimizing investment risk. Second, we present an online machine learning technique, a combination of ""perceptron"" and ""passive-aggressive algorithm,"" to predict future stock price movements for the upcoming period. We have calculated the classification reports, AUC score, accuracy, and Hamming loss for the proposed framework in the real-world datasets of 20 health sector indices for four different geographical reasons for the performance evaluation. Lastly, we conduct a numerical comparison of our method's outcomes to those generated via conventional solutions by previous studies. Our aftermath reveals that learning-based ensemble strategies with portfolio selection are effective in comparison.",0,developing reliable equity market models allows investors to make more informed decisions a trading model can reduce the risks associated with investment and allow traders to choose the bestpaying stocks however stock market analysis is complicated with batch processing techniques since stock prices are highly correlated in recent years advances in machine learning have given us a lot of chances to use forecasting theory and risk optimization together the study postulates a unique twostage framework first the meanvariance approach is utilized to select probable stocks portfolio construction thereby minimizing investment risk second we present an online machine learning technique a combination of perceptron and passiveaggressive algorithm to predict future stock price movements for the upcoming period we have calculated the classification reports auc score accuracy and hamming loss for the proposed framework in the realworld datasets of health sector indices for four different geographical reasons for the performance evaluation lastly we conduct a numerical comparison of our methods outcomes to those generated via conventional solutions by previous studies our aftermath reveals that learningbased ensemble strategies with portfolio selection are effective in comparison
10.1145/3297156.3297173,"Many recent studies have attempted to apply a deep learning approach to build a model for stock market prediction. Most of these studies have concentrated on using prediction accuracy as a performance metric. Some of them have also performed trading simulations to evaluate financial performance. However, financial performance was not improved significantly because the loss function used in the training process focused primarily on prediction accuracy. In this paper, we propose a new framework to train a deep neural network for stock market prediction. A new loss function was developed by adding a risk-reward function, which is derived by the trading simulation results. A new scoring metric called Sharpe-F1 score, which is a combination of Sharpe ratio and F1 score is used for model selection. We employ the best prediction model from our previous work, which consists of Convolutional Neural Network (CNN) and Long Short-Term Memory Network (LSTM) architectures and takes event embedding vectors, historical prices and a set of technical indicators as inputs. The robustness of our framework is evaluated on two datasets by varying the key parameters used in the proposed framework. The results show that financial performance can be improved by adding a risk-reward function into the loss function used in the training process.",0,many recent studies have attempted to apply a deep learning approach to build a model for stock market prediction most of these studies have concentrated on using prediction accuracy as a performance metric some of them have also performed trading simulations to evaluate financial performance however financial performance was not improved significantly because the loss function used in the training process focused primarily on prediction accuracy in this paper we propose a new framework to train a deep neural network for stock market prediction a new loss function was developed by adding a riskreward function which is derived by the trading simulation results a new scoring metric called sharpef score which is a combination of sharpe ratio and f score is used for model selection we employ the best prediction model from our previous work which consists of convolutional neural network cnn and long shortterm memory network lstm architectures and takes event embedding vectors historical prices and a set of technical indicators as inputs the robustness of our framework is evaluated on two datasets by varying the key parameters used in the proposed framework the results show that financial performance can be improved by adding a riskreward function into the loss function used in the training process
10.1145/2857546.2857619,"In this paper, we examined the effects of financial news on Ho Chi Minh Stock Exchange (HoSE) and we tried to predict the direction of VN30 Index after the news articles were published. In order to do this study, we got news articles from three big financial websites and we represented them as feature vectors. Recently, researchers have used machine learning technique to integrate with financial news in their prediction model. Actually, news articles are important factor that influences investors in a quick way so it is worth considering the news impact on predicting the stock market trends. Previous works focused only on market news or on the analysis of the stock quotes in the past to predict the stock market behavior in the future. We aim to build a stock trend prediction model using both stock news and stock prices of VN30 index that will be applied in Vietnam stock market while there has been a little focus on using news articles to predict the stock direction. Experiment results show that our proposed method achieved high accuracy in VN30 index trend prediction.",0,in this paper we examined the effects of financial news on ho chi minh stock exchange hose and we tried to predict the direction of vn index after the news articles were published in order to do this study we got news articles from three big financial websites and we represented them as feature vectors recently researchers have used machine learning technique to integrate with financial news in their prediction model actually news articles are important factor that influences investors in a quick way so it is worth considering the news impact on predicting the stock market trends previous works focused only on market news or on the analysis of the stock quotes in the past to predict the stock market behavior in the future we aim to build a stock trend prediction model using both stock news and stock prices of vn index that will be applied in vietnam stock market while there has been a little focus on using news articles to predict the stock direction experiment results show that our proposed method achieved high accuracy in vn index trend prediction
10.29007/qgcz,"Predicting stock market is one of the most difficult tasks in the field of computation. There are many factors involved in the prediction – physical factors vs. physiological, rational and irrational behavior, investor sentiment, market rumors,etc. All these aspects combine to make stock prices volatile and very difficult to predict with a high degree of accuracy. We investigate data analysis as a game changer in this domain.As per efficient market theory when all information related to a company and stock market events are instantly available to all stakeholders/market investors, then the effects of those events already embed themselves in the stock price. So, it is said that only the historical spot price carries the impact of all other market events and can be employed to predict its future movement. Hence, considering the past stock price as the final manifestation of all impacting factors we employ Machine Learning (ML) techniques on historical stock price data to infer future trend. ML techniques have the potential to unearth patterns and insights we didn’t see before, and these can be used to make unerringly accurate predictions. We propose a framework using LSTM (Long Short- Term Memory) model and companies’ net growth calculation algorithm to analyze as well as prediction of future growth of a company.",0,predicting stock market is one of the most difficult tasks in the field of computation there are many factors involved in the prediction – physical factors vs physiological rational and irrational behavior investor sentiment market rumorsetc all these aspects combine to make stock prices volatile and very difficult to predict with a high degree of accuracy we investigate data analysis as a game changer in this domainas per efficient market theory when all information related to a company and stock market events are instantly available to all stakeholdersmarket investors then the effects of those events already embed themselves in the stock price so it is said that only the historical spot price carries the impact of all other market events and can be employed to predict its future movement hence considering the past stock price as the final manifestation of all impacting factors we employ machine learning ml techniques on historical stock price data to infer future trend ml techniques have the potential to unearth patterns and insights we didn’t see before and these can be used to make unerringly accurate predictions we propose a framework using lstm long short term memory model and companies’ net growth calculation algorithm to analyze as well as prediction of future growth of a company
10.1109/isci.2012.6222660,"In this paper, we propose a stock market prediction method based on interrelated time series data. Though there are a lot of stock market prediction models, there are few models which predict a stock by considering other time series data. Moreover it is difficult to discover which data is interrelated with a predicted stock. Therefore we focus on extracting interrelationships between the predicted stock and various time series data, such as other stocks, world stock market indices, foreign exchanges and oil prices. We test our method for predicting the daily up and down changes in the closing value by using discovered interrelationships, and experimental results show that our methods can predict stock directions well, especially in the manufacturing industry.",0,in this paper we propose a stock market prediction method based on interrelated time series data though there are a lot of stock market prediction models there are few models which predict a stock by considering other time series data moreover it is difficult to discover which data is interrelated with a predicted stock therefore we focus on extracting interrelationships between the predicted stock and various time series data such as other stocks world stock market indices foreign exchanges and oil prices we test our method for predicting the daily up and down changes in the closing value by using discovered interrelationships and experimental results show that our methods can predict stock directions well especially in the manufacturing industry
10.21817/ijcse/2018/v10i2/181002024,"Artificial neural networks became one of the most popular methods for forecasting (especially time-series forecasting) due to their ability to model nonlinear functions. One of the common methods for applying the artificial neural network is back propagation method. There have been many studies that have been conducted to apply artificial neural networks in stock market predictions. However, most stock market predictions only focus on US, Europeans and some Asian markets. To our knowledge, there are very few studies in stock market prediction for Saudi market. We tried to explore artificial neural networks using back-propagation algorithm to predict the Saudi market movement. We used the real datasets from the Saudi Stock Exchange (i.e., TADAWUL stock market exchange) and oil historical prices to evaluate the effectiveness of the proposed neural network methods. The results shows the capability of neural networks in predicting the stock exchange movement in Saudi market. Keywords-stock market",0,artificial neural networks became one of the most popular methods for forecasting especially timeseries forecasting due to their ability to model nonlinear functions one of the common methods for applying the artificial neural network is back propagation method there have been many studies that have been conducted to apply artificial neural networks in stock market predictions however most stock market predictions only focus on us europeans and some asian markets to our knowledge there are very few studies in stock market prediction for saudi market we tried to explore artificial neural networks using backpropagation algorithm to predict the saudi market movement we used the real datasets from the saudi stock exchange ie tadawul stock market exchange and oil historical prices to evaluate the effectiveness of the proposed neural network methods the results shows the capability of neural networks in predicting the stock exchange movement in saudi market keywordsstock market
10.1145/3677052.3698688,"Financial trading has been a challenging task, as it requires the integration of vast amounts of data from various modalities. Traditional deep learning and reinforcement learning methods require large training data and often involve encoding various data types into numerical formats for model input, which limits the explainability of model behavior. Recently, LLM-based agents have demonstrated remarkable advancements in handling multi-modal data, enabling them to execute complex, multi-step decision-making tasks while providing insights into their thought processes. This research introduces a multi-modal multi-agent system designed specifically for financial trading tasks. Our framework employs a team of specialized LLM-based agents, each adept at processing and interpreting various forms of financial data, such as textual news reports, candlestick charts, and trading signal charts. A key feature of our approach is the integration of a reflection module, which conducts analyses of historical trading signals and their outcomes. This reflective process is instrumental in enhancing the decision-making capabilities of the system for future trading scenarios. Furthermore, the ablation studies indicate that the visual reflection module plays a crucial role in enhancing the decision-making capabilities of our framework.",0,financial trading has been a challenging task as it requires the integration of vast amounts of data from various modalities traditional deep learning and reinforcement learning methods require large training data and often involve encoding various data types into numerical formats for model input which limits the explainability of model behavior recently llmbased agents have demonstrated remarkable advancements in handling multimodal data enabling them to execute complex multistep decisionmaking tasks while providing insights into their thought processes this research introduces a multimodal multiagent system designed specifically for financial trading tasks our framework employs a team of specialized llmbased agents each adept at processing and interpreting various forms of financial data such as textual news reports candlestick charts and trading signal charts a key feature of our approach is the integration of a reflection module which conducts analyses of historical trading signals and their outcomes this reflective process is instrumental in enhancing the decisionmaking capabilities of the system for future trading scenarios furthermore the ablation studies indicate that the visual reflection module plays a crucial role in enhancing the decisionmaking capabilities of our framework
10.1371/journal.pone.0282002,"Stock market prediction is the process of determining the value of a company's shares and other financial assets in the future. This paper proposes a new model where Altruistic Dragonfly Algorithm (ADA) is combined with Least Squares Support Vector Machine (LS-SVM) for stock market prediction. ADA is a meta-heuristic algorithm which optimizes the parameters of LS-SVM to avoid local minima and overfitting, resulting in better prediction performance. Experiments have been performed on 12 datasets and the obtained results are compared with other popular meta-heuristic algorithms. The results show that the proposed model provides a better predictive ability and demonstrate the effectiveness of ADA in optimizing the parameters of LS-SVM.",0,stock market prediction is the process of determining the value of a companys shares and other financial assets in the future this paper proposes a new model where altruistic dragonfly algorithm ada is combined with least squares support vector machine lssvm for stock market prediction ada is a metaheuristic algorithm which optimizes the parameters of lssvm to avoid local minima and overfitting resulting in better prediction performance experiments have been performed on datasets and the obtained results are compared with other popular metaheuristic algorithms the results show that the proposed model provides a better predictive ability and demonstrate the effectiveness of ada in optimizing the parameters of lssvm
10.21090/ijaerd.c25,"Nowadays during increasingly developed technology of the World Wide Web and Internet, the data is becoming extremely rich. With the application of data recognition process, the information extracted from data has become the most important part in some areas of society, management field, finance and markets, etc. It is necessary to develop the valid method to understand the knowledge of the data. Whether you are looking for good investments or are into stock trading, stock prediction or forecast plays the most crucial role in determining where to put in the money or which stock to be acquired or sold.",0,nowadays during increasingly developed technology of the world wide web and internet the data is becoming extremely rich with the application of data recognition process the information extracted from data has become the most important part in some areas of society management field finance and markets etc it is necessary to develop the valid method to understand the knowledge of the data whether you are looking for good investments or are into stock trading stock prediction or forecast plays the most crucial role in determining where to put in the money or which stock to be acquired or sold
10.1109/esci50559.2021.9396887,"The stock market is an organized body where public companies offer their stocks through initial public offerings and traders buy/sell these stocks so as to obtain profits. It is dynamic and volatile in nature which makes the task of stock market trend prediction a complex problem. In recent times, the COVID-19 pandemic has made this task even harder. With the rising number of COVID-19 cases across the globe, the market has never been more volatile. This has resulted in the poor performance of various traditional trend prediction algorithms because these algorithms do not account for the impact of the pandemic on the stock market trends. The proposed work aims to enhance the stock market prediction ability of various common prediction models by taking into account the factors related to COVID-19. The forecasting techniques analysed are Decision Tree Regressor, Random Forest Regressor and Support Vector Regressor (SVR). Currently the most affected countries by COVID-19 are the United States of America, India and Russia. Therefore we have analysed the prediction performance of various approaches discussed in this paper on S&P 500 Index, Nifty50 Index and RTS Index using Root Mean Square Error (RMSE) and Mean Absolute Percentage Error (MAPE). Results obtained showcase that all the techniques used perform better when the COVID-19 features were included.",0,the stock market is an organized body where public companies offer their stocks through initial public offerings and traders buysell these stocks so as to obtain profits it is dynamic and volatile in nature which makes the task of stock market trend prediction a complex problem in recent times the covid pandemic has made this task even harder with the rising number of covid cases across the globe the market has never been more volatile this has resulted in the poor performance of various traditional trend prediction algorithms because these algorithms do not account for the impact of the pandemic on the stock market trends the proposed work aims to enhance the stock market prediction ability of various common prediction models by taking into account the factors related to covid the forecasting techniques analysed are decision tree regressor random forest regressor and support vector regressor svr currently the most affected countries by covid are the united states of america india and russia therefore we have analysed the prediction performance of various approaches discussed in this paper on sp index nifty index and rts index using root mean square error rmse and mean absolute percentage error mape results obtained showcase that all the techniques used perform better when the covid features were included
10.1109/icmnwc63764.2024.10872342,"Predicting and trading stock values is an intriguing and intricate area of study that keeps getting more and more attention. Generating quick and accurate decisions is essential for generating money in the stock market. Advanced predictive algorithms, made possible by technological advancements, are changing the way investors approach their work. A key component of this shift is the increasing use of automated decision-making processes driven by historical data analysis, especially in the context of individual stocks. Researchers have recently focused on deep reinforcement learning algorithms, which have shown encouraging results and could lead to better stock market forecasts. This paper presents a groundbreaking method that differs from the current models that are based on ANN and LSTM algorithms. Precisely for stock market anticipation, this research constructs a revolutionary architecture by merging ANN, LSTM, and NLP approaches with the deep-Q-network(DQN). This cutting-edge architecture relies on a plethora of stock market data, particularly that pertaining to gold stocks. Extensive dataset validation of the generated model's predictive prowess demonstrates its capacity to estimate the initial stock rate for the upcoming day. In the end, this research adds new dimensions to the field of stock market prediction and provides significant insights.",0,predicting and trading stock values is an intriguing and intricate area of study that keeps getting more and more attention generating quick and accurate decisions is essential for generating money in the stock market advanced predictive algorithms made possible by technological advancements are changing the way investors approach their work a key component of this shift is the increasing use of automated decisionmaking processes driven by historical data analysis especially in the context of individual stocks researchers have recently focused on deep reinforcement learning algorithms which have shown encouraging results and could lead to better stock market forecasts this paper presents a groundbreaking method that differs from the current models that are based on ann and lstm algorithms precisely for stock market anticipation this research constructs a revolutionary architecture by merging ann lstm and nlp approaches with the deepqnetworkdqn this cuttingedge architecture relies on a plethora of stock market data particularly that pertaining to gold stocks extensive dataset validation of the generated models predictive prowess demonstrates its capacity to estimate the initial stock rate for the upcoming day in the end this research adds new dimensions to the field of stock market prediction and provides significant insights
10.1109/inbush46973.2020.9392176,"It is rightly proclaimed that “there are patterns are in everything.” so does apply in symmetry in between the “human brain neurons and it’s simulation in artificial neural network”. ANN is just simply the software implementations of the neuronal structures of our brains. Now the neural network in our ideological brains “made of star dust” is a hugely interconnected network of neurons, just like the interconnection between the galaxies and the universe of observable homo-species, like ANN are the simulation of the observable neural network of our brain. Now, on technical terms neural networks are attempted to mimic and learn about given specific task on the basis of the weighted input and to provide specific output. The Artificial neural network is basically divided into “supervised and unsupervised neural network”. The working model of neural networks is based on the connections. Neural networks learn repeatedly by taking certain input and by application of “activation function “. Learning occurs by repeatedly activating certain neural connections over others, and this reinforces the connections. Neural networks are finding many applications in various industries like beating players in certain games and one of its major applications come in “stock market predictions”, and pattern recognition is also one of its major areas of work. This paper introduces an audit of the neural network and stock market, and its fundamentals, concise history of neural network, about its origin, certain concepts, and its use in stock market world.",0,it is rightly proclaimed that “there are patterns are in everything” so does apply in symmetry in between the “human brain neurons and it’s simulation in artificial neural network” ann is just simply the software implementations of the neuronal structures of our brains now the neural network in our ideological brains “made of star dust” is a hugely interconnected network of neurons just like the interconnection between the galaxies and the universe of observable homospecies like ann are the simulation of the observable neural network of our brain now on technical terms neural networks are attempted to mimic and learn about given specific task on the basis of the weighted input and to provide specific output the artificial neural network is basically divided into “supervised and unsupervised neural network” the working model of neural networks is based on the connections neural networks learn repeatedly by taking certain input and by application of “activation function “ learning occurs by repeatedly activating certain neural connections over others and this reinforces the connections neural networks are finding many applications in various industries like beating players in certain games and one of its major applications come in “stock market predictions” and pattern recognition is also one of its major areas of work this paper introduces an audit of the neural network and stock market and its fundamentals concise history of neural network about its origin certain concepts and its use in stock market world
10.36713/epra4361,"This paper deals with the techniques of attempting to calculate the future value of a company stock or any other financial instrument which is being traded in a stock exchange. This prediction plays a great role in many financing and investing decisions. This calculation can be done by Machine learning by training a model to identify the trend from past data in order to predict the future. The main topic of study here will be the comparative analysis of the SVM and LTSM algorithms. KEYWORDS: Machine learning, Stock price, Stock market, Support vector machine, neural network, long short term memory.",0,this paper deals with the techniques of attempting to calculate the future value of a company stock or any other financial instrument which is being traded in a stock exchange this prediction plays a great role in many financing and investing decisions this calculation can be done by machine learning by training a model to identify the trend from past data in order to predict the future the main topic of study here will be the comparative analysis of the svm and ltsm algorithms keywords machine learning stock price stock market support vector machine neural network long short term memory
10.5220/0006749901020108,"To study the influence of market characteristics on stock prices, traditional neural network algorithm may also fail to predict the stock market precisely, since the initial weight of the random selection problem can be easily prone to incorrect predictions. Based on the idea of word vector in deep learning, we demonstrate the concept of stock vector. The input is no longer a single index or single stock index, but multi-stock high-dimensional historical data. We propose the deep long-short term memory neural network (LSMN) with embedded layer to predict the stock market. In this model, we use the embedded layer to vectorize the data, in a bid to forecast the stock via long-short term memory neural network. The experimental results show that the deep long short term memory neural network with embedded layer is state-of-the-art in developing countries. Specifically, the accuracy of this model is 57.2% for the Shanghai A-shares composite index. Furthermore, this is 52.4% for individual stocks.",0,to study the influence of market characteristics on stock prices traditional neural network algorithm may also fail to predict the stock market precisely since the initial weight of the random selection problem can be easily prone to incorrect predictions based on the idea of word vector in deep learning we demonstrate the concept of stock vector the input is no longer a single index or single stock index but multistock highdimensional historical data we propose the deep longshort term memory neural network lsmn with embedded layer to predict the stock market in this model we use the embedded layer to vectorize the data in a bid to forecast the stock via longshort term memory neural network the experimental results show that the deep long short term memory neural network with embedded layer is stateoftheart in developing countries specifically the accuracy of this model is for the shanghai ashares composite index furthermore this is for individual stocks
10.1109/dcc.1994.305914,"Presents advanced data compression techniques for predicting stock markets behavior under widely accepted market models in finance. The techniques are applicable to technical analysis, portfolio theory, and nonlinear market models. The authors find that lossy and lossless compression techniques are well suited for predicting stock prices as well as market modes such as strong trends and major adjustments. They also present novel applications of multispectral compression techniques to portfolio theory, correlation of similar stocks, effects of interest rates, transaction costs and taxes.< <ETX xmlns:mml=""http://www.w3.org/1998/Math/MathML"" xmlns:xlink=""http://www.w3.org/1999/xlink"">&gt;</ETX>",0,presents advanced data compression techniques for predicting stock markets behavior under widely accepted market models in finance the techniques are applicable to technical analysis portfolio theory and nonlinear market models the authors find that lossy and lossless compression techniques are well suited for predicting stock prices as well as market modes such as strong trends and major adjustments they also present novel applications of multispectral compression techniques to portfolio theory correlation of similar stocks effects of interest rates transaction costs and taxes etx xmlnsmml xmlnsxlink
10.1109/stc-csit.2017.8098829,"Forecasting the returns of stock markets is gaining importance nowadays in finance. For this aim, in the last decade, Artificial Neural Networks (ANN) have been widely used to forecast stock market movements. In Baltic countries, artificial neural networks are not commonly used in predicting financial failures. This study aims using artificial neural networks to predict OMX Baltic Benchmark GI (OMXBBGI) market index value. The lack of studies to forecast the Baltic Market index values is the main reason for this study. This study uses the nonlinear autoregressive network with exogenous inputs (NARX) to forecast values of OMX index. The research performed on the Baltic stock market uses index value and EUR/USD exchange rate to predict the index. After the inputs have been defined, the data have been gathered for the period of January 1, 2013, through January 01, 2017 from http://www.nasdaqbaltic.com. The training set is determined to include about 70% of the data set, and 15% will be used for testing, and the rest of 15% will be used for validation purposes. Matlab ANN tool is used to complete the tests. The results showed that Baltic Market values are successfully predicted by NARX methodology with the variables: Exchange rate and previous days' index values. The uniqueness of the paper especially comes from variables that have never been tried to forecast Baltic Stock Market values by ANN.",0,forecasting the returns of stock markets is gaining importance nowadays in finance for this aim in the last decade artificial neural networks ann have been widely used to forecast stock market movements in baltic countries artificial neural networks are not commonly used in predicting financial failures this study aims using artificial neural networks to predict omx baltic benchmark gi omxbbgi market index value the lack of studies to forecast the baltic market index values is the main reason for this study this study uses the nonlinear autoregressive network with exogenous inputs narx to forecast values of omx index the research performed on the baltic stock market uses index value and eurusd exchange rate to predict the index after the inputs have been defined the data have been gathered for the period of january through january from the training set is determined to include about of the data set and will be used for testing and the rest of will be used for validation purposes matlab ann tool is used to complete the tests the results showed that baltic market values are successfully predicted by narx methodology with the variables exchange rate and previous days index values the uniqueness of the paper especially comes from variables that have never been tried to forecast baltic stock market values by ann
10.1109/icnte51185.2021.9487745,"In the present scenario, stock trading is one of the most important activities carried out by many users directly or even indirectly. Due to the growing importance of stock trading among the vast publics, also Predictions on stock market prices is also gaining equal importance. Nevertheless, when dealt with this issue, it becomes a great challenge since the environment is hugely multifaceted and active environment. There are numerous educations from several zones motivated to carry on that task and application of Machine Learning methods play an important role in many of them. In the continuing research work, countless instances where Machine Learning procedures, can produce pleasing results when performing estimate-based analysis. The capability to forecast stock movement is critical for investors in stock market. Using everyday time series data, anyone can predict the inclination using simple moving average system. The auto regressive integrated moving average (ARIMA) representations is widely discovered for time series calculation. This work gives an insight into widespread usage of constructing stock price based analytical work by taking into consideration, the ARIMA model. Available typical data pertaining to stocks, is obtained from Tata Global Beverages are used for stock-based estimation. From the experimental results it is confirmed, the ARIMA model has a robust possible for quick period-based prophecy and will contest positively with existing techniques employed for stock price prediction. This work also concentrates on the convention of LSTM networks consequently, to guess upcoming movements of stock prices based on the past amount. For this objective, an estimation model is constructed, and a sequence of tests had been conducted and all outcomes investigated beside a quantity of metrics to judge if this algorithm works when compared to other methods related to Machine Learning domain. All these techniques were associated to find the best model for prediction. The results showed that LSTM achieved finest performance and projected the market with precision of 77%.",0,in the present scenario stock trading is one of the most important activities carried out by many users directly or even indirectly due to the growing importance of stock trading among the vast publics also predictions on stock market prices is also gaining equal importance nevertheless when dealt with this issue it becomes a great challenge since the environment is hugely multifaceted and active environment there are numerous educations from several zones motivated to carry on that task and application of machine learning methods play an important role in many of them in the continuing research work countless instances where machine learning procedures can produce pleasing results when performing estimatebased analysis the capability to forecast stock movement is critical for investors in stock market using everyday time series data anyone can predict the inclination using simple moving average system the auto regressive integrated moving average arima representations is widely discovered for time series calculation this work gives an insight into widespread usage of constructing stock price based analytical work by taking into consideration the arima model available typical data pertaining to stocks is obtained from tata global beverages are used for stockbased estimation from the experimental results it is confirmed the arima model has a robust possible for quick periodbased prophecy and will contest positively with existing techniques employed for stock price prediction this work also concentrates on the convention of lstm networks consequently to guess upcoming movements of stock prices based on the past amount for this objective an estimation model is constructed and a sequence of tests had been conducted and all outcomes investigated beside a quantity of metrics to judge if this algorithm works when compared to other methods related to machine learning domain all these techniques were associated to find the best model for prediction the results showed that lstm achieved finest performance and projected the market with precision of
10.1080/14697688.2022.2041208,"This study deals with one of the most important issues for understanding financial markets, future asset fluctuations. Predicting the direction of asset fluctuations accurately is very difficult due to the uncertainty of the stock market, the influence of various economic indicators, and the sentiment of investors, etc. In this study, we present a new method to improve the effectiveness of machine learning by selecting appropriate training data using an adaptive method. The application to various sector data of the S&P 500 and many machine learning methods shows that the proposed adaptive data selection algorithm improves the prediction accuracy of the stock price direction. In addition, it can be seen that the adaptive data selection method increases the return on the asset investment.",0,this study deals with one of the most important issues for understanding financial markets future asset fluctuations predicting the direction of asset fluctuations accurately is very difficult due to the uncertainty of the stock market the influence of various economic indicators and the sentiment of investors etc in this study we present a new method to improve the effectiveness of machine learning by selecting appropriate training data using an adaptive method the application to various sector data of the sp and many machine learning methods shows that the proposed adaptive data selection algorithm improves the prediction accuracy of the stock price direction in addition it can be seen that the adaptive data selection method increases the return on the asset investment
10.1080/1351847x.2015.1040167,"The main motivation for this paper is to introduce a novel hybrid method for the prediction of the directional movement of financial assets with an application to the ASE20 Greek stock index. Specifically, we use an alternative computational methodology named evolutionary support vector machine (ESVM) stock predictor for modeling and trading the ASE20 Greek stock index extending the universe of the examined inputs to include autoregressive inputs and moving averages of the ASE20 index and other four financial indices. The proposed hybrid method consists of a combination of genetic algorithms with support vector machines modified to uncover effective short-term trading models and overcome the limitations of existing methods. For comparison purposes, the trading performance of the ESVM stock predictor is benchmarked with four traditional strategies (a naïve strategy, a buy and hold strategy, a moving average convergence/divergence and an autoregressive moving average model), and a multilayer perceptron neural network model. As it turns out, the proposed methodology produces a higher trading performance, even during the financial crisis period, in terms of annualized return and information ratio, while providing information about the relationship between the ASE20 index and DAX30, NIKKEI225, FTSE100 and S&P500 indices.",0,the main motivation for this paper is to introduce a novel hybrid method for the prediction of the directional movement of financial assets with an application to the ase greek stock index specifically we use an alternative computational methodology named evolutionary support vector machine esvm stock predictor for modeling and trading the ase greek stock index extending the universe of the examined inputs to include autoregressive inputs and moving averages of the ase index and other four financial indices the proposed hybrid method consists of a combination of genetic algorithms with support vector machines modified to uncover effective shortterm trading models and overcome the limitations of existing methods for comparison purposes the trading performance of the esvm stock predictor is benchmarked with four traditional strategies a naïve strategy a buy and hold strategy a moving average convergencedivergence and an autoregressive moving average model and a multilayer perceptron neural network model as it turns out the proposed methodology produces a higher trading performance even during the financial crisis period in terms of annualized return and information ratio while providing information about the relationship between the ase index and dax nikkei ftse and sp indices
10.5539/mas.v3n12p28,"Ability to predict direction of stock/index price accurately is crucial for market dealers or investors to maximize their profits. Data mining techniques have been successfully shown to generate high forecasting accuracy of stock price movement. Nowadays, in stead of a single method, traders need to use various forecasting techniques to gain multiple signals and more information about the future of the markets. In this paper, ten different techniques of data mining are discussed and applied to predict price movement of Hang Seng index of Hong Kong stock market. The approaches include Linear discriminant analysis (LDA), Quadratic discriminant analysis (QDA), K-nearest neighbor classification, Naïve Bayes based on kernel estimation, Logit model, Tree based classification, neural network, Bayesian classification with Gaussian process, Support vector machine (SVM) and Least squares support vector machine (LS-SVM). Experimental results show that the SVM and LS-SVM generate superior predictive performances among the other models. Specifically, SVM is better than LS-SVM for in-sample prediction but LS-SVM is, in turn, better than the SVM for the out-of-sample forecasts in term of hit rate and error rate criteria.",0,ability to predict direction of stockindex price accurately is crucial for market dealers or investors to maximize their profits data mining techniques have been successfully shown to generate high forecasting accuracy of stock price movement nowadays in stead of a single method traders need to use various forecasting techniques to gain multiple signals and more information about the future of the markets in this paper ten different techniques of data mining are discussed and applied to predict price movement of hang seng index of hong kong stock market the approaches include linear discriminant analysis lda quadratic discriminant analysis qda knearest neighbor classification naïve bayes based on kernel estimation logit model tree based classification neural network bayesian classification with gaussian process support vector machine svm and least squares support vector machine lssvm experimental results show that the svm and lssvm generate superior predictive performances among the other models specifically svm is better than lssvm for insample prediction but lssvm is in turn better than the svm for the outofsample forecasts in term of hit rate and error rate criteria
10.1088/1757-899x/1022/1/012098,"Abstract Financial markets are inherently unpredictable. They continue to change based on the performance of the company, past records, market value and are also dependent on news &amp; timings. By carrying out trend analysis, one has the ability to prejudge stock prices. Machine Learning Techniques that are available, have the potential to forecast future stock prices. Each stock represents a different trend, so a singular machine learning model can’t be applicable to other stocks. Thus, one model giving a high degree of precision can’t guarantee working on another. Too many variables are involved while predicting stocks-physical factors vs. psychological, irrational and rational behaviour, etc. All of these factors combined indicate stock prices as capricious and difficult to foresee. In order to resolve this challenge, a comprehensive study with historical data on stock prices of listed firms was performed. The main premise behind this research was to illustrate how to apply machine learning algorithms such as Averaging, Linear Regression including advanced deep learning techniques such as Long-Term Short Memory and applying technical tools like the Modern Portfolio Theory and Bollinger bands.",0,abstract financial markets are inherently unpredictable they continue to change based on the performance of the company past records market value and are also dependent on news amp timings by carrying out trend analysis one has the ability to prejudge stock prices machine learning techniques that are available have the potential to forecast future stock prices each stock represents a different trend so a singular machine learning model can’t be applicable to other stocks thus one model giving a high degree of precision can’t guarantee working on another too many variables are involved while predicting stocksphysical factors vs psychological irrational and rational behaviour etc all of these factors combined indicate stock prices as capricious and difficult to foresee in order to resolve this challenge a comprehensive study with historical data on stock prices of listed firms was performed the main premise behind this research was to illustrate how to apply machine learning algorithms such as averaging linear regression including advanced deep learning techniques such as longterm short memory and applying technical tools like the modern portfolio theory and bollinger bands
10.1109/ccet56606.2022.10080154,"In the current world for investing money in the stock market is challenging forum and it also requires a lot of brainstorming. Since financial stock market is volatile in nature. So, it is very difficult to predict. There are some algorithms related to subject like Artificial Intelligence (AI), Machine Learning (ML), and Deep Learning (DL), which can give efficient accuracy compare to other techniques. In this paper, our objective to predict financial stock market price using Deep Learning techniques like Recurrent Neural Network (RNN) and in particular Long-Short Term Memory model (LSTM). Using RNN and LSTM techniques for different datasets, we have to explore the accuracy by increasing number of epochs.",0,in the current world for investing money in the stock market is challenging forum and it also requires a lot of brainstorming since financial stock market is volatile in nature so it is very difficult to predict there are some algorithms related to subject like artificial intelligence ai machine learning ml and deep learning dl which can give efficient accuracy compare to other techniques in this paper our objective to predict financial stock market price using deep learning techniques like recurrent neural network rnn and in particular longshort term memory model lstm using rnn and lstm techniques for different datasets we have to explore the accuracy by increasing number of epochs
10.1109/icaect54875.2022.9807655,"The stock market is one of the most unpredictable and highly concerned places in the world. There is no fundamental way to forecast stock market share prices. So people think stock market prediction is a gamble. Nevertheless, it is possible to generate a constructive pattern by using different types of algorithms and predict the share price. But when the characteristics are complex, and the largest portion of these classification methods are linear, resulting bad performance in class label prediction. In this paper we suggest a non-linear technique based on the Long Short-Term Memory (LSTM) architecture. According to studies LSTM-based models predict time and sequential models better than other models and RNN is the first algorithm with an internal memory that remembers its input, making it perfect for sequential data machine learning issues. For our experiment we collected the share market data from a particular company named Beximco for the last 11 years. To reassert the effectiveness of the system different test data are used. This work introduces a robust method that can predict stock price accurately based on LSTM.",0,the stock market is one of the most unpredictable and highly concerned places in the world there is no fundamental way to forecast stock market share prices so people think stock market prediction is a gamble nevertheless it is possible to generate a constructive pattern by using different types of algorithms and predict the share price but when the characteristics are complex and the largest portion of these classification methods are linear resulting bad performance in class label prediction in this paper we suggest a nonlinear technique based on the long shortterm memory lstm architecture according to studies lstmbased models predict time and sequential models better than other models and rnn is the first algorithm with an internal memory that remembers its input making it perfect for sequential data machine learning issues for our experiment we collected the share market data from a particular company named beximco for the last years to reassert the effectiveness of the system different test data are used this work introduces a robust method that can predict stock price accurately based on lstm
10.14569/ijacsa.2016.070442,"Over the last years, the average person's interest in the stock market has grown dramatically. This demand has doubled with the advancement of technology that has opened in the International stock market, so that nowadays anybody can own stocks, and use many types of software to perform the aspired profit with minimum risk. Consequently, the analysis and prediction of future values and trends of the financial markets have got more attention, and due to large applications in different business transactions, stock market prediction has become a critical topic of research. In this paper, our earlier presented particle swarm optimization with center of mass technique (PSOCoM) is applied to the task of training an adaptive linear combiner to form a new stock market prediction model. This prediction model is used with some common indicators to maximize the return and minimize the risk for the stock market. The experimental results show that the proposed technique is superior than the other PSO based models according to the prediction accuracy.",0,over the last years the average persons interest in the stock market has grown dramatically this demand has doubled with the advancement of technology that has opened in the international stock market so that nowadays anybody can own stocks and use many types of software to perform the aspired profit with minimum risk consequently the analysis and prediction of future values and trends of the financial markets have got more attention and due to large applications in different business transactions stock market prediction has become a critical topic of research in this paper our earlier presented particle swarm optimization with center of mass technique psocom is applied to the task of training an adaptive linear combiner to form a new stock market prediction model this prediction model is used with some common indicators to maximize the return and minimize the risk for the stock market the experimental results show that the proposed technique is superior than the other pso based models according to the prediction accuracy
10.1017/cbo9780511815027.008,"BASIC Stock market prediction is a very interesting topic and could also be very profitable if done successfully. It falls well within our definition of modelling/prediction. We define “stock market prediction” as the techniques which extract information from past behavior to decide when to buy or sell which stock and at what price. This is called quantitative analysis or technical analysis, i.e. the use of mathematics to predict future behavior based on historical data. It is normally contrasted with fundamental analysis which analyses the health of the business in a very broad sense to predict the future behavior of stock prices.",0,basic stock market prediction is a very interesting topic and could also be very profitable if done successfully it falls well within our definition of modellingprediction we define “stock market prediction” as the techniques which extract information from past behavior to decide when to buy or sell which stock and at what price this is called quantitative analysis or technical analysis ie the use of mathematics to predict future behavior based on historical data it is normally contrasted with fundamental analysis which analyses the health of the business in a very broad sense to predict the future behavior of stock prices
10.1142/s0217590821500521,"The BRICS (Brazil, Russia, India, China and South Africa) acronym was created by the International Monetary Foundation (IMF)–Group of Seven (G7) to represent the bloc of developing economies which crucially impact on the global economy by their potential economic growth. Most of the foreign direct investment are considering the stock markets of BRICS as the most attractive destination for foreign portfolio investment. This study aims to identify the relationship between macroeconomic variables and the stock market index values of BRICS and generate accurate predictions for index values by performing linear regression and artificial neural network hybrid models. Monthly data from January 2003 to December 2019 are used for the empirical study. The results indicate that a strong correlation exists between the stock market and macroeconomic variables in BRICS over time. The hybrid model is observed very accurate for index value prediction where the mean absolute percentage error (MAPE) value is 0.714% for the whole data set covering all BRICS countries data during the study period. Additionally, MAPE values for each of the BRICS countries are, respectively, obtained as 0.083%, 2.316%, 0.116%, 0.962% and 0.092%. Thus, the main findings of this study show that while neural network-integrated models have high performances for volatile stock market prediction, macroeconomic stabilization should be the priority of monetary policy to prevent the high volatility of stock markets.",0,the brics brazil russia india china and south africa acronym was created by the international monetary foundation imf–group of seven g to represent the bloc of developing economies which crucially impact on the global economy by their potential economic growth most of the foreign direct investment are considering the stock markets of brics as the most attractive destination for foreign portfolio investment this study aims to identify the relationship between macroeconomic variables and the stock market index values of brics and generate accurate predictions for index values by performing linear regression and artificial neural network hybrid models monthly data from january to december are used for the empirical study the results indicate that a strong correlation exists between the stock market and macroeconomic variables in brics over time the hybrid model is observed very accurate for index value prediction where the mean absolute percentage error mape value is for the whole data set covering all brics countries data during the study period additionally mape values for each of the brics countries are respectively obtained as and thus the main findings of this study show that while neural networkintegrated models have high performances for volatile stock market prediction macroeconomic stabilization should be the priority of monetary policy to prevent the high volatility of stock markets
10.32628/cseit1952296,"Prediction of Stock Market has been an area of interest for investors as well as researchers from a long time due to its intrinsic volatility, complex and regularly changing in nature makes it difficult to make reliable prediction. So, predicting daily behaviour of stock market is a serious challenge for investors and corporate stockholders. The objective of this paper is to predict the market performance by using Artificial Neural Network. These techniques are used to classify the stock in 3 categories – Buy, Hold and Sell, based on historical data while providing an in-depth understanding of the models being used. The Study shows that logistic regression model compared to Linear Regression can be used by the investors, individual as well as fund managers to predict “good or poor” stock. Because of the data being Non-Linear we will be using artificial neural network to classify Non-linear data using hidden layers.",0,prediction of stock market has been an area of interest for investors as well as researchers from a long time due to its intrinsic volatility complex and regularly changing in nature makes it difficult to make reliable prediction so predicting daily behaviour of stock market is a serious challenge for investors and corporate stockholders the objective of this paper is to predict the market performance by using artificial neural network these techniques are used to classify the stock in categories – buy hold and sell based on historical data while providing an indepth understanding of the models being used the study shows that logistic regression model compared to linear regression can be used by the investors individual as well as fund managers to predict “good or poor” stock because of the data being nonlinear we will be using artificial neural network to classify nonlinear data using hidden layers
10.1016/j.aiopen.2021.09.001,"We focus on the task of stock market prediction based on financial text which contains information that could influence the movement of stock market. Previous works mainly utilize a single semantic unit of financial text, such as words, events, sentences, to predict the tendency of stock market. However, the interaction of different-grained information within financial text can be useful for context knowledge supplement and predictive information selection, and then improve the performance of stock market prediction. To facilitate this, we propose constructing a heterogeneous graph with different-grained information nodes from financial text for the task. A novel heterogeneous neural network is presented to aggregate multi-grained information. Experimental results demonstrate that our proposed approach reaches higher performance than baselines.",0,we focus on the task of stock market prediction based on financial text which contains information that could influence the movement of stock market previous works mainly utilize a single semantic unit of financial text such as words events sentences to predict the tendency of stock market however the interaction of differentgrained information within financial text can be useful for context knowledge supplement and predictive information selection and then improve the performance of stock market prediction to facilitate this we propose constructing a heterogeneous graph with differentgrained information nodes from financial text for the task a novel heterogeneous neural network is presented to aggregate multigrained information experimental results demonstrate that our proposed approach reaches higher performance than baselines
10.1109/iconip.2002.1198203,"In this paper, we present the realization of backpropagation on Altera FLEX10K FPGA device for stock market prediction utilizing the parallelism that exists in the neural network architecture. This approach provides an increased speed of convergence of the network and accuracy for the stock market forecast. The stock market prediction neural network architecture comprises of three layers, input layer, hidden layer and output layer. There are three neurons in the input layer, two neurons in the hidden layer and one neuron in the output layer. Sigmoid transfer function is used for hidden layer and output layer neuron. Neuron for each of the backpropagation layer is modeled individually using behavioral VHDL. The layers are then connected using structural VHDL. This is followed by the timing analysis and circuit synthesis for the validation, functionality and performance of the designated circuit which supports the practicality, advantages and effectiveness of the proposed hardware realization for the applications.",0,in this paper we present the realization of backpropagation on altera flex k fpga device for stock market prediction utilizing the parallelism that exists in the neural network architecture this approach provides an increased speed of convergence of the network and accuracy for the stock market forecast the stock market prediction neural network architecture comprises of three layers input layer hidden layer and output layer there are three neurons in the input layer two neurons in the hidden layer and one neuron in the output layer sigmoid transfer function is used for hidden layer and output layer neuron neuron for each of the backpropagation layer is modeled individually using behavioral vhdl the layers are then connected using structural vhdl this is followed by the timing analysis and circuit synthesis for the validation functionality and performance of the designated circuit which supports the practicality advantages and effectiveness of the proposed hardware realization for the applications
10.1109/besc.2015.7365968,"Stock market prediction focus on developing approaches to determine the future price of a stock or other financial product. The key task of stock market prediction is to determine the timing for the buying or selling of stock, undoubtedly, it is very difficult due to the high volatility and nonlinear relationships driven by short-term fluctuations in investment demand. In this work, we address this problem by adopting the Cox's hazard model to predict a stock's future rising or dropping probabilities. Specifically, we define the problem of Buy-and-Sell-Point Prediction from the survival analysis perspective. The Cox's hazard model is proposed as the model of choice for this prediction problem due to several reasons including the ability to model the dynamics in the stock movement, and to easily incorporate different types of technical indexes as covariates. In the experiment, we apply the trained model for the stock market forecasting on six stocks in Shanghai Stock Exchange. The results show that the proposed model is superior to several baseline models in terms of accuracy, and the stock return evaluations have revealed that the profits produced by the proposed model are higher.",0,stock market prediction focus on developing approaches to determine the future price of a stock or other financial product the key task of stock market prediction is to determine the timing for the buying or selling of stock undoubtedly it is very difficult due to the high volatility and nonlinear relationships driven by shortterm fluctuations in investment demand in this work we address this problem by adopting the coxs hazard model to predict a stocks future rising or dropping probabilities specifically we define the problem of buyandsellpoint prediction from the survival analysis perspective the coxs hazard model is proposed as the model of choice for this prediction problem due to several reasons including the ability to model the dynamics in the stock movement and to easily incorporate different types of technical indexes as covariates in the experiment we apply the trained model for the stock market forecasting on six stocks in shanghai stock exchange the results show that the proposed model is superior to several baseline models in terms of accuracy and the stock return evaluations have revealed that the profits produced by the proposed model are higher
10.1142/s0219622023500116,"Stock market is a significant element of economic market. Accurate forecasting of stock market is very helpful to shareholders because future prediction of a stock value will elevate the profits of investors. The data acquired from the stock market is a time-series data, in which the values of the stock prices are inherently varied with respect to time. Due to its complexity nature and nonlinearity characteristics, the prediction of stock market becomes very difficult and still it remains a challenging task. In order to cope up with such limitation, this research proposes an effective strategy called Deep Recurrent Rider LSTM to provide an accurate detection of stock market values. The accurate forecasting of stock market is carried out with two classifiers, namely Rider Deep Long Short-Term Memory (Rider Deep LSTM) and Deep Recurrent Neural Network (Deep RNN). The Rider Deep LSTM is derived by the integration of Rider concept with Deep LSTM, whereas the Deep RNN is trained using the proposed Shuffled Crow Search Optimization (SCSO). Moreover, the SCSO is derived by the integration of Shuffled Shepherd Optimization (SSO) algorithm and Crow Search Algorithm (CSA). Finally, the predicted output is determined based on the error condition. Furthermore, the proposed Deep Recurrent Rider LSTM achieved the MSE and RMSE of 0.018 and 0.132 that shows higher performance with better accuracy. The stock market prediction using the proposed classification model is accurate and improves the effectiveness of the classification.",0,stock market is a significant element of economic market accurate forecasting of stock market is very helpful to shareholders because future prediction of a stock value will elevate the profits of investors the data acquired from the stock market is a timeseries data in which the values of the stock prices are inherently varied with respect to time due to its complexity nature and nonlinearity characteristics the prediction of stock market becomes very difficult and still it remains a challenging task in order to cope up with such limitation this research proposes an effective strategy called deep recurrent rider lstm to provide an accurate detection of stock market values the accurate forecasting of stock market is carried out with two classifiers namely rider deep long shortterm memory rider deep lstm and deep recurrent neural network deep rnn the rider deep lstm is derived by the integration of rider concept with deep lstm whereas the deep rnn is trained using the proposed shuffled crow search optimization scso moreover the scso is derived by the integration of shuffled shepherd optimization sso algorithm and crow search algorithm csa finally the predicted output is determined based on the error condition furthermore the proposed deep recurrent rider lstm achieved the mse and rmse of and that shows higher performance with better accuracy the stock market prediction using the proposed classification model is accurate and improves the effectiveness of the classification
10.22214/ijraset.2022.41159,"Abstract: Stock market is very uncertain and highly volatile as the prices of stocks keep fluctuating due to several factors that make prediction of stocks a very difficult and complicated task. In the finance and trading world stock analysis and trading is a method for investors and traders to make buying and selling decisions. Investors and traders try to gain an edge in the markets by taking informed decisions by studying and evaluating past and current data. Stock market prediction has always been an important research topic in the financial and trading field [2]. Prediction of stock market is the act of trying to determine the future value of a company stock (nifty &amp; sensex) or other financial instrument traded on an exchange. Our project explains the prediction of a stock using Machine Learning, which itself employs different models to make prediction easier and authentic. The paper focuses on the use of Recurrent Neural Networks (RNN) called Long Short Term Memory (LSTM) to predict stock values. This will help us provide more accurate results when compared to existing stock price prediction algorithms. The eminent analysis of the stock will be an asset for the stock market investors and will provide real-life solutions to the problems and also yield significant profit. Keywords: Stock Price Prediction, Machine Learning, Long Short-Term Memory, Recurrent Neural Networks",0,abstract stock market is very uncertain and highly volatile as the prices of stocks keep fluctuating due to several factors that make prediction of stocks a very difficult and complicated task in the finance and trading world stock analysis and trading is a method for investors and traders to make buying and selling decisions investors and traders try to gain an edge in the markets by taking informed decisions by studying and evaluating past and current data stock market prediction has always been an important research topic in the financial and trading field prediction of stock market is the act of trying to determine the future value of a company stock nifty amp sensex or other financial instrument traded on an exchange our project explains the prediction of a stock using machine learning which itself employs different models to make prediction easier and authentic the paper focuses on the use of recurrent neural networks rnn called long short term memory lstm to predict stock values this will help us provide more accurate results when compared to existing stock price prediction algorithms the eminent analysis of the stock will be an asset for the stock market investors and will provide reallife solutions to the problems and also yield significant profit keywords stock price prediction machine learning long shortterm memory recurrent neural networks
10.1109/tla.2020.9082218,"With the advancement of various computational techniques and the growing search for assertive predictive models, computational intelligence methods have attracted much attention. They are data-based methodologies and mainly include fuzzy logic, artificial neural networks and evolutionary computation. In the economic environment, more specifically, in the stock market forecast, where there is the challenge of the time series volatility, these methods have stood out. In this context, the objective of this paper is to present a systematic review of the literature on recent research involving forecasting techniques in the stock market, and the computational intelligence were the ones that stood out. To define these techniques, articles were collected from four large databases and a keyword filter was applied, which reduced the initial volume. So we selected the articles from the most published journals and remove duplicated articles. The most articles applied hybrid models and for the selection of featured techniques were choose those most frequent ones. A brief description was also made of the most used methods as well as of the selected articles. The review was done with articles published between the years 2014 and 2018 taken from four databases and, after some selection criteria, 24 articles were selected by relation to the subject studied.",0,with the advancement of various computational techniques and the growing search for assertive predictive models computational intelligence methods have attracted much attention they are databased methodologies and mainly include fuzzy logic artificial neural networks and evolutionary computation in the economic environment more specifically in the stock market forecast where there is the challenge of the time series volatility these methods have stood out in this context the objective of this paper is to present a systematic review of the literature on recent research involving forecasting techniques in the stock market and the computational intelligence were the ones that stood out to define these techniques articles were collected from four large databases and a keyword filter was applied which reduced the initial volume so we selected the articles from the most published journals and remove duplicated articles the most articles applied hybrid models and for the selection of featured techniques were choose those most frequent ones a brief description was also made of the most used methods as well as of the selected articles the review was done with articles published between the years and taken from four databases and after some selection criteria articles were selected by relation to the subject studied
10.61549/ijfsem.v2i2.111,"Financial markets play an essential role in developing modern society and enabling the deployment of economic resources. This study focuses on predicting stock prices using deep learning models. In particular, the daily closing prices of two different stocks from the Casablanca Stock Market Viz Bank of Africa and Itissalat Al-Maghrib (IAM) are considered. The datasets were pre-processed and passed through the Long Short-Term Memory (LSTM), Multi-Layer Perceptron (MLP), and Convolutional Neural Networks (CNN) models. The models’ performances were compared based on the performance evaluation metrics, viz: mean squared error (MSE) and root mean squared error (RMSE) and Mean Absolute Error (MAE). The paper proposes a novel hybrid model. The hybrid design of the model improves its predictive power as the results of the Hybrid network performance surpassed all the other models.",0,financial markets play an essential role in developing modern society and enabling the deployment of economic resources this study focuses on predicting stock prices using deep learning models in particular the daily closing prices of two different stocks from the casablanca stock market viz bank of africa and itissalat almaghrib iam are considered the datasets were preprocessed and passed through the long shortterm memory lstm multilayer perceptron mlp and convolutional neural networks cnn models the models’ performances were compared based on the performance evaluation metrics viz mean squared error mse and root mean squared error rmse and mean absolute error mae the paper proposes a novel hybrid model the hybrid design of the model improves its predictive power as the results of the hybrid network performance surpassed all the other models
10.1109/tencon50793.2020.9293712,"In this paper, we predict the stock prices of five companies listed on India's National Stock Exchange (NSE) using two models- the Long Short Term Memory (LSTM) model and the Generative Adversarial Network (GAN) model with LSTM as the generator and a simple dense neural network as the discriminant. Both models take the online published historical stock-price data as input and produce the prediction of the closing price for the next trading day. To emulate the thought process of a real trader, our implementation applies the technique of rolling segmentation for the partition of training and testing dataset to examine the effect of different interval partitions on the prediction performance.",0,in this paper we predict the stock prices of five companies listed on indias national stock exchange nse using two models the long short term memory lstm model and the generative adversarial network gan model with lstm as the generator and a simple dense neural network as the discriminant both models take the online published historical stockprice data as input and produce the prediction of the closing price for the next trading day to emulate the thought process of a real trader our implementation applies the technique of rolling segmentation for the partition of training and testing dataset to examine the effect of different interval partitions on the prediction performance
